
*** Running vivado
    with args -log Top_Student.vds -m64 -product Vivado -mode batch -messageDb vivado.pb -notrace -source Top_Student.tcl


****** Vivado v2018.2 (64-bit)
  **** SW Build 2258646 on Thu Jun 14 20:03:12 MDT 2018
  **** IP Build 2256618 on Thu Jun 14 22:10:49 MDT 2018
    ** Copyright 1986-2018 Xilinx, Inc. All Rights Reserved.

source Top_Student.tcl -notrace
Command: synth_design -top Top_Student -part xc7a35tcpg236-1
Starting synth_design
Attempting to get a license for feature 'Synthesis' and/or device 'xc7a35t'
INFO: [Common 17-349] Got license for feature 'Synthesis' and/or device 'xc7a35t'
INFO: Launching helper process for spawning children vivado processes
INFO: Helper process launched with PID 19060 
WARNING: [Synth 8-976] YELLOW has already been declared [C:/Users/cyber/Desktop/Kashfy-EE2026-Vivado/MODS/MODS.srcs/sources_1/new/make_square.v:134]
WARNING: [Synth 8-2654] second declaration of YELLOW ignored [C:/Users/cyber/Desktop/Kashfy-EE2026-Vivado/MODS/MODS.srcs/sources_1/new/make_square.v:134]
INFO: [Synth 8-994] YELLOW is declared here [C:/Users/cyber/Desktop/Kashfy-EE2026-Vivado/MODS/MODS.srcs/sources_1/new/make_square.v:130]
---------------------------------------------------------------------------------
Starting RTL Elaboration : Time (s): cpu = 00:00:01 ; elapsed = 00:00:02 . Memory (MB): peak = 371.770 ; gain = 111.738
---------------------------------------------------------------------------------
INFO: [Synth 8-6157] synthesizing module 'Top_Student' [C:/Users/cyber/Desktop/Kashfy-EE2026-Vivado/MODS/MODS.srcs/sources_1/new/Top_Student.v:14]
INFO: [Synth 8-6157] synthesizing module 'flexy_clock' [C:/Users/cyber/Desktop/Kashfy-EE2026-Vivado/MODS/MODS.srcs/sources_1/new/flexy_clock.v:23]
INFO: [Synth 8-6155] done synthesizing module 'flexy_clock' (1#1) [C:/Users/cyber/Desktop/Kashfy-EE2026-Vivado/MODS/MODS.srcs/sources_1/new/flexy_clock.v:23]
INFO: [Synth 8-6157] synthesizing module 'direction_mux' [C:/Users/cyber/Desktop/Kashfy-EE2026-Vivado/MODS/MODS.srcs/sources_1/new/direction_mux.v:23]
INFO: [Synth 8-6155] done synthesizing module 'direction_mux' (2#1) [C:/Users/cyber/Desktop/Kashfy-EE2026-Vivado/MODS/MODS.srcs/sources_1/new/direction_mux.v:23]
INFO: [Synth 8-6157] synthesizing module 'animate' [C:/Users/cyber/Desktop/Kashfy-EE2026-Vivado/MODS/MODS.srcs/sources_1/new/animate.v:23]
WARNING: [Synth 8-311] ignoring non-constant assignment in initial block [C:/Users/cyber/Desktop/Kashfy-EE2026-Vivado/MODS/MODS.srcs/sources_1/new/animate.v:42]
WARNING: [Synth 8-311] ignoring non-constant assignment in initial block [C:/Users/cyber/Desktop/Kashfy-EE2026-Vivado/MODS/MODS.srcs/sources_1/new/animate.v:43]
WARNING: [Synth 8-6014] Unused sequential element x_increment_reg was removed.  [C:/Users/cyber/Desktop/Kashfy-EE2026-Vivado/MODS/MODS.srcs/sources_1/new/animate.v:69]
INFO: [Synth 8-6155] done synthesizing module 'animate' (3#1) [C:/Users/cyber/Desktop/Kashfy-EE2026-Vivado/MODS/MODS.srcs/sources_1/new/animate.v:23]
WARNING: [Synth 8-689] width (4) of port connection 'sq_width' does not match port width (7) of module 'animate' [C:/Users/cyber/Desktop/Kashfy-EE2026-Vivado/MODS/MODS.srcs/sources_1/new/Top_Student.v:76]
WARNING: [Synth 8-689] width (4) of port connection 'sq_height' does not match port width (7) of module 'animate' [C:/Users/cyber/Desktop/Kashfy-EE2026-Vivado/MODS/MODS.srcs/sources_1/new/Top_Student.v:76]
WARNING: [Synth 8-689] width (1) of port connection 'reset' does not match port width (7) of module 'animate' [C:/Users/cyber/Desktop/Kashfy-EE2026-Vivado/MODS/MODS.srcs/sources_1/new/Top_Student.v:79]
WARNING: [Synth 8-350] instance 'animate_hero' of module 'animate' requires 29 connections, but only 21 given [C:/Users/cyber/Desktop/Kashfy-EE2026-Vivado/MODS/MODS.srcs/sources_1/new/Top_Student.v:75]
INFO: [Synth 8-6157] synthesizing module 'hero_damage' [C:/Users/cyber/Desktop/Kashfy-EE2026-Vivado/MODS/MODS.srcs/sources_1/new/hero_damage.v:23]
INFO: [Synth 8-6155] done synthesizing module 'hero_damage' (4#1) [C:/Users/cyber/Desktop/Kashfy-EE2026-Vivado/MODS/MODS.srcs/sources_1/new/hero_damage.v:23]
INFO: [Synth 8-6157] synthesizing module 'touch_muff' [C:/Users/cyber/Desktop/Kashfy-EE2026-Vivado/MODS/MODS.srcs/sources_1/new/touch_muff.v:23]
WARNING: [Synth 8-311] ignoring non-constant assignment in initial block [C:/Users/cyber/Desktop/Kashfy-EE2026-Vivado/MODS/MODS.srcs/sources_1/new/touch_muff.v:36]
WARNING: [Synth 8-6014] Unused sequential element muff_count_reg was removed.  [C:/Users/cyber/Desktop/Kashfy-EE2026-Vivado/MODS/MODS.srcs/sources_1/new/touch_muff.v:42]
INFO: [Synth 8-6155] done synthesizing module 'touch_muff' (5#1) [C:/Users/cyber/Desktop/Kashfy-EE2026-Vivado/MODS/MODS.srcs/sources_1/new/touch_muff.v:23]
INFO: [Synth 8-6157] synthesizing module 'projectile_animate' [C:/Users/cyber/Desktop/Kashfy-EE2026-Vivado/MODS/MODS.srcs/sources_1/new/projectile_animate.v:23]
WARNING: [Synth 8-6014] Unused sequential element y_increment_reg was removed.  [C:/Users/cyber/Desktop/Kashfy-EE2026-Vivado/MODS/MODS.srcs/sources_1/new/projectile_animate.v:62]
INFO: [Synth 8-6155] done synthesizing module 'projectile_animate' (6#1) [C:/Users/cyber/Desktop/Kashfy-EE2026-Vivado/MODS/MODS.srcs/sources_1/new/projectile_animate.v:23]
WARNING: [Synth 8-689] width (4) of port connection 'sq_width' does not match port width (7) of module 'projectile_animate' [C:/Users/cyber/Desktop/Kashfy-EE2026-Vivado/MODS/MODS.srcs/sources_1/new/Top_Student.v:92]
WARNING: [Synth 8-689] width (4) of port connection 'sq_height' does not match port width (7) of module 'projectile_animate' [C:/Users/cyber/Desktop/Kashfy-EE2026-Vivado/MODS/MODS.srcs/sources_1/new/Top_Student.v:92]
WARNING: [Synth 8-689] width (1) of port connection 'reset' does not match port width (7) of module 'projectile_animate' [C:/Users/cyber/Desktop/Kashfy-EE2026-Vivado/MODS/MODS.srcs/sources_1/new/Top_Student.v:95]
INFO: [Synth 8-6157] synthesizing module 'enimate' [C:/Users/cyber/Desktop/Kashfy-EE2026-Vivado/MODS/MODS.srcs/sources_1/new/enimate.v:23]
WARNING: [Synth 8-6014] Unused sequential element x_increment_reg was removed.  [C:/Users/cyber/Desktop/Kashfy-EE2026-Vivado/MODS/MODS.srcs/sources_1/new/enimate.v:66]
WARNING: [Synth 8-6014] Unused sequential element y_increment_reg was removed.  [C:/Users/cyber/Desktop/Kashfy-EE2026-Vivado/MODS/MODS.srcs/sources_1/new/enimate.v:67]
INFO: [Synth 8-6155] done synthesizing module 'enimate' (7#1) [C:/Users/cyber/Desktop/Kashfy-EE2026-Vivado/MODS/MODS.srcs/sources_1/new/enimate.v:23]
WARNING: [Synth 8-689] width (4) of port connection 'sq_width' does not match port width (7) of module 'enimate' [C:/Users/cyber/Desktop/Kashfy-EE2026-Vivado/MODS/MODS.srcs/sources_1/new/Top_Student.v:101]
WARNING: [Synth 8-689] width (4) of port connection 'sq_height' does not match port width (7) of module 'enimate' [C:/Users/cyber/Desktop/Kashfy-EE2026-Vivado/MODS/MODS.srcs/sources_1/new/Top_Student.v:101]
WARNING: [Synth 8-689] width (1) of port connection 'reset' does not match port width (7) of module 'enimate' [C:/Users/cyber/Desktop/Kashfy-EE2026-Vivado/MODS/MODS.srcs/sources_1/new/Top_Student.v:105]
WARNING: [Synth 8-350] instance 'animate_enemy' of module 'enimate' requires 28 connections, but only 24 given [C:/Users/cyber/Desktop/Kashfy-EE2026-Vivado/MODS/MODS.srcs/sources_1/new/Top_Student.v:100]
INFO: [Synth 8-6157] synthesizing module 'muffinimate' [C:/Users/cyber/Desktop/Kashfy-EE2026-Vivado/MODS/MODS.srcs/sources_1/new/muffinimate.v:23]
WARNING: [Synth 8-311] ignoring non-constant assignment in initial block [C:/Users/cyber/Desktop/Kashfy-EE2026-Vivado/MODS/MODS.srcs/sources_1/new/muffinimate.v:41]
WARNING: [Synth 8-311] ignoring non-constant assignment in initial block [C:/Users/cyber/Desktop/Kashfy-EE2026-Vivado/MODS/MODS.srcs/sources_1/new/muffinimate.v:42]
WARNING: [Synth 8-6014] Unused sequential element x_increment_reg was removed.  [C:/Users/cyber/Desktop/Kashfy-EE2026-Vivado/MODS/MODS.srcs/sources_1/new/muffinimate.v:64]
INFO: [Synth 8-6155] done synthesizing module 'muffinimate' (8#1) [C:/Users/cyber/Desktop/Kashfy-EE2026-Vivado/MODS/MODS.srcs/sources_1/new/muffinimate.v:23]
WARNING: [Synth 8-689] width (4) of port connection 'sq_width' does not match port width (7) of module 'muffinimate' [C:/Users/cyber/Desktop/Kashfy-EE2026-Vivado/MODS/MODS.srcs/sources_1/new/Top_Student.v:110]
WARNING: [Synth 8-689] width (4) of port connection 'sq_height' does not match port width (7) of module 'muffinimate' [C:/Users/cyber/Desktop/Kashfy-EE2026-Vivado/MODS/MODS.srcs/sources_1/new/Top_Student.v:110]
WARNING: [Synth 8-689] width (1) of port connection 'reset' does not match port width (7) of module 'muffinimate' [C:/Users/cyber/Desktop/Kashfy-EE2026-Vivado/MODS/MODS.srcs/sources_1/new/Top_Student.v:114]
WARNING: [Synth 8-350] instance 'animate_muffin' of module 'muffinimate' requires 28 connections, but only 24 given [C:/Users/cyber/Desktop/Kashfy-EE2026-Vivado/MODS/MODS.srcs/sources_1/new/Top_Student.v:109]
INFO: [Synth 8-6157] synthesizing module 'make_square' [C:/Users/cyber/Desktop/Kashfy-EE2026-Vivado/MODS/MODS.srcs/sources_1/new/make_square.v:23]
INFO: [Synth 8-6157] synthesizing module 'sprite_1' [C:/Users/cyber/Desktop/Kashfy-EE2026-Vivado/MODS/MODS.srcs/sources_1/new/make_square.v:83]
WARNING: [Synth 8-85] always block has no event control specified [C:/Users/cyber/Desktop/Kashfy-EE2026-Vivado/MODS/MODS.srcs/sources_1/new/make_square.v:92]
INFO: [Synth 8-6155] done synthesizing module 'sprite_1' (9#1) [C:/Users/cyber/Desktop/Kashfy-EE2026-Vivado/MODS/MODS.srcs/sources_1/new/make_square.v:83]
INFO: [Synth 8-6157] synthesizing module 'sprite_2' [C:/Users/cyber/Desktop/Kashfy-EE2026-Vivado/MODS/MODS.srcs/sources_1/new/make_square.v:104]
WARNING: [Synth 8-85] always block has no event control specified [C:/Users/cyber/Desktop/Kashfy-EE2026-Vivado/MODS/MODS.srcs/sources_1/new/make_square.v:113]
INFO: [Synth 8-6155] done synthesizing module 'sprite_2' (10#1) [C:/Users/cyber/Desktop/Kashfy-EE2026-Vivado/MODS/MODS.srcs/sources_1/new/make_square.v:104]
INFO: [Synth 8-6157] synthesizing module 'sprite_3' [C:/Users/cyber/Desktop/Kashfy-EE2026-Vivado/MODS/MODS.srcs/sources_1/new/make_square.v:125]
WARNING: [Synth 8-85] always block has no event control specified [C:/Users/cyber/Desktop/Kashfy-EE2026-Vivado/MODS/MODS.srcs/sources_1/new/make_square.v:155]
INFO: [Synth 8-6155] done synthesizing module 'sprite_3' (11#1) [C:/Users/cyber/Desktop/Kashfy-EE2026-Vivado/MODS/MODS.srcs/sources_1/new/make_square.v:125]
INFO: [Synth 8-6155] done synthesizing module 'make_square' (12#1) [C:/Users/cyber/Desktop/Kashfy-EE2026-Vivado/MODS/MODS.srcs/sources_1/new/make_square.v:23]
INFO: [Synth 8-6157] synthesizing module 'Oled_Display' [C:/Users/cyber/Desktop/Kashfy-EE2026-Vivado/MODS/MODS.srcs/sources_1/imports/Desktop/Oled_Display.v:36]
	Parameter Width bound to: 96 - type: integer 
	Parameter Height bound to: 64 - type: integer 
	Parameter PixelCount bound to: 6144 - type: integer 
	Parameter PixelCountWidth bound to: 13 - type: integer 
	Parameter ClkFreq bound to: 6250000 - type: integer 
	Parameter FrameFreq bound to: 60 - type: integer 
	Parameter FrameDiv bound to: 104166 - type: integer 
	Parameter FrameDivWidth bound to: 17 - type: integer 
	Parameter PowerDelay bound to: 20 - type: integer 
	Parameter ResetDelay bound to: 3 - type: integer 
	Parameter VccEnDelay bound to: 20 - type: integer 
	Parameter StartupCompleteDelay bound to: 100 - type: integer 
	Parameter MaxDelay bound to: 100 - type: integer 
	Parameter MaxDelayCount bound to: 625000 - type: integer 
	Parameter StateCount bound to: 32 - type: integer 
	Parameter StateWidth bound to: 5 - type: integer 
	Parameter PowerUp bound to: 5'b00000 
	Parameter Reset bound to: 5'b00001 
	Parameter ReleaseReset bound to: 5'b00011 
	Parameter EnableDriver bound to: 5'b00010 
	Parameter DisplayOff bound to: 5'b00110 
	Parameter SetRemapDisplayFormat bound to: 5'b00111 
	Parameter SetStartLine bound to: 5'b00101 
	Parameter SetOffset bound to: 5'b00100 
	Parameter SetNormalDisplay bound to: 5'b01100 
	Parameter SetMultiplexRatio bound to: 5'b01101 
	Parameter SetMasterConfiguration bound to: 5'b01111 
	Parameter DisablePowerSave bound to: 5'b01110 
	Parameter SetPhaseAdjust bound to: 5'b01010 
	Parameter SetDisplayClock bound to: 5'b01011 
	Parameter SetSecondPrechargeA bound to: 5'b01001 
	Parameter SetSecondPrechargeB bound to: 5'b01000 
	Parameter SetSecondPrechargeC bound to: 5'b11000 
	Parameter SetPrechargeLevel bound to: 5'b11001 
	Parameter SetVCOMH bound to: 5'b11011 
	Parameter SetMasterCurrent bound to: 5'b11010 
	Parameter SetContrastA bound to: 5'b11110 
	Parameter SetContrastB bound to: 5'b11111 
	Parameter SetContrastC bound to: 5'b11101 
	Parameter DisableScrolling bound to: 5'b11100 
	Parameter ClearScreen bound to: 5'b10100 
	Parameter VccEn bound to: 5'b10101 
	Parameter DisplayOn bound to: 5'b10111 
	Parameter PrepareNextFrame bound to: 5'b10110 
	Parameter SetColAddress bound to: 5'b10010 
	Parameter SetRowAddress bound to: 5'b10011 
	Parameter WaitNextFrame bound to: 5'b10001 
	Parameter SendPixel bound to: 5'b10000 
	Parameter SpiCommandMaxWidth bound to: 40 - type: integer 
	Parameter SpiCommandBitCountWidth bound to: 6 - type: integer 
INFO: [Synth 8-226] default block is never used [C:/Users/cyber/Desktop/Kashfy-EE2026-Vivado/MODS/MODS.srcs/sources_1/imports/Desktop/Oled_Display.v:123]
INFO: [Synth 8-226] default block is never used [C:/Users/cyber/Desktop/Kashfy-EE2026-Vivado/MODS/MODS.srcs/sources_1/imports/Desktop/Oled_Display.v:198]
WARNING: [Synth 8-693] zero replication count - replication ignored [C:/Users/cyber/Desktop/Kashfy-EE2026-Vivado/MODS/MODS.srcs/sources_1/imports/Desktop/Oled_Display.v:346]
INFO: [Synth 8-6155] done synthesizing module 'Oled_Display' (13#1) [C:/Users/cyber/Desktop/Kashfy-EE2026-Vivado/MODS/MODS.srcs/sources_1/imports/Desktop/Oled_Display.v:36]
INFO: [Synth 8-6155] done synthesizing module 'Top_Student' (14#1) [C:/Users/cyber/Desktop/Kashfy-EE2026-Vivado/MODS/MODS.srcs/sources_1/new/Top_Student.v:14]
WARNING: [Synth 8-3331] design sprite_3 has unconnected port y_oled[6]
WARNING: [Synth 8-3331] design sprite_3 has unconnected port y_oled[5]
WARNING: [Synth 8-3331] design sprite_3 has unconnected port y_oled[4]
WARNING: [Synth 8-3331] design sprite_3 has unconnected port y_oled[3]
WARNING: [Synth 8-3331] design sprite_3 has unconnected port y_oled[2]
WARNING: [Synth 8-3331] design sprite_3 has unconnected port y_oled[1]
WARNING: [Synth 8-3331] design sprite_3 has unconnected port y_oled[0]
WARNING: [Synth 8-3331] design sprite_3 has unconnected port y_ref[6]
WARNING: [Synth 8-3331] design sprite_3 has unconnected port y_ref[5]
WARNING: [Synth 8-3331] design sprite_3 has unconnected port y_ref[4]
WARNING: [Synth 8-3331] design sprite_3 has unconnected port y_ref[3]
WARNING: [Synth 8-3331] design sprite_3 has unconnected port y_ref[2]
WARNING: [Synth 8-3331] design sprite_3 has unconnected port y_ref[1]
WARNING: [Synth 8-3331] design sprite_3 has unconnected port y_ref[0]
WARNING: [Synth 8-3331] design sprite_3 has unconnected port sprite_height[6]
WARNING: [Synth 8-3331] design sprite_3 has unconnected port sprite_height[5]
WARNING: [Synth 8-3331] design sprite_3 has unconnected port sprite_height[4]
WARNING: [Synth 8-3331] design sprite_3 has unconnected port sprite_height[3]
WARNING: [Synth 8-3331] design sprite_3 has unconnected port sprite_height[2]
WARNING: [Synth 8-3331] design sprite_3 has unconnected port sprite_height[1]
WARNING: [Synth 8-3331] design sprite_3 has unconnected port sprite_height[0]
WARNING: [Synth 8-3331] design sprite_2 has unconnected port y_oled[6]
WARNING: [Synth 8-3331] design sprite_2 has unconnected port y_oled[5]
WARNING: [Synth 8-3331] design sprite_2 has unconnected port y_oled[4]
WARNING: [Synth 8-3331] design sprite_2 has unconnected port y_oled[3]
WARNING: [Synth 8-3331] design sprite_2 has unconnected port y_oled[2]
WARNING: [Synth 8-3331] design sprite_2 has unconnected port y_oled[1]
WARNING: [Synth 8-3331] design sprite_2 has unconnected port y_oled[0]
WARNING: [Synth 8-3331] design sprite_2 has unconnected port y_ref[6]
WARNING: [Synth 8-3331] design sprite_2 has unconnected port y_ref[5]
WARNING: [Synth 8-3331] design sprite_2 has unconnected port y_ref[4]
WARNING: [Synth 8-3331] design sprite_2 has unconnected port y_ref[3]
WARNING: [Synth 8-3331] design sprite_2 has unconnected port y_ref[2]
WARNING: [Synth 8-3331] design sprite_2 has unconnected port y_ref[1]
WARNING: [Synth 8-3331] design sprite_2 has unconnected port y_ref[0]
WARNING: [Synth 8-3331] design sprite_2 has unconnected port sprite_height[6]
WARNING: [Synth 8-3331] design sprite_2 has unconnected port sprite_height[5]
WARNING: [Synth 8-3331] design sprite_2 has unconnected port sprite_height[4]
WARNING: [Synth 8-3331] design sprite_2 has unconnected port sprite_height[3]
WARNING: [Synth 8-3331] design sprite_2 has unconnected port sprite_height[2]
WARNING: [Synth 8-3331] design sprite_2 has unconnected port sprite_height[1]
WARNING: [Synth 8-3331] design sprite_2 has unconnected port sprite_height[0]
WARNING: [Synth 8-3331] design sprite_1 has unconnected port x_oled[6]
WARNING: [Synth 8-3331] design sprite_1 has unconnected port x_oled[5]
WARNING: [Synth 8-3331] design sprite_1 has unconnected port x_oled[4]
WARNING: [Synth 8-3331] design sprite_1 has unconnected port x_oled[3]
WARNING: [Synth 8-3331] design sprite_1 has unconnected port x_oled[2]
WARNING: [Synth 8-3331] design sprite_1 has unconnected port x_oled[1]
WARNING: [Synth 8-3331] design sprite_1 has unconnected port x_oled[0]
WARNING: [Synth 8-3331] design sprite_1 has unconnected port x_ref[6]
WARNING: [Synth 8-3331] design sprite_1 has unconnected port x_ref[5]
WARNING: [Synth 8-3331] design sprite_1 has unconnected port x_ref[4]
WARNING: [Synth 8-3331] design sprite_1 has unconnected port x_ref[3]
WARNING: [Synth 8-3331] design sprite_1 has unconnected port x_ref[2]
WARNING: [Synth 8-3331] design sprite_1 has unconnected port x_ref[1]
WARNING: [Synth 8-3331] design sprite_1 has unconnected port x_ref[0]
WARNING: [Synth 8-3331] design sprite_1 has unconnected port sprite_width[6]
WARNING: [Synth 8-3331] design sprite_1 has unconnected port sprite_width[5]
WARNING: [Synth 8-3331] design sprite_1 has unconnected port sprite_width[4]
WARNING: [Synth 8-3331] design sprite_1 has unconnected port sprite_width[3]
WARNING: [Synth 8-3331] design sprite_1 has unconnected port sprite_width[2]
WARNING: [Synth 8-3331] design sprite_1 has unconnected port sprite_width[1]
WARNING: [Synth 8-3331] design sprite_1 has unconnected port sprite_width[0]
WARNING: [Synth 8-3331] design make_square has unconnected port sprite_no[3]
WARNING: [Synth 8-3331] design make_square has unconnected port sprite_no[2]
WARNING: [Synth 8-3331] design make_square has unconnected port sprite_no[1]
WARNING: [Synth 8-3331] design make_square has unconnected port sprite_no[0]
WARNING: [Synth 8-3331] design make_square has unconnected port sq_colour[15]
WARNING: [Synth 8-3331] design make_square has unconnected port sq_colour[14]
WARNING: [Synth 8-3331] design make_square has unconnected port sq_colour[13]
WARNING: [Synth 8-3331] design make_square has unconnected port sq_colour[12]
WARNING: [Synth 8-3331] design make_square has unconnected port sq_colour[11]
WARNING: [Synth 8-3331] design make_square has unconnected port sq_colour[10]
WARNING: [Synth 8-3331] design make_square has unconnected port sq_colour[9]
WARNING: [Synth 8-3331] design make_square has unconnected port sq_colour[8]
WARNING: [Synth 8-3331] design make_square has unconnected port sq_colour[7]
WARNING: [Synth 8-3331] design make_square has unconnected port sq_colour[6]
WARNING: [Synth 8-3331] design make_square has unconnected port sq_colour[5]
WARNING: [Synth 8-3331] design make_square has unconnected port sq_colour[4]
WARNING: [Synth 8-3331] design make_square has unconnected port sq_colour[3]
WARNING: [Synth 8-3331] design make_square has unconnected port sq_colour[2]
WARNING: [Synth 8-3331] design make_square has unconnected port sq_colour[1]
WARNING: [Synth 8-3331] design make_square has unconnected port sq_colour[0]
WARNING: [Synth 8-3331] design make_square has unconnected port sq_colour2[15]
WARNING: [Synth 8-3331] design make_square has unconnected port sq_colour2[14]
WARNING: [Synth 8-3331] design make_square has unconnected port sq_colour2[13]
WARNING: [Synth 8-3331] design make_square has unconnected port sq_colour2[12]
WARNING: [Synth 8-3331] design make_square has unconnected port sq_colour2[11]
WARNING: [Synth 8-3331] design make_square has unconnected port sq_colour2[10]
WARNING: [Synth 8-3331] design make_square has unconnected port sq_colour2[9]
WARNING: [Synth 8-3331] design make_square has unconnected port sq_colour2[8]
WARNING: [Synth 8-3331] design make_square has unconnected port sq_colour2[7]
WARNING: [Synth 8-3331] design make_square has unconnected port sq_colour2[6]
WARNING: [Synth 8-3331] design make_square has unconnected port sq_colour2[5]
WARNING: [Synth 8-3331] design make_square has unconnected port sq_colour2[4]
WARNING: [Synth 8-3331] design make_square has unconnected port sq_colour2[3]
WARNING: [Synth 8-3331] design make_square has unconnected port sq_colour2[2]
WARNING: [Synth 8-3331] design make_square has unconnected port sq_colour2[1]
WARNING: [Synth 8-3331] design make_square has unconnected port sq_colour2[0]
WARNING: [Synth 8-3331] design make_square has unconnected port sq_colour3[15]
INFO: [Common 17-14] Message 'Synth 8-3331' appears 100 times and further instances of the messages will be disabled. Use the Tcl command set_msg_config to change the current settings.
---------------------------------------------------------------------------------
Finished RTL Elaboration : Time (s): cpu = 00:00:01 ; elapsed = 00:00:03 . Memory (MB): peak = 413.555 ; gain = 153.523
---------------------------------------------------------------------------------

Report Check Netlist: 
+------+------------------+-------+---------+-------+------------------+
|      |Item              |Errors |Warnings |Status |Description       |
+------+------------------+-------+---------+-------+------------------+
|1     |multi_driven_nets |      0|        0|Passed |Multi driven nets |
+------+------------------+-------+---------+-------+------------------+
---------------------------------------------------------------------------------
Start Handling Custom Attributes
---------------------------------------------------------------------------------
---------------------------------------------------------------------------------
Finished Handling Custom Attributes : Time (s): cpu = 00:00:01 ; elapsed = 00:00:03 . Memory (MB): peak = 413.555 ; gain = 153.523
---------------------------------------------------------------------------------
---------------------------------------------------------------------------------
Finished RTL Optimization Phase 1 : Time (s): cpu = 00:00:01 ; elapsed = 00:00:03 . Memory (MB): peak = 413.555 ; gain = 153.523
---------------------------------------------------------------------------------
INFO: [Device 21-403] Loading part xc7a35tcpg236-1
INFO: [Project 1-570] Preparing netlist for logic optimization

Processing XDC Constraints
Initializing timing engine
Parsing XDC File [C:/Users/cyber/Desktop/Kashfy-EE2026-Vivado/MODS/MODS.srcs/constrs_1/new/konstrens.xdc]
WARNING: [Vivado 12-584] No ports matched 'PS2Clk'. [C:/Users/cyber/Desktop/Kashfy-EE2026-Vivado/MODS/MODS.srcs/constrs_1/new/konstrens.xdc:138]
CRITICAL WARNING: [Common 17-55] 'set_property' expects at least one object. [C:/Users/cyber/Desktop/Kashfy-EE2026-Vivado/MODS/MODS.srcs/constrs_1/new/konstrens.xdc:138]
Resolution: If [get_<value>] was used to populate the object, check to make sure this command returns at least one valid object.
WARNING: [Vivado 12-584] No ports matched 'PS2Data'. [C:/Users/cyber/Desktop/Kashfy-EE2026-Vivado/MODS/MODS.srcs/constrs_1/new/konstrens.xdc:139]
CRITICAL WARNING: [Common 17-55] 'set_property' expects at least one object. [C:/Users/cyber/Desktop/Kashfy-EE2026-Vivado/MODS/MODS.srcs/constrs_1/new/konstrens.xdc:139]
Resolution: If [get_<value>] was used to populate the object, check to make sure this command returns at least one valid object.
Finished Parsing XDC File [C:/Users/cyber/Desktop/Kashfy-EE2026-Vivado/MODS/MODS.srcs/constrs_1/new/konstrens.xdc]
INFO: [Project 1-236] Implementation specific constraints were found while reading constraint file [C:/Users/cyber/Desktop/Kashfy-EE2026-Vivado/MODS/MODS.srcs/constrs_1/new/konstrens.xdc]. These constraints will be ignored for synthesis but will be used in implementation. Impacted constraints are listed in the file [.Xil/Top_Student_propImpl.xdc].
Resolution: To avoid this warning, move constraints listed in [.Xil/Top_Student_propImpl.xdc] to another XDC file and exclude this new file from synthesis with the used_in_synthesis property (File Properties dialog in GUI) and re-run elaboration/synthesis.
Completed Processing XDC Constraints

INFO: [Project 1-111] Unisim Transformation Summary:
No Unisim elements were transformed.

Constraint Validation Runtime : Time (s): cpu = 00:00:00 ; elapsed = 00:00:00.006 . Memory (MB): peak = 761.566 ; gain = 0.000
---------------------------------------------------------------------------------
Finished Constraint Validation : Time (s): cpu = 00:00:05 ; elapsed = 00:00:12 . Memory (MB): peak = 761.566 ; gain = 501.535
---------------------------------------------------------------------------------
---------------------------------------------------------------------------------
Start Loading Part and Timing Information
---------------------------------------------------------------------------------
Loading part: xc7a35tcpg236-1
---------------------------------------------------------------------------------
Finished Loading Part and Timing Information : Time (s): cpu = 00:00:05 ; elapsed = 00:00:12 . Memory (MB): peak = 761.566 ; gain = 501.535
---------------------------------------------------------------------------------
---------------------------------------------------------------------------------
Start Applying 'set_property' XDC Constraints
---------------------------------------------------------------------------------
---------------------------------------------------------------------------------
Finished applying 'set_property' XDC Constraints : Time (s): cpu = 00:00:05 ; elapsed = 00:00:12 . Memory (MB): peak = 761.566 ; gain = 501.535
---------------------------------------------------------------------------------
INFO: [Synth 8-5545] ROM "slow_clk0" won't be mapped to RAM because address size (32) is larger than maximum supported(25)
INFO: [Synth 8-5546] ROM "is_y_stat0" won't be mapped to RAM because it is too sparse
INFO: [Synth 8-5546] ROM "is_y_stat0" won't be mapped to RAM because it is too sparse
INFO: [Synth 8-5544] ROM "sprite_no" won't be mapped to Block RAM because address size (1) smaller than threshold (5)
INFO: [Synth 8-5546] ROM "is_y_stat0" won't be mapped to RAM because it is too sparse
INFO: [Synth 8-5546] ROM "is_y_stat0" won't be mapped to RAM because it is too sparse
INFO: [Synth 8-5546] ROM "stop_falling" won't be mapped to RAM because it is too sparse
INFO: [Synth 8-5546] ROM "stop_falling" won't be mapped to RAM because it is too sparse
INFO: [Synth 8-802] inferred FSM for state register 'state_reg' in module 'Oled_Display'
INFO: [Synth 8-5546] ROM "fsm_next_state0" won't be mapped to RAM because it is too sparse
INFO: [Synth 8-5544] ROM "fsm_next_state0" won't be mapped to Block RAM because address size (1) smaller than threshold (5)
INFO: [Synth 8-5546] ROM "fsm_next_state0" won't be mapped to RAM because it is too sparse
---------------------------------------------------------------------------------------------------
                   State |                     New Encoding |                Previous Encoding 
---------------------------------------------------------------------------------------------------
                 PowerUp | 00000000100000000000000000000000 |                            00000
                   Reset | 00000000000100000000000000000000 |                            00001
            ReleaseReset | 00000000000000000000100000000000 |                            00011
            EnableDriver | 00000000000000000001000000000000 |                            00010
              DisplayOff | 00000000000000000100000000000000 |                            00110
   SetRemapDisplayFormat | 00000100000000000000000000000000 |                            00111
            SetStartLine | 00001000000000000000000000000000 |                            00101
               SetOffset | 10000000000000000000000000000000 |                            00100
        SetNormalDisplay | 00000000000000000000000010000000 |                            01100
       SetMultiplexRatio | 00000000000000000000000000100000 |                            01101
  SetMasterConfiguration | 00000000000000000000000001000000 |                            01111
        DisablePowerSave | 00000000000000000000000000000100 |                            01110
          SetPhaseAdjust | 00000000000000000000000000001000 |                            01010
         SetDisplayClock | 00000000001000000000000000000000 |                            01011
     SetSecondPrechargeA | 00000000010000000000000000000000 |                            01001
     SetSecondPrechargeB | 01000000000000000000000000000000 |                            01000
     SetSecondPrechargeC | 00000010000000000000000000000000 |                            11000
       SetPrechargeLevel | 00000001000000000000000000000000 |                            11001
                SetVCOMH | 00000000000000010000000000000000 |                            11011
        SetMasterCurrent | 00000000000000100000000000000000 |                            11010
            SetContrastA | 00000000000001000000000000000000 |                            11110
            SetContrastB | 00100000000000000000000000000000 |                            11111
            SetContrastC | 00000000000000000000000000000001 |                            11101
        DisableScrolling | 00000000000000000000000000000010 |                            11100
             ClearScreen | 00000000000000000000000000010000 |                            10100
                   VccEn | 00010000000000000000000000000000 |                            10101
               DisplayOn | 00000000000010000000000000000000 |                            10111
        PrepareNextFrame | 00000000000000001000000000000000 |                            10110
           SetColAddress | 00000000000000000000010000000000 |                            10010
           SetRowAddress | 00000000000000000000000100000000 |                            10011
           WaitNextFrame | 00000000000000000000001000000000 |                            10001
               SendPixel | 00000000000000000010000000000000 |                            10000
---------------------------------------------------------------------------------------------------
INFO: [Synth 8-3354] encoded FSM with state register 'state_reg' using encoding 'one-hot' in module 'Oled_Display'
---------------------------------------------------------------------------------
Finished RTL Optimization Phase 2 : Time (s): cpu = 00:00:06 ; elapsed = 00:00:13 . Memory (MB): peak = 761.566 ; gain = 501.535
---------------------------------------------------------------------------------
INFO: [Synth 8-223] decloning instance 'clk_6p25MHz' (flexy_clock) to 'clk_25MHz'

Report RTL Partitions: 
+-+--------------+------------+----------+
| |RTL Partition |Replication |Instances |
+-+--------------+------------+----------+
+-+--------------+------------+----------+
---------------------------------------------------------------------------------
Start RTL Component Statistics 
---------------------------------------------------------------------------------
Detailed RTL Component Info : 
+---Adders : 
	   4 Input     33 Bit       Adders := 3     
	   2 Input     32 Bit       Adders := 11    
	   3 Input     32 Bit       Adders := 8     
	   2 Input     17 Bit       Adders := 1     
	   2 Input      9 Bit       Adders := 5     
	   3 Input      9 Bit       Adders := 1     
	   4 Input      9 Bit       Adders := 1     
	   2 Input      8 Bit       Adders := 11    
	   3 Input      8 Bit       Adders := 19    
	   2 Input      7 Bit       Adders := 59    
	   3 Input      7 Bit       Adders := 1     
	   2 Input      6 Bit       Adders := 1     
	   2 Input      3 Bit       Adders := 1     
+---Registers : 
	               40 Bit    Registers := 1     
	               32 Bit    Registers := 8     
	               17 Bit    Registers := 1     
	               16 Bit    Registers := 4     
	                7 Bit    Registers := 13    
	                6 Bit    Registers := 1     
	                3 Bit    Registers := 3     
	                2 Bit    Registers := 1     
	                1 Bit    Registers := 14    
+---Muxes : 
	   2 Input     40 Bit        Muxes := 3     
	   2 Input     32 Bit        Muxes := 22    
	   3 Input     32 Bit        Muxes := 1     
	  32 Input     32 Bit        Muxes := 1     
	  32 Input     20 Bit        Muxes := 1     
	   2 Input     17 Bit        Muxes := 1     
	   2 Input     16 Bit        Muxes := 11    
	   3 Input     16 Bit        Muxes := 1     
	   2 Input     11 Bit        Muxes := 2     
	   2 Input      7 Bit        Muxes := 51    
	  10 Input      7 Bit        Muxes := 2     
	   6 Input      7 Bit        Muxes := 1     
	   3 Input      7 Bit        Muxes := 1     
	   7 Input      7 Bit        Muxes := 1     
	  32 Input      6 Bit        Muxes := 1     
	   2 Input      6 Bit        Muxes := 1     
	   2 Input      5 Bit        Muxes := 2     
	  32 Input      5 Bit        Muxes := 1     
	   2 Input      3 Bit        Muxes := 4     
	   2 Input      2 Bit        Muxes := 4     
	   3 Input      2 Bit        Muxes := 3     
	   2 Input      1 Bit        Muxes := 9     
	   3 Input      1 Bit        Muxes := 1     
	   5 Input      1 Bit        Muxes := 1     
---------------------------------------------------------------------------------
Finished RTL Component Statistics 
---------------------------------------------------------------------------------
---------------------------------------------------------------------------------
Start RTL Hierarchical Component Statistics 
---------------------------------------------------------------------------------
Hierarchical RTL Component report 
Module flexy_clock 
Detailed RTL Component Info : 
+---Registers : 
	                1 Bit    Registers := 1     
+---Muxes : 
	   2 Input      1 Bit        Muxes := 1     
Module direction_mux 
Detailed RTL Component Info : 
+---Registers : 
	                7 Bit    Registers := 2     
+---Muxes : 
	   2 Input      7 Bit        Muxes := 3     
Module animate 
Detailed RTL Component Info : 
+---Adders : 
	   4 Input     33 Bit       Adders := 1     
	   2 Input     32 Bit       Adders := 4     
	   3 Input     32 Bit       Adders := 3     
	   2 Input      9 Bit       Adders := 2     
	   2 Input      8 Bit       Adders := 3     
	   2 Input      7 Bit       Adders := 11    
+---Registers : 
	               32 Bit    Registers := 3     
	               16 Bit    Registers := 1     
	                7 Bit    Registers := 3     
	                2 Bit    Registers := 1     
	                1 Bit    Registers := 2     
+---Muxes : 
	   2 Input     32 Bit        Muxes := 13    
	   2 Input      7 Bit        Muxes := 10    
	  10 Input      7 Bit        Muxes := 1     
	   6 Input      7 Bit        Muxes := 1     
	   2 Input      2 Bit        Muxes := 2     
	   3 Input      2 Bit        Muxes := 1     
Module hero_damage 
Detailed RTL Component Info : 
+---Adders : 
	   2 Input     32 Bit       Adders := 1     
+---Registers : 
	               32 Bit    Registers := 1     
	                3 Bit    Registers := 1     
+---Muxes : 
	   3 Input     32 Bit        Muxes := 1     
	   2 Input     32 Bit        Muxes := 1     
	   2 Input      3 Bit        Muxes := 3     
	   3 Input      2 Bit        Muxes := 1     
Module touch_muff 
Detailed RTL Component Info : 
+---Adders : 
	   2 Input      3 Bit       Adders := 1     
+---Registers : 
	                3 Bit    Registers := 2     
+---Muxes : 
	   2 Input      3 Bit        Muxes := 1     
Module projectile_animate 
Detailed RTL Component Info : 
+---Adders : 
	   3 Input     32 Bit       Adders := 1     
	   3 Input      9 Bit       Adders := 1     
	   3 Input      8 Bit       Adders := 2     
	   2 Input      7 Bit       Adders := 9     
	   3 Input      7 Bit       Adders := 1     
+---Registers : 
	                7 Bit    Registers := 3     
+---Muxes : 
	   2 Input      7 Bit        Muxes := 10    
	   3 Input      7 Bit        Muxes := 1     
	   3 Input      2 Bit        Muxes := 1     
Module enimate 
Detailed RTL Component Info : 
+---Adders : 
	   4 Input     33 Bit       Adders := 1     
	   2 Input     32 Bit       Adders := 4     
	   3 Input     32 Bit       Adders := 3     
	   2 Input      9 Bit       Adders := 2     
	   2 Input      8 Bit       Adders := 3     
	   3 Input      8 Bit       Adders := 2     
	   2 Input      7 Bit       Adders := 16    
+---Registers : 
	               32 Bit    Registers := 3     
	               16 Bit    Registers := 1     
	                7 Bit    Registers := 2     
	                1 Bit    Registers := 2     
+---Muxes : 
	   2 Input     32 Bit        Muxes := 5     
	   2 Input      7 Bit        Muxes := 4     
	  10 Input      7 Bit        Muxes := 1     
	   7 Input      7 Bit        Muxes := 1     
	   2 Input      2 Bit        Muxes := 2     
Module muffinimate 
Detailed RTL Component Info : 
+---Adders : 
	   4 Input     33 Bit       Adders := 1     
	   2 Input     32 Bit       Adders := 2     
	   3 Input     32 Bit       Adders := 1     
	   2 Input      9 Bit       Adders := 1     
	   2 Input      8 Bit       Adders := 2     
	   3 Input      8 Bit       Adders := 3     
	   2 Input      7 Bit       Adders := 11    
+---Registers : 
	               32 Bit    Registers := 1     
	               16 Bit    Registers := 1     
	                7 Bit    Registers := 3     
	                1 Bit    Registers := 3     
+---Muxes : 
	   2 Input     32 Bit        Muxes := 1     
	   2 Input      7 Bit        Muxes := 24    
	   3 Input      1 Bit        Muxes := 1     
Module sprite_1 
Detailed RTL Component Info : 
+---Adders : 
	   4 Input      9 Bit       Adders := 1     
	   2 Input      8 Bit       Adders := 1     
+---Muxes : 
	   2 Input     16 Bit        Muxes := 1     
	   2 Input     11 Bit        Muxes := 1     
Module sprite_2 
Detailed RTL Component Info : 
+---Adders : 
	   2 Input      8 Bit       Adders := 1     
+---Muxes : 
	   3 Input     16 Bit        Muxes := 1     
Module sprite_3 
Detailed RTL Component Info : 
+---Adders : 
	   2 Input      8 Bit       Adders := 1     
+---Muxes : 
	   2 Input     16 Bit        Muxes := 2     
	   2 Input     11 Bit        Muxes := 1     
Module make_square 
Detailed RTL Component Info : 
+---Adders : 
	   3 Input      8 Bit       Adders := 12    
	   2 Input      7 Bit       Adders := 12    
+---Registers : 
	               16 Bit    Registers := 1     
+---Muxes : 
	   2 Input     16 Bit        Muxes := 8     
	   5 Input      1 Bit        Muxes := 1     
Module Oled_Display 
Detailed RTL Component Info : 
+---Adders : 
	   2 Input     17 Bit       Adders := 1     
	   2 Input      6 Bit       Adders := 1     
+---Registers : 
	               40 Bit    Registers := 1     
	               17 Bit    Registers := 1     
	                6 Bit    Registers := 1     
+---Muxes : 
	   2 Input     40 Bit        Muxes := 3     
	  32 Input     32 Bit        Muxes := 1     
	   2 Input     32 Bit        Muxes := 2     
	  32 Input     20 Bit        Muxes := 1     
	   2 Input     17 Bit        Muxes := 1     
	  32 Input      6 Bit        Muxes := 1     
	   2 Input      6 Bit        Muxes := 1     
	   2 Input      5 Bit        Muxes := 2     
	  32 Input      5 Bit        Muxes := 1     
	   2 Input      1 Bit        Muxes := 2     
---------------------------------------------------------------------------------
Finished RTL Hierarchical Component Statistics
---------------------------------------------------------------------------------
---------------------------------------------------------------------------------
Start Part Resource Summary
---------------------------------------------------------------------------------
Part Resources:
DSPs: 90 (col length:60)
BRAMs: 100 (col length: RAMB18 60 RAMB36 30)
---------------------------------------------------------------------------------
Finished Part Resource Summary
---------------------------------------------------------------------------------
---------------------------------------------------------------------------------
Start Cross Boundary and Area Optimization
---------------------------------------------------------------------------------
Warning: Parallel synthesis criteria is not met 
INFO: [Synth 8-5545] ROM "slow_clk0" won't be mapped to RAM because address size (32) is larger than maximum supported(25)
INFO: [Synth 8-5545] ROM "slow_clk0" won't be mapped to RAM because address size (32) is larger than maximum supported(25)
INFO: [Synth 8-5546] ROM "is_y_stat0" won't be mapped to RAM because it is too sparse
INFO: [Synth 8-5545] ROM "nolabel_line36/slow_clk0" won't be mapped to RAM because address size (32) is larger than maximum supported(25)
INFO: [Synth 8-5545] ROM "nolabel_line29/slow_clk0" won't be mapped to RAM because address size (32) is larger than maximum supported(25)
INFO: [Synth 8-5545] ROM "get_fps_clock/slow_clk0" won't be mapped to RAM because address size (32) is larger than maximum supported(25)
INFO: [Synth 8-5545] ROM "slow_clk0" won't be mapped to RAM because address size (32) is larger than maximum supported(25)
INFO: [Synth 8-5546] ROM "is_y_stat0" won't be mapped to RAM because it is too sparse
INFO: [Synth 8-5545] ROM "get_fps_clock/slow_clk0" won't be mapped to RAM because address size (32) is larger than maximum supported(25)
INFO: [Synth 8-5546] ROM "fsm_next_state0" won't be mapped to RAM because it is too sparse
INFO: [Synth 8-5546] ROM "fsm_next_state0" won't be mapped to RAM because it is too sparse
INFO: [Synth 8-3886] merging instance 'draw_sq/oled_data_reg[0]' (FDE) to 'draw_sq/oled_data_reg[4]'
INFO: [Synth 8-3886] merging instance 'draw_sq/oled_data_reg[1]' (FDE) to 'draw_sq/oled_data_reg[4]'
INFO: [Synth 8-3886] merging instance 'draw_sq/oled_data_reg[2]' (FDE) to 'draw_sq/oled_data_reg[4]'
INFO: [Synth 8-3886] merging instance 'draw_sq/oled_data_reg[3]' (FDE) to 'draw_sq/oled_data_reg[4]'
INFO: [Synth 8-3886] merging instance 'draw_sq/oled_data_reg[5]' (FDE) to 'draw_sq/oled_data_reg[10]'
INFO: [Synth 8-3886] merging instance 'draw_sq/oled_data_reg[6]' (FDE) to 'draw_sq/oled_data_reg[10]'
INFO: [Synth 8-3886] merging instance 'draw_sq/oled_data_reg[7]' (FDE) to 'draw_sq/oled_data_reg[10]'
INFO: [Synth 8-3886] merging instance 'draw_sq/oled_data_reg[8]' (FDE) to 'draw_sq/oled_data_reg[10]'
INFO: [Synth 8-3886] merging instance 'draw_sq/oled_data_reg[9]' (FDE) to 'draw_sq/oled_data_reg[10]'
INFO: [Synth 8-3886] merging instance 'draw_sq/oled_data_reg[11]' (FDE) to 'draw_sq/oled_data_reg[15]'
INFO: [Synth 8-3886] merging instance 'draw_sq/oled_data_reg[12]' (FDE) to 'draw_sq/oled_data_reg[15]'
INFO: [Synth 8-3886] merging instance 'draw_sq/oled_data_reg[13]' (FDE) to 'draw_sq/oled_data_reg[15]'
INFO: [Synth 8-3886] merging instance 'choose_direction/y_vect_reg[1]' (FDSE) to 'choose_direction/y_vect_reg[2]'
INFO: [Synth 8-3886] merging instance 'choose_direction/y_vect_reg[2]' (FDSE) to 'choose_direction/y_vect_reg[3]'
INFO: [Synth 8-3886] merging instance 'choose_direction/y_vect_reg[3]' (FDSE) to 'choose_direction/y_vect_reg[4]'
INFO: [Synth 8-3886] merging instance 'choose_direction/y_vect_reg[4]' (FDSE) to 'choose_direction/y_vect_reg[5]'
INFO: [Synth 8-3886] merging instance 'choose_direction/y_vect_reg[5]' (FDSE) to 'choose_direction/y_vect_reg[6]'
INFO: [Synth 8-3886] merging instance 'choose_direction/x_vect_reg[6]' (FD) to 'choose_direction/x_vect_reg[1]'
INFO: [Synth 8-3886] merging instance 'choose_direction/x_vect_reg[5]' (FD) to 'choose_direction/x_vect_reg[1]'
INFO: [Synth 8-3886] merging instance 'choose_direction/x_vect_reg[4]' (FD) to 'choose_direction/x_vect_reg[1]'
INFO: [Synth 8-3886] merging instance 'choose_direction/x_vect_reg[3]' (FD) to 'choose_direction/x_vect_reg[1]'
INFO: [Synth 8-3886] merging instance 'choose_direction/x_vect_reg[2]' (FD) to 'choose_direction/x_vect_reg[1]'
INFO: [Synth 8-3886] merging instance 'draw_sq/oled_data_reg[14]' (FDE) to 'draw_sq/oled_data_reg[15]'
WARNING: [Synth 8-3332] Sequential element (center_sq_colour_reg[15]) is unused and will be removed from module animate.
WARNING: [Synth 8-3332] Sequential element (center_sq_colour_reg[14]) is unused and will be removed from module animate.
WARNING: [Synth 8-3332] Sequential element (center_sq_colour_reg[13]) is unused and will be removed from module animate.
WARNING: [Synth 8-3332] Sequential element (center_sq_colour_reg[12]) is unused and will be removed from module animate.
WARNING: [Synth 8-3332] Sequential element (center_sq_colour_reg[11]) is unused and will be removed from module animate.
WARNING: [Synth 8-3332] Sequential element (center_sq_colour_reg[10]) is unused and will be removed from module animate.
WARNING: [Synth 8-3332] Sequential element (center_sq_colour_reg[9]) is unused and will be removed from module animate.
WARNING: [Synth 8-3332] Sequential element (center_sq_colour_reg[8]) is unused and will be removed from module animate.
WARNING: [Synth 8-3332] Sequential element (center_sq_colour_reg[7]) is unused and will be removed from module animate.
WARNING: [Synth 8-3332] Sequential element (center_sq_colour_reg[6]) is unused and will be removed from module animate.
WARNING: [Synth 8-3332] Sequential element (center_sq_colour_reg[5]) is unused and will be removed from module animate.
WARNING: [Synth 8-3332] Sequential element (center_sq_colour_reg[4]) is unused and will be removed from module animate.
WARNING: [Synth 8-3332] Sequential element (center_sq_colour_reg[3]) is unused and will be removed from module animate.
WARNING: [Synth 8-3332] Sequential element (center_sq_colour_reg[2]) is unused and will be removed from module animate.
WARNING: [Synth 8-3332] Sequential element (center_sq_colour_reg[1]) is unused and will be removed from module animate.
WARNING: [Synth 8-3332] Sequential element (center_sq_colour_reg[0]) is unused and will be removed from module animate.
WARNING: [Synth 8-3332] Sequential element (sprite_no_reg[1]) is unused and will be removed from module animate.
WARNING: [Synth 8-3332] Sequential element (sprite_no_reg[0]) is unused and will be removed from module animate.
WARNING: [Synth 8-3332] Sequential element (jump_time_reg[31]) is unused and will be removed from module enimate.
WARNING: [Synth 8-3332] Sequential element (jump_time_reg[30]) is unused and will be removed from module enimate.
WARNING: [Synth 8-3332] Sequential element (jump_time_reg[29]) is unused and will be removed from module enimate.
WARNING: [Synth 8-3332] Sequential element (jump_time_reg[28]) is unused and will be removed from module enimate.
WARNING: [Synth 8-3332] Sequential element (jump_time_reg[27]) is unused and will be removed from module enimate.
WARNING: [Synth 8-3332] Sequential element (jump_time_reg[26]) is unused and will be removed from module enimate.
WARNING: [Synth 8-3332] Sequential element (jump_time_reg[25]) is unused and will be removed from module enimate.
WARNING: [Synth 8-3332] Sequential element (jump_time_reg[24]) is unused and will be removed from module enimate.
WARNING: [Synth 8-3332] Sequential element (jump_time_reg[23]) is unused and will be removed from module enimate.
WARNING: [Synth 8-3332] Sequential element (jump_time_reg[22]) is unused and will be removed from module enimate.
WARNING: [Synth 8-3332] Sequential element (jump_time_reg[21]) is unused and will be removed from module enimate.
WARNING: [Synth 8-3332] Sequential element (jump_time_reg[20]) is unused and will be removed from module enimate.
WARNING: [Synth 8-3332] Sequential element (jump_time_reg[19]) is unused and will be removed from module enimate.
WARNING: [Synth 8-3332] Sequential element (jump_time_reg[18]) is unused and will be removed from module enimate.
WARNING: [Synth 8-3332] Sequential element (jump_time_reg[17]) is unused and will be removed from module enimate.
WARNING: [Synth 8-3332] Sequential element (jump_time_reg[16]) is unused and will be removed from module enimate.
WARNING: [Synth 8-3332] Sequential element (jump_time_reg[15]) is unused and will be removed from module enimate.
WARNING: [Synth 8-3332] Sequential element (jump_time_reg[14]) is unused and will be removed from module enimate.
WARNING: [Synth 8-3332] Sequential element (jump_time_reg[13]) is unused and will be removed from module enimate.
WARNING: [Synth 8-3332] Sequential element (jump_time_reg[12]) is unused and will be removed from module enimate.
WARNING: [Synth 8-3332] Sequential element (jump_time_reg[11]) is unused and will be removed from module enimate.
WARNING: [Synth 8-3332] Sequential element (jump_time_reg[10]) is unused and will be removed from module enimate.
WARNING: [Synth 8-3332] Sequential element (jump_time_reg[9]) is unused and will be removed from module enimate.
WARNING: [Synth 8-3332] Sequential element (jump_time_reg[8]) is unused and will be removed from module enimate.
WARNING: [Synth 8-3332] Sequential element (jump_time_reg[7]) is unused and will be removed from module enimate.
WARNING: [Synth 8-3332] Sequential element (jump_time_reg[6]) is unused and will be removed from module enimate.
WARNING: [Synth 8-3332] Sequential element (jump_time_reg[5]) is unused and will be removed from module enimate.
WARNING: [Synth 8-3332] Sequential element (jump_time_reg[4]) is unused and will be removed from module enimate.
WARNING: [Synth 8-3332] Sequential element (jump_time_reg[3]) is unused and will be removed from module enimate.
WARNING: [Synth 8-3332] Sequential element (jump_time_reg[2]) is unused and will be removed from module enimate.
WARNING: [Synth 8-3332] Sequential element (jump_time_reg[1]) is unused and will be removed from module enimate.
WARNING: [Synth 8-3332] Sequential element (jump_time_reg[0]) is unused and will be removed from module enimate.
WARNING: [Synth 8-3332] Sequential element (center_sq_colour_reg[15]) is unused and will be removed from module enimate.
WARNING: [Synth 8-3332] Sequential element (center_sq_colour_reg[14]) is unused and will be removed from module enimate.
WARNING: [Synth 8-3332] Sequential element (center_sq_colour_reg[13]) is unused and will be removed from module enimate.
WARNING: [Synth 8-3332] Sequential element (center_sq_colour_reg[12]) is unused and will be removed from module enimate.
WARNING: [Synth 8-3332] Sequential element (center_sq_colour_reg[11]) is unused and will be removed from module enimate.
WARNING: [Synth 8-3332] Sequential element (center_sq_colour_reg[10]) is unused and will be removed from module enimate.
WARNING: [Synth 8-3332] Sequential element (center_sq_colour_reg[9]) is unused and will be removed from module enimate.
WARNING: [Synth 8-3332] Sequential element (center_sq_colour_reg[8]) is unused and will be removed from module enimate.
WARNING: [Synth 8-3332] Sequential element (center_sq_colour_reg[7]) is unused and will be removed from module enimate.
WARNING: [Synth 8-3332] Sequential element (center_sq_colour_reg[6]) is unused and will be removed from module enimate.
WARNING: [Synth 8-3332] Sequential element (center_sq_colour_reg[5]) is unused and will be removed from module enimate.
WARNING: [Synth 8-3332] Sequential element (center_sq_colour_reg[4]) is unused and will be removed from module enimate.
WARNING: [Synth 8-3332] Sequential element (center_sq_colour_reg[3]) is unused and will be removed from module enimate.
WARNING: [Synth 8-3332] Sequential element (center_sq_colour_reg[2]) is unused and will be removed from module enimate.
WARNING: [Synth 8-3332] Sequential element (center_sq_colour_reg[1]) is unused and will be removed from module enimate.
WARNING: [Synth 8-3332] Sequential element (center_sq_colour_reg[0]) is unused and will be removed from module enimate.
WARNING: [Synth 8-3332] Sequential element (center_sq_colour_reg[15]) is unused and will be removed from module muffinimate.
WARNING: [Synth 8-3332] Sequential element (center_sq_colour_reg[14]) is unused and will be removed from module muffinimate.
WARNING: [Synth 8-3332] Sequential element (center_sq_colour_reg[13]) is unused and will be removed from module muffinimate.
WARNING: [Synth 8-3332] Sequential element (center_sq_colour_reg[12]) is unused and will be removed from module muffinimate.
WARNING: [Synth 8-3332] Sequential element (center_sq_colour_reg[11]) is unused and will be removed from module muffinimate.
WARNING: [Synth 8-3332] Sequential element (center_sq_colour_reg[10]) is unused and will be removed from module muffinimate.
WARNING: [Synth 8-3332] Sequential element (center_sq_colour_reg[9]) is unused and will be removed from module muffinimate.
WARNING: [Synth 8-3332] Sequential element (center_sq_colour_reg[8]) is unused and will be removed from module muffinimate.
WARNING: [Synth 8-3332] Sequential element (center_sq_colour_reg[7]) is unused and will be removed from module muffinimate.
WARNING: [Synth 8-3332] Sequential element (center_sq_colour_reg[6]) is unused and will be removed from module muffinimate.
WARNING: [Synth 8-3332] Sequential element (center_sq_colour_reg[5]) is unused and will be removed from module muffinimate.
WARNING: [Synth 8-3332] Sequential element (center_sq_colour_reg[4]) is unused and will be removed from module muffinimate.
WARNING: [Synth 8-3332] Sequential element (center_sq_colour_reg[3]) is unused and will be removed from module muffinimate.
WARNING: [Synth 8-3332] Sequential element (center_sq_colour_reg[2]) is unused and will be removed from module muffinimate.
WARNING: [Synth 8-3332] Sequential element (center_sq_colour_reg[1]) is unused and will be removed from module muffinimate.
WARNING: [Synth 8-3332] Sequential element (center_sq_colour_reg[0]) is unused and will be removed from module muffinimate.
---------------------------------------------------------------------------------
Finished Cross Boundary and Area Optimization : Time (s): cpu = 00:00:14 ; elapsed = 00:00:27 . Memory (MB): peak = 761.566 ; gain = 501.535
---------------------------------------------------------------------------------

Report RTL Partitions: 
+-+--------------+------------+----------+
| |RTL Partition |Replication |Instances |
+-+--------------+------------+----------+
+-+--------------+------------+----------+
---------------------------------------------------------------------------------
Start Applying XDC Timing Constraints
---------------------------------------------------------------------------------
---------------------------------------------------------------------------------
Finished Applying XDC Timing Constraints : Time (s): cpu = 00:00:18 ; elapsed = 00:00:35 . Memory (MB): peak = 764.383 ; gain = 504.352
---------------------------------------------------------------------------------
---------------------------------------------------------------------------------
Start Timing Optimization
---------------------------------------------------------------------------------
---------------------------------------------------------------------------------
Finished Timing Optimization : Time (s): cpu = 00:00:18 ; elapsed = 00:00:35 . Memory (MB): peak = 787.363 ; gain = 527.332
---------------------------------------------------------------------------------

Report RTL Partitions: 
+-+--------------+------------+----------+
| |RTL Partition |Replication |Instances |
+-+--------------+------------+----------+
+-+--------------+------------+----------+
---------------------------------------------------------------------------------
Start Technology Mapping
---------------------------------------------------------------------------------
WARNING: [Synth 8-3332] Sequential element (animate_hero/jump_time_reg[31]) is unused and will be removed from module Top_Student.
WARNING: [Synth 8-3332] Sequential element (animate_hero/jump_time_reg[30]) is unused and will be removed from module Top_Student.
WARNING: [Synth 8-3332] Sequential element (animate_hero/jump_time_reg[29]) is unused and will be removed from module Top_Student.
WARNING: [Synth 8-3332] Sequential element (animate_hero/jump_time_reg[28]) is unused and will be removed from module Top_Student.
WARNING: [Synth 8-3332] Sequential element (animate_hero/jump_time_reg[27]) is unused and will be removed from module Top_Student.
WARNING: [Synth 8-3332] Sequential element (animate_hero/jump_time_reg[26]) is unused and will be removed from module Top_Student.
WARNING: [Synth 8-3332] Sequential element (animate_hero/jump_time_reg[25]) is unused and will be removed from module Top_Student.
WARNING: [Synth 8-3332] Sequential element (animate_hero/jump_time_reg[24]) is unused and will be removed from module Top_Student.
WARNING: [Synth 8-3332] Sequential element (animate_hero/jump_time_reg[23]) is unused and will be removed from module Top_Student.
WARNING: [Synth 8-3332] Sequential element (animate_hero/jump_time_reg[22]) is unused and will be removed from module Top_Student.
WARNING: [Synth 8-3332] Sequential element (animate_hero/jump_time_reg[21]) is unused and will be removed from module Top_Student.
WARNING: [Synth 8-3332] Sequential element (animate_hero/jump_time_reg[20]) is unused and will be removed from module Top_Student.
WARNING: [Synth 8-3332] Sequential element (animate_hero/jump_time_reg[19]) is unused and will be removed from module Top_Student.
WARNING: [Synth 8-3332] Sequential element (animate_hero/jump_time_reg[18]) is unused and will be removed from module Top_Student.
WARNING: [Synth 8-3332] Sequential element (animate_hero/jump_time_reg[17]) is unused and will be removed from module Top_Student.
WARNING: [Synth 8-3332] Sequential element (animate_hero/jump_time_reg[16]) is unused and will be removed from module Top_Student.
WARNING: [Synth 8-3332] Sequential element (animate_hero/jump_time_reg[15]) is unused and will be removed from module Top_Student.
WARNING: [Synth 8-3332] Sequential element (animate_hero/jump_time_reg[14]) is unused and will be removed from module Top_Student.
INFO: [Common 17-14] Message 'Synth 8-3332' appears 100 times and further instances of the messages will be disabled. Use the Tcl command set_msg_config to change the current settings.
---------------------------------------------------------------------------------
Finished Technology Mapping : Time (s): cpu = 00:00:19 ; elapsed = 00:00:37 . Memory (MB): peak = 858.863 ; gain = 598.832
---------------------------------------------------------------------------------

Report RTL Partitions: 
+-+--------------+------------+----------+
| |RTL Partition |Replication |Instances |
+-+--------------+------------+----------+
+-+--------------+------------+----------+
---------------------------------------------------------------------------------
Start IO Insertion
---------------------------------------------------------------------------------
---------------------------------------------------------------------------------
Start Flattening Before IO Insertion
---------------------------------------------------------------------------------
---------------------------------------------------------------------------------
Finished Flattening Before IO Insertion
---------------------------------------------------------------------------------
---------------------------------------------------------------------------------
Start Final Netlist Cleanup
---------------------------------------------------------------------------------
---------------------------------------------------------------------------------
Finished Final Netlist Cleanup
---------------------------------------------------------------------------------
---------------------------------------------------------------------------------
Finished IO Insertion : Time (s): cpu = 00:00:20 ; elapsed = 00:00:38 . Memory (MB): peak = 858.863 ; gain = 598.832
---------------------------------------------------------------------------------

Report Check Netlist: 
+------+------------------+-------+---------+-------+------------------+
|      |Item              |Errors |Warnings |Status |Description       |
+------+------------------+-------+---------+-------+------------------+
|1     |multi_driven_nets |      0|        0|Passed |Multi driven nets |
+------+------------------+-------+---------+-------+------------------+
---------------------------------------------------------------------------------
Start Renaming Generated Instances
---------------------------------------------------------------------------------
---------------------------------------------------------------------------------
Finished Renaming Generated Instances : Time (s): cpu = 00:00:20 ; elapsed = 00:00:38 . Memory (MB): peak = 858.863 ; gain = 598.832
---------------------------------------------------------------------------------

Report RTL Partitions: 
+-+--------------+------------+----------+
| |RTL Partition |Replication |Instances |
+-+--------------+------------+----------+
+-+--------------+------------+----------+
---------------------------------------------------------------------------------
Start Rebuilding User Hierarchy
---------------------------------------------------------------------------------
---------------------------------------------------------------------------------
Finished Rebuilding User Hierarchy : Time (s): cpu = 00:00:20 ; elapsed = 00:00:39 . Memory (MB): peak = 858.863 ; gain = 598.832
---------------------------------------------------------------------------------
---------------------------------------------------------------------------------
Start Renaming Generated Ports
---------------------------------------------------------------------------------
---------------------------------------------------------------------------------
Finished Renaming Generated Ports : Time (s): cpu = 00:00:20 ; elapsed = 00:00:39 . Memory (MB): peak = 858.863 ; gain = 598.832
---------------------------------------------------------------------------------
---------------------------------------------------------------------------------
Start Handling Custom Attributes
---------------------------------------------------------------------------------
---------------------------------------------------------------------------------
Finished Handling Custom Attributes : Time (s): cpu = 00:00:20 ; elapsed = 00:00:39 . Memory (MB): peak = 858.863 ; gain = 598.832
---------------------------------------------------------------------------------
---------------------------------------------------------------------------------
Start Renaming Generated Nets
---------------------------------------------------------------------------------
---------------------------------------------------------------------------------
Finished Renaming Generated Nets : Time (s): cpu = 00:00:20 ; elapsed = 00:00:39 . Memory (MB): peak = 858.863 ; gain = 598.832
---------------------------------------------------------------------------------
---------------------------------------------------------------------------------
Start Writing Synthesis Report
---------------------------------------------------------------------------------

Report BlackBoxes: 
+-+--------------+----------+
| |BlackBox name |Instances |
+-+--------------+----------+
+-+--------------+----------+

Report Cell Usage: 
+------+-------+------+
|      |Cell   |Count |
+------+-------+------+
|1     |BUFG   |     6|
|2     |CARRY4 |   832|
|3     |LUT1   |   183|
|4     |LUT2   |   792|
|5     |LUT3   |   707|
|6     |LUT4   |   662|
|7     |LUT5   |   834|
|8     |LUT6   |  1764|
|9     |MUXF7  |     5|
|10    |FDE_1  |    32|
|11    |FDRE   |   609|
|12    |IBUF   |     6|
|13    |OBUF   |    10|
|14    |OBUFT  |     1|
+------+-------+------+

Report Instance Areas: 
+------+---------------------+-------------------+------+
|      |Instance             |Module             |Cells |
+------+---------------------+-------------------+------+
|1     |top                  |                   |  6443|
|2     |  Q3A1               |Oled_Display       |   629|
|3     |  animate_enemy      |enimate            |  1941|
|4     |    get_fps_clock    |flexy_clock_5      |    63|
|5     |  animate_hero       |animate            |  2172|
|6     |    get_fps_clock    |flexy_clock_4      |    63|
|7     |  animate_muffin     |muffinimate        |  1093|
|8     |    get_fps_clock    |flexy_clock_3      |    55|
|9     |  animate_projectile |projectile_animate |   123|
|10    |    get_fps_clock    |flexy_clock_2      |    55|
|11    |  choose_direction   |direction_mux      |    85|
|12    |  clk_6p25MHz        |flexy_clock        |    64|
|13    |  draw_sq            |make_square        |    78|
|14    |    draw_sprite_1    |sprite_1           |     5|
|15    |    draw_sprite_2    |sprite_2           |     3|
|16    |    draw_sprite_3    |sprite_3           |     5|
|17    |  nolabel_line86     |hero_damage        |   151|
|18    |    nolabel_line36   |flexy_clock_1      |    54|
|19    |  nolabel_line87     |touch_muff         |    70|
|20    |    nolabel_line29   |flexy_clock_0      |    54|
+------+---------------------+-------------------+------+
---------------------------------------------------------------------------------
Finished Writing Synthesis Report : Time (s): cpu = 00:00:20 ; elapsed = 00:00:39 . Memory (MB): peak = 858.863 ; gain = 598.832
---------------------------------------------------------------------------------
Synthesis finished with 0 errors, 0 critical warnings and 498 warnings.
Synthesis Optimization Runtime : Time (s): cpu = 00:00:16 ; elapsed = 00:00:32 . Memory (MB): peak = 858.863 ; gain = 250.820
Synthesis Optimization Complete : Time (s): cpu = 00:00:20 ; elapsed = 00:00:39 . Memory (MB): peak = 858.863 ; gain = 598.832
INFO: [Project 1-571] Translating synthesized netlist
INFO: [Netlist 29-17] Analyzing 875 Unisim elements for replacement
INFO: [Netlist 29-28] Unisim Transformation completed in 0 CPU seconds
INFO: [Project 1-570] Preparing netlist for logic optimization
INFO: [Opt 31-138] Pushed 0 inverter(s) to 0 load pin(s).
INFO: [Project 1-111] Unisim Transformation Summary:
  A total of 32 instances were transformed.
  FDE_1 => FDRE (inverted pins: C): 32 instances

INFO: [Common 17-83] Releasing license: Synthesis
93 Infos, 234 Warnings, 2 Critical Warnings and 0 Errors encountered.
synth_design completed successfully
synth_design: Time (s): cpu = 00:00:21 ; elapsed = 00:00:42 . Memory (MB): peak = 858.863 ; gain = 611.660
WARNING: [Constraints 18-5210] No constraint will be written out.
INFO: [Common 17-1381] The checkpoint 'C:/Users/cyber/Desktop/Kashfy-EE2026-Vivado/MODS/MODS.runs/synth_1/Top_Student.dcp' has been generated.
INFO: [runtcl-4] Executing : report_utilization -file Top_Student_utilization_synth.rpt -pb Top_Student_utilization_synth.pb
report_utilization: Time (s): cpu = 00:00:00 ; elapsed = 00:00:00.042 . Memory (MB): peak = 858.863 ; gain = 0.000
INFO: [Common 17-206] Exiting Vivado at Thu Oct 31 21:18:27 2024...

*** Running vivado
    with args -log Top_Student.vds -m64 -product Vivado -mode batch -messageDb vivado.pb -notrace -source Top_Student.tcl


****** Vivado v2018.2 (64-bit)
  **** SW Build 2258646 on Thu Jun 14 20:03:12 MDT 2018
  **** IP Build 2256618 on Thu Jun 14 22:10:49 MDT 2018
    ** Copyright 1986-2018 Xilinx, Inc. All Rights Reserved.

source Top_Student.tcl -notrace
Command: synth_design -top Top_Student -part xc7a35tcpg236-1
Starting synth_design
Attempting to get a license for feature 'Synthesis' and/or device 'xc7a35t'
INFO: [Common 17-349] Got license for feature 'Synthesis' and/or device 'xc7a35t'
INFO: Launching helper process for spawning children vivado processes
INFO: Helper process launched with PID 12228 
WARNING: [Synth 8-976] YELLOW has already been declared [C:/Users/cyber/Desktop/Kashfy-EE2026-Vivado/MODS/MODS.srcs/sources_1/new/make_square.v:134]
WARNING: [Synth 8-2654] second declaration of YELLOW ignored [C:/Users/cyber/Desktop/Kashfy-EE2026-Vivado/MODS/MODS.srcs/sources_1/new/make_square.v:134]
INFO: [Synth 8-994] YELLOW is declared here [C:/Users/cyber/Desktop/Kashfy-EE2026-Vivado/MODS/MODS.srcs/sources_1/new/make_square.v:130]
---------------------------------------------------------------------------------
Starting RTL Elaboration : Time (s): cpu = 00:00:01 ; elapsed = 00:00:02 . Memory (MB): peak = 371.605 ; gain = 111.297
---------------------------------------------------------------------------------
INFO: [Synth 8-6157] synthesizing module 'Top_Student' [C:/Users/cyber/Desktop/Kashfy-EE2026-Vivado/MODS/MODS.srcs/sources_1/new/Top_Student.v:14]
INFO: [Synth 8-6157] synthesizing module 'flexy_clock' [C:/Users/cyber/Desktop/Kashfy-EE2026-Vivado/MODS/MODS.srcs/sources_1/new/flexy_clock.v:23]
INFO: [Synth 8-6155] done synthesizing module 'flexy_clock' (1#1) [C:/Users/cyber/Desktop/Kashfy-EE2026-Vivado/MODS/MODS.srcs/sources_1/new/flexy_clock.v:23]
INFO: [Synth 8-6157] synthesizing module 'direction_mux' [C:/Users/cyber/Desktop/Kashfy-EE2026-Vivado/MODS/MODS.srcs/sources_1/new/direction_mux.v:23]
INFO: [Synth 8-6155] done synthesizing module 'direction_mux' (2#1) [C:/Users/cyber/Desktop/Kashfy-EE2026-Vivado/MODS/MODS.srcs/sources_1/new/direction_mux.v:23]
INFO: [Synth 8-6157] synthesizing module 'animate' [C:/Users/cyber/Desktop/Kashfy-EE2026-Vivado/MODS/MODS.srcs/sources_1/new/animate.v:23]
WARNING: [Synth 8-311] ignoring non-constant assignment in initial block [C:/Users/cyber/Desktop/Kashfy-EE2026-Vivado/MODS/MODS.srcs/sources_1/new/animate.v:42]
WARNING: [Synth 8-311] ignoring non-constant assignment in initial block [C:/Users/cyber/Desktop/Kashfy-EE2026-Vivado/MODS/MODS.srcs/sources_1/new/animate.v:43]
WARNING: [Synth 8-6014] Unused sequential element x_increment_reg was removed.  [C:/Users/cyber/Desktop/Kashfy-EE2026-Vivado/MODS/MODS.srcs/sources_1/new/animate.v:69]
INFO: [Synth 8-6155] done synthesizing module 'animate' (3#1) [C:/Users/cyber/Desktop/Kashfy-EE2026-Vivado/MODS/MODS.srcs/sources_1/new/animate.v:23]
WARNING: [Synth 8-689] width (4) of port connection 'sq_width' does not match port width (7) of module 'animate' [C:/Users/cyber/Desktop/Kashfy-EE2026-Vivado/MODS/MODS.srcs/sources_1/new/Top_Student.v:76]
WARNING: [Synth 8-689] width (4) of port connection 'sq_height' does not match port width (7) of module 'animate' [C:/Users/cyber/Desktop/Kashfy-EE2026-Vivado/MODS/MODS.srcs/sources_1/new/Top_Student.v:76]
WARNING: [Synth 8-689] width (1) of port connection 'reset' does not match port width (7) of module 'animate' [C:/Users/cyber/Desktop/Kashfy-EE2026-Vivado/MODS/MODS.srcs/sources_1/new/Top_Student.v:79]
WARNING: [Synth 8-350] instance 'animate_hero' of module 'animate' requires 29 connections, but only 21 given [C:/Users/cyber/Desktop/Kashfy-EE2026-Vivado/MODS/MODS.srcs/sources_1/new/Top_Student.v:75]
INFO: [Synth 8-6157] synthesizing module 'hero_damage' [C:/Users/cyber/Desktop/Kashfy-EE2026-Vivado/MODS/MODS.srcs/sources_1/new/hero_damage.v:23]
INFO: [Synth 8-6155] done synthesizing module 'hero_damage' (4#1) [C:/Users/cyber/Desktop/Kashfy-EE2026-Vivado/MODS/MODS.srcs/sources_1/new/hero_damage.v:23]
INFO: [Synth 8-6157] synthesizing module 'touch_muff' [C:/Users/cyber/Desktop/Kashfy-EE2026-Vivado/MODS/MODS.srcs/sources_1/new/touch_muff.v:23]
WARNING: [Synth 8-311] ignoring non-constant assignment in initial block [C:/Users/cyber/Desktop/Kashfy-EE2026-Vivado/MODS/MODS.srcs/sources_1/new/touch_muff.v:36]
WARNING: [Synth 8-6014] Unused sequential element muff_count_reg was removed.  [C:/Users/cyber/Desktop/Kashfy-EE2026-Vivado/MODS/MODS.srcs/sources_1/new/touch_muff.v:42]
INFO: [Synth 8-6155] done synthesizing module 'touch_muff' (5#1) [C:/Users/cyber/Desktop/Kashfy-EE2026-Vivado/MODS/MODS.srcs/sources_1/new/touch_muff.v:23]
INFO: [Synth 8-6157] synthesizing module 'projectile_animate' [C:/Users/cyber/Desktop/Kashfy-EE2026-Vivado/MODS/MODS.srcs/sources_1/new/projectile_animate.v:23]
WARNING: [Synth 8-6014] Unused sequential element y_increment_reg was removed.  [C:/Users/cyber/Desktop/Kashfy-EE2026-Vivado/MODS/MODS.srcs/sources_1/new/projectile_animate.v:62]
INFO: [Synth 8-6155] done synthesizing module 'projectile_animate' (6#1) [C:/Users/cyber/Desktop/Kashfy-EE2026-Vivado/MODS/MODS.srcs/sources_1/new/projectile_animate.v:23]
WARNING: [Synth 8-689] width (4) of port connection 'sq_width' does not match port width (7) of module 'projectile_animate' [C:/Users/cyber/Desktop/Kashfy-EE2026-Vivado/MODS/MODS.srcs/sources_1/new/Top_Student.v:92]
WARNING: [Synth 8-689] width (4) of port connection 'sq_height' does not match port width (7) of module 'projectile_animate' [C:/Users/cyber/Desktop/Kashfy-EE2026-Vivado/MODS/MODS.srcs/sources_1/new/Top_Student.v:92]
WARNING: [Synth 8-689] width (1) of port connection 'reset' does not match port width (7) of module 'projectile_animate' [C:/Users/cyber/Desktop/Kashfy-EE2026-Vivado/MODS/MODS.srcs/sources_1/new/Top_Student.v:95]
INFO: [Synth 8-6157] synthesizing module 'enimate' [C:/Users/cyber/Desktop/Kashfy-EE2026-Vivado/MODS/MODS.srcs/sources_1/new/enimate.v:23]
WARNING: [Synth 8-6014] Unused sequential element x_increment_reg was removed.  [C:/Users/cyber/Desktop/Kashfy-EE2026-Vivado/MODS/MODS.srcs/sources_1/new/enimate.v:66]
WARNING: [Synth 8-6014] Unused sequential element y_increment_reg was removed.  [C:/Users/cyber/Desktop/Kashfy-EE2026-Vivado/MODS/MODS.srcs/sources_1/new/enimate.v:67]
INFO: [Synth 8-6155] done synthesizing module 'enimate' (7#1) [C:/Users/cyber/Desktop/Kashfy-EE2026-Vivado/MODS/MODS.srcs/sources_1/new/enimate.v:23]
WARNING: [Synth 8-689] width (4) of port connection 'sq_width' does not match port width (7) of module 'enimate' [C:/Users/cyber/Desktop/Kashfy-EE2026-Vivado/MODS/MODS.srcs/sources_1/new/Top_Student.v:101]
WARNING: [Synth 8-689] width (4) of port connection 'sq_height' does not match port width (7) of module 'enimate' [C:/Users/cyber/Desktop/Kashfy-EE2026-Vivado/MODS/MODS.srcs/sources_1/new/Top_Student.v:101]
WARNING: [Synth 8-689] width (1) of port connection 'reset' does not match port width (7) of module 'enimate' [C:/Users/cyber/Desktop/Kashfy-EE2026-Vivado/MODS/MODS.srcs/sources_1/new/Top_Student.v:105]
WARNING: [Synth 8-350] instance 'animate_enemy' of module 'enimate' requires 28 connections, but only 24 given [C:/Users/cyber/Desktop/Kashfy-EE2026-Vivado/MODS/MODS.srcs/sources_1/new/Top_Student.v:100]
INFO: [Synth 8-6157] synthesizing module 'muffinimate' [C:/Users/cyber/Desktop/Kashfy-EE2026-Vivado/MODS/MODS.srcs/sources_1/new/muffinimate.v:23]
WARNING: [Synth 8-311] ignoring non-constant assignment in initial block [C:/Users/cyber/Desktop/Kashfy-EE2026-Vivado/MODS/MODS.srcs/sources_1/new/muffinimate.v:41]
WARNING: [Synth 8-311] ignoring non-constant assignment in initial block [C:/Users/cyber/Desktop/Kashfy-EE2026-Vivado/MODS/MODS.srcs/sources_1/new/muffinimate.v:42]
WARNING: [Synth 8-6014] Unused sequential element x_increment_reg was removed.  [C:/Users/cyber/Desktop/Kashfy-EE2026-Vivado/MODS/MODS.srcs/sources_1/new/muffinimate.v:64]
INFO: [Synth 8-6155] done synthesizing module 'muffinimate' (8#1) [C:/Users/cyber/Desktop/Kashfy-EE2026-Vivado/MODS/MODS.srcs/sources_1/new/muffinimate.v:23]
WARNING: [Synth 8-689] width (4) of port connection 'sq_width' does not match port width (7) of module 'muffinimate' [C:/Users/cyber/Desktop/Kashfy-EE2026-Vivado/MODS/MODS.srcs/sources_1/new/Top_Student.v:110]
WARNING: [Synth 8-689] width (4) of port connection 'sq_height' does not match port width (7) of module 'muffinimate' [C:/Users/cyber/Desktop/Kashfy-EE2026-Vivado/MODS/MODS.srcs/sources_1/new/Top_Student.v:110]
WARNING: [Synth 8-689] width (1) of port connection 'reset' does not match port width (7) of module 'muffinimate' [C:/Users/cyber/Desktop/Kashfy-EE2026-Vivado/MODS/MODS.srcs/sources_1/new/Top_Student.v:114]
WARNING: [Synth 8-350] instance 'animate_muffin' of module 'muffinimate' requires 28 connections, but only 24 given [C:/Users/cyber/Desktop/Kashfy-EE2026-Vivado/MODS/MODS.srcs/sources_1/new/Top_Student.v:109]
INFO: [Synth 8-6157] synthesizing module 'make_square' [C:/Users/cyber/Desktop/Kashfy-EE2026-Vivado/MODS/MODS.srcs/sources_1/new/make_square.v:23]
INFO: [Synth 8-6157] synthesizing module 'sprite_1' [C:/Users/cyber/Desktop/Kashfy-EE2026-Vivado/MODS/MODS.srcs/sources_1/new/make_square.v:83]
WARNING: [Synth 8-85] always block has no event control specified [C:/Users/cyber/Desktop/Kashfy-EE2026-Vivado/MODS/MODS.srcs/sources_1/new/make_square.v:92]
INFO: [Synth 8-6155] done synthesizing module 'sprite_1' (9#1) [C:/Users/cyber/Desktop/Kashfy-EE2026-Vivado/MODS/MODS.srcs/sources_1/new/make_square.v:83]
INFO: [Synth 8-6157] synthesizing module 'sprite_2' [C:/Users/cyber/Desktop/Kashfy-EE2026-Vivado/MODS/MODS.srcs/sources_1/new/make_square.v:104]
WARNING: [Synth 8-85] always block has no event control specified [C:/Users/cyber/Desktop/Kashfy-EE2026-Vivado/MODS/MODS.srcs/sources_1/new/make_square.v:113]
INFO: [Synth 8-6155] done synthesizing module 'sprite_2' (10#1) [C:/Users/cyber/Desktop/Kashfy-EE2026-Vivado/MODS/MODS.srcs/sources_1/new/make_square.v:104]
INFO: [Synth 8-6157] synthesizing module 'sprite_3' [C:/Users/cyber/Desktop/Kashfy-EE2026-Vivado/MODS/MODS.srcs/sources_1/new/make_square.v:125]
WARNING: [Synth 8-85] always block has no event control specified [C:/Users/cyber/Desktop/Kashfy-EE2026-Vivado/MODS/MODS.srcs/sources_1/new/make_square.v:155]
INFO: [Synth 8-6155] done synthesizing module 'sprite_3' (11#1) [C:/Users/cyber/Desktop/Kashfy-EE2026-Vivado/MODS/MODS.srcs/sources_1/new/make_square.v:125]
INFO: [Synth 8-6155] done synthesizing module 'make_square' (12#1) [C:/Users/cyber/Desktop/Kashfy-EE2026-Vivado/MODS/MODS.srcs/sources_1/new/make_square.v:23]
INFO: [Synth 8-6157] synthesizing module 'Oled_Display' [C:/Users/cyber/Desktop/Kashfy-EE2026-Vivado/MODS/MODS.srcs/sources_1/imports/Desktop/Oled_Display.v:36]
	Parameter Width bound to: 96 - type: integer 
	Parameter Height bound to: 64 - type: integer 
	Parameter PixelCount bound to: 6144 - type: integer 
	Parameter PixelCountWidth bound to: 13 - type: integer 
	Parameter ClkFreq bound to: 6250000 - type: integer 
	Parameter FrameFreq bound to: 60 - type: integer 
	Parameter FrameDiv bound to: 104166 - type: integer 
	Parameter FrameDivWidth bound to: 17 - type: integer 
	Parameter PowerDelay bound to: 20 - type: integer 
	Parameter ResetDelay bound to: 3 - type: integer 
	Parameter VccEnDelay bound to: 20 - type: integer 
	Parameter StartupCompleteDelay bound to: 100 - type: integer 
	Parameter MaxDelay bound to: 100 - type: integer 
	Parameter MaxDelayCount bound to: 625000 - type: integer 
	Parameter StateCount bound to: 32 - type: integer 
	Parameter StateWidth bound to: 5 - type: integer 
	Parameter PowerUp bound to: 5'b00000 
	Parameter Reset bound to: 5'b00001 
	Parameter ReleaseReset bound to: 5'b00011 
	Parameter EnableDriver bound to: 5'b00010 
	Parameter DisplayOff bound to: 5'b00110 
	Parameter SetRemapDisplayFormat bound to: 5'b00111 
	Parameter SetStartLine bound to: 5'b00101 
	Parameter SetOffset bound to: 5'b00100 
	Parameter SetNormalDisplay bound to: 5'b01100 
	Parameter SetMultiplexRatio bound to: 5'b01101 
	Parameter SetMasterConfiguration bound to: 5'b01111 
	Parameter DisablePowerSave bound to: 5'b01110 
	Parameter SetPhaseAdjust bound to: 5'b01010 
	Parameter SetDisplayClock bound to: 5'b01011 
	Parameter SetSecondPrechargeA bound to: 5'b01001 
	Parameter SetSecondPrechargeB bound to: 5'b01000 
	Parameter SetSecondPrechargeC bound to: 5'b11000 
	Parameter SetPrechargeLevel bound to: 5'b11001 
	Parameter SetVCOMH bound to: 5'b11011 
	Parameter SetMasterCurrent bound to: 5'b11010 
	Parameter SetContrastA bound to: 5'b11110 
	Parameter SetContrastB bound to: 5'b11111 
	Parameter SetContrastC bound to: 5'b11101 
	Parameter DisableScrolling bound to: 5'b11100 
	Parameter ClearScreen bound to: 5'b10100 
	Parameter VccEn bound to: 5'b10101 
	Parameter DisplayOn bound to: 5'b10111 
	Parameter PrepareNextFrame bound to: 5'b10110 
	Parameter SetColAddress bound to: 5'b10010 
	Parameter SetRowAddress bound to: 5'b10011 
	Parameter WaitNextFrame bound to: 5'b10001 
	Parameter SendPixel bound to: 5'b10000 
	Parameter SpiCommandMaxWidth bound to: 40 - type: integer 
	Parameter SpiCommandBitCountWidth bound to: 6 - type: integer 
INFO: [Synth 8-226] default block is never used [C:/Users/cyber/Desktop/Kashfy-EE2026-Vivado/MODS/MODS.srcs/sources_1/imports/Desktop/Oled_Display.v:123]
INFO: [Synth 8-226] default block is never used [C:/Users/cyber/Desktop/Kashfy-EE2026-Vivado/MODS/MODS.srcs/sources_1/imports/Desktop/Oled_Display.v:198]
WARNING: [Synth 8-693] zero replication count - replication ignored [C:/Users/cyber/Desktop/Kashfy-EE2026-Vivado/MODS/MODS.srcs/sources_1/imports/Desktop/Oled_Display.v:346]
INFO: [Synth 8-6155] done synthesizing module 'Oled_Display' (13#1) [C:/Users/cyber/Desktop/Kashfy-EE2026-Vivado/MODS/MODS.srcs/sources_1/imports/Desktop/Oled_Display.v:36]
INFO: [Synth 8-6155] done synthesizing module 'Top_Student' (14#1) [C:/Users/cyber/Desktop/Kashfy-EE2026-Vivado/MODS/MODS.srcs/sources_1/new/Top_Student.v:14]
WARNING: [Synth 8-3331] design sprite_3 has unconnected port y_oled[6]
WARNING: [Synth 8-3331] design sprite_3 has unconnected port y_oled[5]
WARNING: [Synth 8-3331] design sprite_3 has unconnected port y_oled[4]
WARNING: [Synth 8-3331] design sprite_3 has unconnected port y_oled[3]
WARNING: [Synth 8-3331] design sprite_3 has unconnected port y_oled[2]
WARNING: [Synth 8-3331] design sprite_3 has unconnected port y_oled[1]
WARNING: [Synth 8-3331] design sprite_3 has unconnected port y_oled[0]
WARNING: [Synth 8-3331] design sprite_3 has unconnected port y_ref[6]
WARNING: [Synth 8-3331] design sprite_3 has unconnected port y_ref[5]
WARNING: [Synth 8-3331] design sprite_3 has unconnected port y_ref[4]
WARNING: [Synth 8-3331] design sprite_3 has unconnected port y_ref[3]
WARNING: [Synth 8-3331] design sprite_3 has unconnected port y_ref[2]
WARNING: [Synth 8-3331] design sprite_3 has unconnected port y_ref[1]
WARNING: [Synth 8-3331] design sprite_3 has unconnected port y_ref[0]
WARNING: [Synth 8-3331] design sprite_3 has unconnected port sprite_height[6]
WARNING: [Synth 8-3331] design sprite_3 has unconnected port sprite_height[5]
WARNING: [Synth 8-3331] design sprite_3 has unconnected port sprite_height[4]
WARNING: [Synth 8-3331] design sprite_3 has unconnected port sprite_height[3]
WARNING: [Synth 8-3331] design sprite_3 has unconnected port sprite_height[2]
WARNING: [Synth 8-3331] design sprite_3 has unconnected port sprite_height[1]
WARNING: [Synth 8-3331] design sprite_3 has unconnected port sprite_height[0]
WARNING: [Synth 8-3331] design sprite_2 has unconnected port y_oled[6]
WARNING: [Synth 8-3331] design sprite_2 has unconnected port y_oled[5]
WARNING: [Synth 8-3331] design sprite_2 has unconnected port y_oled[4]
WARNING: [Synth 8-3331] design sprite_2 has unconnected port y_oled[3]
WARNING: [Synth 8-3331] design sprite_2 has unconnected port y_oled[2]
WARNING: [Synth 8-3331] design sprite_2 has unconnected port y_oled[1]
WARNING: [Synth 8-3331] design sprite_2 has unconnected port y_oled[0]
WARNING: [Synth 8-3331] design sprite_2 has unconnected port y_ref[6]
WARNING: [Synth 8-3331] design sprite_2 has unconnected port y_ref[5]
WARNING: [Synth 8-3331] design sprite_2 has unconnected port y_ref[4]
WARNING: [Synth 8-3331] design sprite_2 has unconnected port y_ref[3]
WARNING: [Synth 8-3331] design sprite_2 has unconnected port y_ref[2]
WARNING: [Synth 8-3331] design sprite_2 has unconnected port y_ref[1]
WARNING: [Synth 8-3331] design sprite_2 has unconnected port y_ref[0]
WARNING: [Synth 8-3331] design sprite_2 has unconnected port sprite_height[6]
WARNING: [Synth 8-3331] design sprite_2 has unconnected port sprite_height[5]
WARNING: [Synth 8-3331] design sprite_2 has unconnected port sprite_height[4]
WARNING: [Synth 8-3331] design sprite_2 has unconnected port sprite_height[3]
WARNING: [Synth 8-3331] design sprite_2 has unconnected port sprite_height[2]
WARNING: [Synth 8-3331] design sprite_2 has unconnected port sprite_height[1]
WARNING: [Synth 8-3331] design sprite_2 has unconnected port sprite_height[0]
WARNING: [Synth 8-3331] design sprite_1 has unconnected port x_oled[6]
WARNING: [Synth 8-3331] design sprite_1 has unconnected port x_oled[5]
WARNING: [Synth 8-3331] design sprite_1 has unconnected port x_oled[4]
WARNING: [Synth 8-3331] design sprite_1 has unconnected port x_oled[3]
WARNING: [Synth 8-3331] design sprite_1 has unconnected port x_oled[2]
WARNING: [Synth 8-3331] design sprite_1 has unconnected port x_oled[1]
WARNING: [Synth 8-3331] design sprite_1 has unconnected port x_oled[0]
WARNING: [Synth 8-3331] design sprite_1 has unconnected port x_ref[6]
WARNING: [Synth 8-3331] design sprite_1 has unconnected port x_ref[5]
WARNING: [Synth 8-3331] design sprite_1 has unconnected port x_ref[4]
WARNING: [Synth 8-3331] design sprite_1 has unconnected port x_ref[3]
WARNING: [Synth 8-3331] design sprite_1 has unconnected port x_ref[2]
WARNING: [Synth 8-3331] design sprite_1 has unconnected port x_ref[1]
WARNING: [Synth 8-3331] design sprite_1 has unconnected port x_ref[0]
WARNING: [Synth 8-3331] design sprite_1 has unconnected port sprite_width[6]
WARNING: [Synth 8-3331] design sprite_1 has unconnected port sprite_width[5]
WARNING: [Synth 8-3331] design sprite_1 has unconnected port sprite_width[4]
WARNING: [Synth 8-3331] design sprite_1 has unconnected port sprite_width[3]
WARNING: [Synth 8-3331] design sprite_1 has unconnected port sprite_width[2]
WARNING: [Synth 8-3331] design sprite_1 has unconnected port sprite_width[1]
WARNING: [Synth 8-3331] design sprite_1 has unconnected port sprite_width[0]
WARNING: [Synth 8-3331] design make_square has unconnected port sprite_no[3]
WARNING: [Synth 8-3331] design make_square has unconnected port sprite_no[2]
WARNING: [Synth 8-3331] design make_square has unconnected port sprite_no[1]
WARNING: [Synth 8-3331] design make_square has unconnected port sprite_no[0]
WARNING: [Synth 8-3331] design make_square has unconnected port sq_colour[15]
WARNING: [Synth 8-3331] design make_square has unconnected port sq_colour[14]
WARNING: [Synth 8-3331] design make_square has unconnected port sq_colour[13]
WARNING: [Synth 8-3331] design make_square has unconnected port sq_colour[12]
WARNING: [Synth 8-3331] design make_square has unconnected port sq_colour[11]
WARNING: [Synth 8-3331] design make_square has unconnected port sq_colour[10]
WARNING: [Synth 8-3331] design make_square has unconnected port sq_colour[9]
WARNING: [Synth 8-3331] design make_square has unconnected port sq_colour[8]
WARNING: [Synth 8-3331] design make_square has unconnected port sq_colour[7]
WARNING: [Synth 8-3331] design make_square has unconnected port sq_colour[6]
WARNING: [Synth 8-3331] design make_square has unconnected port sq_colour[5]
WARNING: [Synth 8-3331] design make_square has unconnected port sq_colour[4]
WARNING: [Synth 8-3331] design make_square has unconnected port sq_colour[3]
WARNING: [Synth 8-3331] design make_square has unconnected port sq_colour[2]
WARNING: [Synth 8-3331] design make_square has unconnected port sq_colour[1]
WARNING: [Synth 8-3331] design make_square has unconnected port sq_colour[0]
WARNING: [Synth 8-3331] design make_square has unconnected port sq_colour2[15]
WARNING: [Synth 8-3331] design make_square has unconnected port sq_colour2[14]
WARNING: [Synth 8-3331] design make_square has unconnected port sq_colour2[13]
WARNING: [Synth 8-3331] design make_square has unconnected port sq_colour2[12]
WARNING: [Synth 8-3331] design make_square has unconnected port sq_colour2[11]
WARNING: [Synth 8-3331] design make_square has unconnected port sq_colour2[10]
WARNING: [Synth 8-3331] design make_square has unconnected port sq_colour2[9]
WARNING: [Synth 8-3331] design make_square has unconnected port sq_colour2[8]
WARNING: [Synth 8-3331] design make_square has unconnected port sq_colour2[7]
WARNING: [Synth 8-3331] design make_square has unconnected port sq_colour2[6]
WARNING: [Synth 8-3331] design make_square has unconnected port sq_colour2[5]
WARNING: [Synth 8-3331] design make_square has unconnected port sq_colour2[4]
WARNING: [Synth 8-3331] design make_square has unconnected port sq_colour2[3]
WARNING: [Synth 8-3331] design make_square has unconnected port sq_colour2[2]
WARNING: [Synth 8-3331] design make_square has unconnected port sq_colour2[1]
WARNING: [Synth 8-3331] design make_square has unconnected port sq_colour2[0]
WARNING: [Synth 8-3331] design make_square has unconnected port sq_colour3[15]
INFO: [Common 17-14] Message 'Synth 8-3331' appears 100 times and further instances of the messages will be disabled. Use the Tcl command set_msg_config to change the current settings.
---------------------------------------------------------------------------------
Finished RTL Elaboration : Time (s): cpu = 00:00:02 ; elapsed = 00:00:03 . Memory (MB): peak = 413.715 ; gain = 153.406
---------------------------------------------------------------------------------

Report Check Netlist: 
+------+------------------+-------+---------+-------+------------------+
|      |Item              |Errors |Warnings |Status |Description       |
+------+------------------+-------+---------+-------+------------------+
|1     |multi_driven_nets |      0|        0|Passed |Multi driven nets |
+------+------------------+-------+---------+-------+------------------+
---------------------------------------------------------------------------------
Start Handling Custom Attributes
---------------------------------------------------------------------------------
---------------------------------------------------------------------------------
Finished Handling Custom Attributes : Time (s): cpu = 00:00:02 ; elapsed = 00:00:03 . Memory (MB): peak = 413.715 ; gain = 153.406
---------------------------------------------------------------------------------
---------------------------------------------------------------------------------
Finished RTL Optimization Phase 1 : Time (s): cpu = 00:00:02 ; elapsed = 00:00:03 . Memory (MB): peak = 413.715 ; gain = 153.406
---------------------------------------------------------------------------------
INFO: [Device 21-403] Loading part xc7a35tcpg236-1
INFO: [Project 1-570] Preparing netlist for logic optimization

Processing XDC Constraints
Initializing timing engine
Parsing XDC File [C:/Users/cyber/Desktop/Kashfy-EE2026-Vivado/MODS/MODS.srcs/constrs_1/new/konstrens.xdc]
WARNING: [Vivado 12-584] No ports matched 'PS2Clk'. [C:/Users/cyber/Desktop/Kashfy-EE2026-Vivado/MODS/MODS.srcs/constrs_1/new/konstrens.xdc:138]
CRITICAL WARNING: [Common 17-55] 'set_property' expects at least one object. [C:/Users/cyber/Desktop/Kashfy-EE2026-Vivado/MODS/MODS.srcs/constrs_1/new/konstrens.xdc:138]
Resolution: If [get_<value>] was used to populate the object, check to make sure this command returns at least one valid object.
WARNING: [Vivado 12-584] No ports matched 'PS2Data'. [C:/Users/cyber/Desktop/Kashfy-EE2026-Vivado/MODS/MODS.srcs/constrs_1/new/konstrens.xdc:139]
CRITICAL WARNING: [Common 17-55] 'set_property' expects at least one object. [C:/Users/cyber/Desktop/Kashfy-EE2026-Vivado/MODS/MODS.srcs/constrs_1/new/konstrens.xdc:139]
Resolution: If [get_<value>] was used to populate the object, check to make sure this command returns at least one valid object.
Finished Parsing XDC File [C:/Users/cyber/Desktop/Kashfy-EE2026-Vivado/MODS/MODS.srcs/constrs_1/new/konstrens.xdc]
INFO: [Project 1-236] Implementation specific constraints were found while reading constraint file [C:/Users/cyber/Desktop/Kashfy-EE2026-Vivado/MODS/MODS.srcs/constrs_1/new/konstrens.xdc]. These constraints will be ignored for synthesis but will be used in implementation. Impacted constraints are listed in the file [.Xil/Top_Student_propImpl.xdc].
Resolution: To avoid this warning, move constraints listed in [.Xil/Top_Student_propImpl.xdc] to another XDC file and exclude this new file from synthesis with the used_in_synthesis property (File Properties dialog in GUI) and re-run elaboration/synthesis.
Completed Processing XDC Constraints

INFO: [Project 1-111] Unisim Transformation Summary:
No Unisim elements were transformed.

Constraint Validation Runtime : Time (s): cpu = 00:00:00 ; elapsed = 00:00:00.006 . Memory (MB): peak = 763.219 ; gain = 0.000
---------------------------------------------------------------------------------
Finished Constraint Validation : Time (s): cpu = 00:00:06 ; elapsed = 00:00:12 . Memory (MB): peak = 763.219 ; gain = 502.910
---------------------------------------------------------------------------------
---------------------------------------------------------------------------------
Start Loading Part and Timing Information
---------------------------------------------------------------------------------
Loading part: xc7a35tcpg236-1
---------------------------------------------------------------------------------
Finished Loading Part and Timing Information : Time (s): cpu = 00:00:06 ; elapsed = 00:00:12 . Memory (MB): peak = 763.219 ; gain = 502.910
---------------------------------------------------------------------------------
---------------------------------------------------------------------------------
Start Applying 'set_property' XDC Constraints
---------------------------------------------------------------------------------
---------------------------------------------------------------------------------
Finished applying 'set_property' XDC Constraints : Time (s): cpu = 00:00:06 ; elapsed = 00:00:12 . Memory (MB): peak = 763.219 ; gain = 502.910
---------------------------------------------------------------------------------
INFO: [Synth 8-5545] ROM "slow_clk0" won't be mapped to RAM because address size (32) is larger than maximum supported(25)
INFO: [Synth 8-5546] ROM "is_y_stat0" won't be mapped to RAM because it is too sparse
INFO: [Synth 8-5546] ROM "is_y_stat0" won't be mapped to RAM because it is too sparse
INFO: [Synth 8-5544] ROM "sprite_no" won't be mapped to Block RAM because address size (1) smaller than threshold (5)
INFO: [Synth 8-5546] ROM "is_y_stat0" won't be mapped to RAM because it is too sparse
INFO: [Synth 8-5546] ROM "is_y_stat0" won't be mapped to RAM because it is too sparse
INFO: [Synth 8-5546] ROM "stop_falling" won't be mapped to RAM because it is too sparse
INFO: [Synth 8-5546] ROM "stop_falling" won't be mapped to RAM because it is too sparse
INFO: [Synth 8-802] inferred FSM for state register 'state_reg' in module 'Oled_Display'
INFO: [Synth 8-5546] ROM "fsm_next_state0" won't be mapped to RAM because it is too sparse
INFO: [Synth 8-5544] ROM "fsm_next_state0" won't be mapped to Block RAM because address size (1) smaller than threshold (5)
INFO: [Synth 8-5546] ROM "fsm_next_state0" won't be mapped to RAM because it is too sparse
---------------------------------------------------------------------------------------------------
                   State |                     New Encoding |                Previous Encoding 
---------------------------------------------------------------------------------------------------
                 PowerUp | 00000000100000000000000000000000 |                            00000
                   Reset | 00000000000100000000000000000000 |                            00001
            ReleaseReset | 00000000000000000000100000000000 |                            00011
            EnableDriver | 00000000000000000001000000000000 |                            00010
              DisplayOff | 00000000000000000100000000000000 |                            00110
   SetRemapDisplayFormat | 00000100000000000000000000000000 |                            00111
            SetStartLine | 00001000000000000000000000000000 |                            00101
               SetOffset | 10000000000000000000000000000000 |                            00100
        SetNormalDisplay | 00000000000000000000000010000000 |                            01100
       SetMultiplexRatio | 00000000000000000000000000100000 |                            01101
  SetMasterConfiguration | 00000000000000000000000001000000 |                            01111
        DisablePowerSave | 00000000000000000000000000000100 |                            01110
          SetPhaseAdjust | 00000000000000000000000000001000 |                            01010
         SetDisplayClock | 00000000001000000000000000000000 |                            01011
     SetSecondPrechargeA | 00000000010000000000000000000000 |                            01001
     SetSecondPrechargeB | 01000000000000000000000000000000 |                            01000
     SetSecondPrechargeC | 00000010000000000000000000000000 |                            11000
       SetPrechargeLevel | 00000001000000000000000000000000 |                            11001
                SetVCOMH | 00000000000000010000000000000000 |                            11011
        SetMasterCurrent | 00000000000000100000000000000000 |                            11010
            SetContrastA | 00000000000001000000000000000000 |                            11110
            SetContrastB | 00100000000000000000000000000000 |                            11111
            SetContrastC | 00000000000000000000000000000001 |                            11101
        DisableScrolling | 00000000000000000000000000000010 |                            11100
             ClearScreen | 00000000000000000000000000010000 |                            10100
                   VccEn | 00010000000000000000000000000000 |                            10101
               DisplayOn | 00000000000010000000000000000000 |                            10111
        PrepareNextFrame | 00000000000000001000000000000000 |                            10110
           SetColAddress | 00000000000000000000010000000000 |                            10010
           SetRowAddress | 00000000000000000000000100000000 |                            10011
           WaitNextFrame | 00000000000000000000001000000000 |                            10001
               SendPixel | 00000000000000000010000000000000 |                            10000
---------------------------------------------------------------------------------------------------
INFO: [Synth 8-3354] encoded FSM with state register 'state_reg' using encoding 'one-hot' in module 'Oled_Display'
---------------------------------------------------------------------------------
Finished RTL Optimization Phase 2 : Time (s): cpu = 00:00:06 ; elapsed = 00:00:13 . Memory (MB): peak = 763.219 ; gain = 502.910
---------------------------------------------------------------------------------
INFO: [Synth 8-223] decloning instance 'clk_6p25MHz' (flexy_clock) to 'clk_25MHz'

Report RTL Partitions: 
+-+--------------+------------+----------+
| |RTL Partition |Replication |Instances |
+-+--------------+------------+----------+
+-+--------------+------------+----------+
---------------------------------------------------------------------------------
Start RTL Component Statistics 
---------------------------------------------------------------------------------
Detailed RTL Component Info : 
+---Adders : 
	   4 Input     33 Bit       Adders := 3     
	   2 Input     32 Bit       Adders := 11    
	   3 Input     32 Bit       Adders := 8     
	   2 Input     17 Bit       Adders := 1     
	   2 Input      9 Bit       Adders := 5     
	   3 Input      9 Bit       Adders := 1     
	   4 Input      9 Bit       Adders := 1     
	   2 Input      8 Bit       Adders := 11    
	   3 Input      8 Bit       Adders := 19    
	   2 Input      7 Bit       Adders := 59    
	   3 Input      7 Bit       Adders := 1     
	   2 Input      6 Bit       Adders := 1     
	   2 Input      3 Bit       Adders := 1     
+---Registers : 
	               40 Bit    Registers := 1     
	               32 Bit    Registers := 8     
	               17 Bit    Registers := 1     
	               16 Bit    Registers := 4     
	                7 Bit    Registers := 13    
	                6 Bit    Registers := 1     
	                3 Bit    Registers := 3     
	                2 Bit    Registers := 1     
	                1 Bit    Registers := 14    
+---Muxes : 
	   2 Input     40 Bit        Muxes := 3     
	   2 Input     32 Bit        Muxes := 22    
	   3 Input     32 Bit        Muxes := 1     
	  32 Input     32 Bit        Muxes := 1     
	  32 Input     20 Bit        Muxes := 1     
	   2 Input     17 Bit        Muxes := 1     
	   2 Input     16 Bit        Muxes := 11    
	   3 Input     16 Bit        Muxes := 1     
	   2 Input     11 Bit        Muxes := 2     
	   2 Input      7 Bit        Muxes := 53    
	  10 Input      7 Bit        Muxes := 2     
	   6 Input      7 Bit        Muxes := 1     
	   3 Input      7 Bit        Muxes := 1     
	   7 Input      7 Bit        Muxes := 1     
	  32 Input      6 Bit        Muxes := 1     
	   2 Input      6 Bit        Muxes := 1     
	   2 Input      5 Bit        Muxes := 2     
	  32 Input      5 Bit        Muxes := 1     
	   2 Input      3 Bit        Muxes := 4     
	   2 Input      2 Bit        Muxes := 4     
	   3 Input      2 Bit        Muxes := 3     
	   2 Input      1 Bit        Muxes := 9     
	   3 Input      1 Bit        Muxes := 1     
	   5 Input      1 Bit        Muxes := 1     
---------------------------------------------------------------------------------
Finished RTL Component Statistics 
---------------------------------------------------------------------------------
---------------------------------------------------------------------------------
Start RTL Hierarchical Component Statistics 
---------------------------------------------------------------------------------
Hierarchical RTL Component report 
Module flexy_clock 
Detailed RTL Component Info : 
+---Registers : 
	                1 Bit    Registers := 1     
+---Muxes : 
	   2 Input      1 Bit        Muxes := 1     
Module direction_mux 
Detailed RTL Component Info : 
+---Registers : 
	                7 Bit    Registers := 2     
+---Muxes : 
	   2 Input      7 Bit        Muxes := 3     
Module animate 
Detailed RTL Component Info : 
+---Adders : 
	   4 Input     33 Bit       Adders := 1     
	   2 Input     32 Bit       Adders := 4     
	   3 Input     32 Bit       Adders := 3     
	   2 Input      9 Bit       Adders := 2     
	   2 Input      8 Bit       Adders := 3     
	   2 Input      7 Bit       Adders := 11    
+---Registers : 
	               32 Bit    Registers := 3     
	               16 Bit    Registers := 1     
	                7 Bit    Registers := 3     
	                2 Bit    Registers := 1     
	                1 Bit    Registers := 2     
+---Muxes : 
	   2 Input     32 Bit        Muxes := 13    
	   2 Input      7 Bit        Muxes := 10    
	  10 Input      7 Bit        Muxes := 1     
	   6 Input      7 Bit        Muxes := 1     
	   2 Input      2 Bit        Muxes := 2     
	   3 Input      2 Bit        Muxes := 1     
Module hero_damage 
Detailed RTL Component Info : 
+---Adders : 
	   2 Input     32 Bit       Adders := 1     
+---Registers : 
	               32 Bit    Registers := 1     
	                3 Bit    Registers := 1     
+---Muxes : 
	   3 Input     32 Bit        Muxes := 1     
	   2 Input     32 Bit        Muxes := 1     
	   2 Input      3 Bit        Muxes := 3     
	   3 Input      2 Bit        Muxes := 1     
Module touch_muff 
Detailed RTL Component Info : 
+---Adders : 
	   2 Input      3 Bit       Adders := 1     
+---Registers : 
	                3 Bit    Registers := 2     
+---Muxes : 
	   2 Input      3 Bit        Muxes := 1     
Module projectile_animate 
Detailed RTL Component Info : 
+---Adders : 
	   3 Input     32 Bit       Adders := 1     
	   3 Input      9 Bit       Adders := 1     
	   3 Input      8 Bit       Adders := 2     
	   2 Input      7 Bit       Adders := 9     
	   3 Input      7 Bit       Adders := 1     
+---Registers : 
	                7 Bit    Registers := 3     
+---Muxes : 
	   2 Input      7 Bit        Muxes := 12    
	   3 Input      7 Bit        Muxes := 1     
	   3 Input      2 Bit        Muxes := 1     
Module enimate 
Detailed RTL Component Info : 
+---Adders : 
	   4 Input     33 Bit       Adders := 1     
	   2 Input     32 Bit       Adders := 4     
	   3 Input     32 Bit       Adders := 3     
	   2 Input      9 Bit       Adders := 2     
	   2 Input      8 Bit       Adders := 3     
	   3 Input      8 Bit       Adders := 2     
	   2 Input      7 Bit       Adders := 16    
+---Registers : 
	               32 Bit    Registers := 3     
	               16 Bit    Registers := 1     
	                7 Bit    Registers := 2     
	                1 Bit    Registers := 2     
+---Muxes : 
	   2 Input     32 Bit        Muxes := 5     
	   2 Input      7 Bit        Muxes := 4     
	  10 Input      7 Bit        Muxes := 1     
	   7 Input      7 Bit        Muxes := 1     
	   2 Input      2 Bit        Muxes := 2     
Module muffinimate 
Detailed RTL Component Info : 
+---Adders : 
	   4 Input     33 Bit       Adders := 1     
	   2 Input     32 Bit       Adders := 2     
	   3 Input     32 Bit       Adders := 1     
	   2 Input      9 Bit       Adders := 1     
	   2 Input      8 Bit       Adders := 2     
	   3 Input      8 Bit       Adders := 3     
	   2 Input      7 Bit       Adders := 11    
+---Registers : 
	               32 Bit    Registers := 1     
	               16 Bit    Registers := 1     
	                7 Bit    Registers := 3     
	                1 Bit    Registers := 3     
+---Muxes : 
	   2 Input     32 Bit        Muxes := 1     
	   2 Input      7 Bit        Muxes := 24    
	   3 Input      1 Bit        Muxes := 1     
Module sprite_1 
Detailed RTL Component Info : 
+---Adders : 
	   4 Input      9 Bit       Adders := 1     
	   2 Input      8 Bit       Adders := 1     
+---Muxes : 
	   2 Input     16 Bit        Muxes := 1     
	   2 Input     11 Bit        Muxes := 1     
Module sprite_2 
Detailed RTL Component Info : 
+---Adders : 
	   2 Input      8 Bit       Adders := 1     
+---Muxes : 
	   3 Input     16 Bit        Muxes := 1     
Module sprite_3 
Detailed RTL Component Info : 
+---Adders : 
	   2 Input      8 Bit       Adders := 1     
+---Muxes : 
	   2 Input     16 Bit        Muxes := 2     
	   2 Input     11 Bit        Muxes := 1     
Module make_square 
Detailed RTL Component Info : 
+---Adders : 
	   3 Input      8 Bit       Adders := 12    
	   2 Input      7 Bit       Adders := 12    
+---Registers : 
	               16 Bit    Registers := 1     
+---Muxes : 
	   2 Input     16 Bit        Muxes := 8     
	   5 Input      1 Bit        Muxes := 1     
Module Oled_Display 
Detailed RTL Component Info : 
+---Adders : 
	   2 Input     17 Bit       Adders := 1     
	   2 Input      6 Bit       Adders := 1     
+---Registers : 
	               40 Bit    Registers := 1     
	               17 Bit    Registers := 1     
	                6 Bit    Registers := 1     
+---Muxes : 
	   2 Input     40 Bit        Muxes := 3     
	  32 Input     32 Bit        Muxes := 1     
	   2 Input     32 Bit        Muxes := 2     
	  32 Input     20 Bit        Muxes := 1     
	   2 Input     17 Bit        Muxes := 1     
	  32 Input      6 Bit        Muxes := 1     
	   2 Input      6 Bit        Muxes := 1     
	   2 Input      5 Bit        Muxes := 2     
	  32 Input      5 Bit        Muxes := 1     
	   2 Input      1 Bit        Muxes := 2     
---------------------------------------------------------------------------------
Finished RTL Hierarchical Component Statistics
---------------------------------------------------------------------------------
---------------------------------------------------------------------------------
Start Part Resource Summary
---------------------------------------------------------------------------------
Part Resources:
DSPs: 90 (col length:60)
BRAMs: 100 (col length: RAMB18 60 RAMB36 30)
---------------------------------------------------------------------------------
Finished Part Resource Summary
---------------------------------------------------------------------------------
---------------------------------------------------------------------------------
Start Cross Boundary and Area Optimization
---------------------------------------------------------------------------------
Warning: Parallel synthesis criteria is not met 
INFO: [Synth 8-5545] ROM "slow_clk0" won't be mapped to RAM because address size (32) is larger than maximum supported(25)
INFO: [Synth 8-5545] ROM "slow_clk0" won't be mapped to RAM because address size (32) is larger than maximum supported(25)
INFO: [Synth 8-5546] ROM "is_y_stat0" won't be mapped to RAM because it is too sparse
INFO: [Synth 8-5545] ROM "nolabel_line36/slow_clk0" won't be mapped to RAM because address size (32) is larger than maximum supported(25)
INFO: [Synth 8-5545] ROM "nolabel_line29/slow_clk0" won't be mapped to RAM because address size (32) is larger than maximum supported(25)
INFO: [Synth 8-5545] ROM "get_fps_clock/slow_clk0" won't be mapped to RAM because address size (32) is larger than maximum supported(25)
INFO: [Synth 8-5545] ROM "slow_clk0" won't be mapped to RAM because address size (32) is larger than maximum supported(25)
INFO: [Synth 8-5546] ROM "is_y_stat0" won't be mapped to RAM because it is too sparse
INFO: [Synth 8-5545] ROM "get_fps_clock/slow_clk0" won't be mapped to RAM because address size (32) is larger than maximum supported(25)
INFO: [Synth 8-5546] ROM "fsm_next_state0" won't be mapped to RAM because it is too sparse
INFO: [Synth 8-5546] ROM "fsm_next_state0" won't be mapped to RAM because it is too sparse
INFO: [Synth 8-3886] merging instance 'draw_sq/oled_data_reg[0]' (FDE) to 'draw_sq/oled_data_reg[4]'
INFO: [Synth 8-3886] merging instance 'draw_sq/oled_data_reg[1]' (FDE) to 'draw_sq/oled_data_reg[4]'
INFO: [Synth 8-3886] merging instance 'draw_sq/oled_data_reg[2]' (FDE) to 'draw_sq/oled_data_reg[4]'
INFO: [Synth 8-3886] merging instance 'draw_sq/oled_data_reg[3]' (FDE) to 'draw_sq/oled_data_reg[4]'
INFO: [Synth 8-3886] merging instance 'draw_sq/oled_data_reg[5]' (FDE) to 'draw_sq/oled_data_reg[10]'
INFO: [Synth 8-3886] merging instance 'draw_sq/oled_data_reg[6]' (FDE) to 'draw_sq/oled_data_reg[10]'
INFO: [Synth 8-3886] merging instance 'draw_sq/oled_data_reg[7]' (FDE) to 'draw_sq/oled_data_reg[10]'
INFO: [Synth 8-3886] merging instance 'draw_sq/oled_data_reg[8]' (FDE) to 'draw_sq/oled_data_reg[10]'
INFO: [Synth 8-3886] merging instance 'draw_sq/oled_data_reg[9]' (FDE) to 'draw_sq/oled_data_reg[10]'
INFO: [Synth 8-3886] merging instance 'draw_sq/oled_data_reg[11]' (FDE) to 'draw_sq/oled_data_reg[15]'
INFO: [Synth 8-3886] merging instance 'draw_sq/oled_data_reg[12]' (FDE) to 'draw_sq/oled_data_reg[15]'
INFO: [Synth 8-3886] merging instance 'draw_sq/oled_data_reg[13]' (FDE) to 'draw_sq/oled_data_reg[15]'
INFO: [Synth 8-3886] merging instance 'choose_direction/y_vect_reg[1]' (FDSE) to 'choose_direction/y_vect_reg[2]'
INFO: [Synth 8-3886] merging instance 'choose_direction/y_vect_reg[2]' (FDSE) to 'choose_direction/y_vect_reg[3]'
INFO: [Synth 8-3886] merging instance 'choose_direction/y_vect_reg[3]' (FDSE) to 'choose_direction/y_vect_reg[4]'
INFO: [Synth 8-3886] merging instance 'choose_direction/y_vect_reg[4]' (FDSE) to 'choose_direction/y_vect_reg[5]'
INFO: [Synth 8-3886] merging instance 'choose_direction/y_vect_reg[5]' (FDSE) to 'choose_direction/y_vect_reg[6]'
INFO: [Synth 8-3886] merging instance 'choose_direction/x_vect_reg[6]' (FD) to 'choose_direction/x_vect_reg[1]'
INFO: [Synth 8-3886] merging instance 'choose_direction/x_vect_reg[5]' (FD) to 'choose_direction/x_vect_reg[1]'
INFO: [Synth 8-3886] merging instance 'choose_direction/x_vect_reg[4]' (FD) to 'choose_direction/x_vect_reg[1]'
INFO: [Synth 8-3886] merging instance 'choose_direction/x_vect_reg[3]' (FD) to 'choose_direction/x_vect_reg[1]'
INFO: [Synth 8-3886] merging instance 'choose_direction/x_vect_reg[2]' (FD) to 'choose_direction/x_vect_reg[1]'
INFO: [Synth 8-3886] merging instance 'draw_sq/oled_data_reg[14]' (FDE) to 'draw_sq/oled_data_reg[15]'
WARNING: [Synth 8-3332] Sequential element (center_sq_colour_reg[15]) is unused and will be removed from module animate.
WARNING: [Synth 8-3332] Sequential element (center_sq_colour_reg[14]) is unused and will be removed from module animate.
WARNING: [Synth 8-3332] Sequential element (center_sq_colour_reg[13]) is unused and will be removed from module animate.
WARNING: [Synth 8-3332] Sequential element (center_sq_colour_reg[12]) is unused and will be removed from module animate.
WARNING: [Synth 8-3332] Sequential element (center_sq_colour_reg[11]) is unused and will be removed from module animate.
WARNING: [Synth 8-3332] Sequential element (center_sq_colour_reg[10]) is unused and will be removed from module animate.
WARNING: [Synth 8-3332] Sequential element (center_sq_colour_reg[9]) is unused and will be removed from module animate.
WARNING: [Synth 8-3332] Sequential element (center_sq_colour_reg[8]) is unused and will be removed from module animate.
WARNING: [Synth 8-3332] Sequential element (center_sq_colour_reg[7]) is unused and will be removed from module animate.
WARNING: [Synth 8-3332] Sequential element (center_sq_colour_reg[6]) is unused and will be removed from module animate.
WARNING: [Synth 8-3332] Sequential element (center_sq_colour_reg[5]) is unused and will be removed from module animate.
WARNING: [Synth 8-3332] Sequential element (center_sq_colour_reg[4]) is unused and will be removed from module animate.
WARNING: [Synth 8-3332] Sequential element (center_sq_colour_reg[3]) is unused and will be removed from module animate.
WARNING: [Synth 8-3332] Sequential element (center_sq_colour_reg[2]) is unused and will be removed from module animate.
WARNING: [Synth 8-3332] Sequential element (center_sq_colour_reg[1]) is unused and will be removed from module animate.
WARNING: [Synth 8-3332] Sequential element (center_sq_colour_reg[0]) is unused and will be removed from module animate.
WARNING: [Synth 8-3332] Sequential element (sprite_no_reg[1]) is unused and will be removed from module animate.
WARNING: [Synth 8-3332] Sequential element (sprite_no_reg[0]) is unused and will be removed from module animate.
WARNING: [Synth 8-3332] Sequential element (jump_time_reg[31]) is unused and will be removed from module enimate.
WARNING: [Synth 8-3332] Sequential element (jump_time_reg[30]) is unused and will be removed from module enimate.
WARNING: [Synth 8-3332] Sequential element (jump_time_reg[29]) is unused and will be removed from module enimate.
WARNING: [Synth 8-3332] Sequential element (jump_time_reg[28]) is unused and will be removed from module enimate.
WARNING: [Synth 8-3332] Sequential element (jump_time_reg[27]) is unused and will be removed from module enimate.
WARNING: [Synth 8-3332] Sequential element (jump_time_reg[26]) is unused and will be removed from module enimate.
WARNING: [Synth 8-3332] Sequential element (jump_time_reg[25]) is unused and will be removed from module enimate.
WARNING: [Synth 8-3332] Sequential element (jump_time_reg[24]) is unused and will be removed from module enimate.
WARNING: [Synth 8-3332] Sequential element (jump_time_reg[23]) is unused and will be removed from module enimate.
WARNING: [Synth 8-3332] Sequential element (jump_time_reg[22]) is unused and will be removed from module enimate.
WARNING: [Synth 8-3332] Sequential element (jump_time_reg[21]) is unused and will be removed from module enimate.
WARNING: [Synth 8-3332] Sequential element (jump_time_reg[20]) is unused and will be removed from module enimate.
WARNING: [Synth 8-3332] Sequential element (jump_time_reg[19]) is unused and will be removed from module enimate.
WARNING: [Synth 8-3332] Sequential element (jump_time_reg[18]) is unused and will be removed from module enimate.
WARNING: [Synth 8-3332] Sequential element (jump_time_reg[17]) is unused and will be removed from module enimate.
WARNING: [Synth 8-3332] Sequential element (jump_time_reg[16]) is unused and will be removed from module enimate.
WARNING: [Synth 8-3332] Sequential element (jump_time_reg[15]) is unused and will be removed from module enimate.
WARNING: [Synth 8-3332] Sequential element (jump_time_reg[14]) is unused and will be removed from module enimate.
WARNING: [Synth 8-3332] Sequential element (jump_time_reg[13]) is unused and will be removed from module enimate.
WARNING: [Synth 8-3332] Sequential element (jump_time_reg[12]) is unused and will be removed from module enimate.
WARNING: [Synth 8-3332] Sequential element (jump_time_reg[11]) is unused and will be removed from module enimate.
WARNING: [Synth 8-3332] Sequential element (jump_time_reg[10]) is unused and will be removed from module enimate.
WARNING: [Synth 8-3332] Sequential element (jump_time_reg[9]) is unused and will be removed from module enimate.
WARNING: [Synth 8-3332] Sequential element (jump_time_reg[8]) is unused and will be removed from module enimate.
WARNING: [Synth 8-3332] Sequential element (jump_time_reg[7]) is unused and will be removed from module enimate.
WARNING: [Synth 8-3332] Sequential element (jump_time_reg[6]) is unused and will be removed from module enimate.
WARNING: [Synth 8-3332] Sequential element (jump_time_reg[5]) is unused and will be removed from module enimate.
WARNING: [Synth 8-3332] Sequential element (jump_time_reg[4]) is unused and will be removed from module enimate.
WARNING: [Synth 8-3332] Sequential element (jump_time_reg[3]) is unused and will be removed from module enimate.
WARNING: [Synth 8-3332] Sequential element (jump_time_reg[2]) is unused and will be removed from module enimate.
WARNING: [Synth 8-3332] Sequential element (jump_time_reg[1]) is unused and will be removed from module enimate.
WARNING: [Synth 8-3332] Sequential element (jump_time_reg[0]) is unused and will be removed from module enimate.
WARNING: [Synth 8-3332] Sequential element (center_sq_colour_reg[15]) is unused and will be removed from module enimate.
WARNING: [Synth 8-3332] Sequential element (center_sq_colour_reg[14]) is unused and will be removed from module enimate.
WARNING: [Synth 8-3332] Sequential element (center_sq_colour_reg[13]) is unused and will be removed from module enimate.
WARNING: [Synth 8-3332] Sequential element (center_sq_colour_reg[12]) is unused and will be removed from module enimate.
WARNING: [Synth 8-3332] Sequential element (center_sq_colour_reg[11]) is unused and will be removed from module enimate.
WARNING: [Synth 8-3332] Sequential element (center_sq_colour_reg[10]) is unused and will be removed from module enimate.
WARNING: [Synth 8-3332] Sequential element (center_sq_colour_reg[9]) is unused and will be removed from module enimate.
WARNING: [Synth 8-3332] Sequential element (center_sq_colour_reg[8]) is unused and will be removed from module enimate.
WARNING: [Synth 8-3332] Sequential element (center_sq_colour_reg[7]) is unused and will be removed from module enimate.
WARNING: [Synth 8-3332] Sequential element (center_sq_colour_reg[6]) is unused and will be removed from module enimate.
WARNING: [Synth 8-3332] Sequential element (center_sq_colour_reg[5]) is unused and will be removed from module enimate.
WARNING: [Synth 8-3332] Sequential element (center_sq_colour_reg[4]) is unused and will be removed from module enimate.
WARNING: [Synth 8-3332] Sequential element (center_sq_colour_reg[3]) is unused and will be removed from module enimate.
WARNING: [Synth 8-3332] Sequential element (center_sq_colour_reg[2]) is unused and will be removed from module enimate.
WARNING: [Synth 8-3332] Sequential element (center_sq_colour_reg[1]) is unused and will be removed from module enimate.
WARNING: [Synth 8-3332] Sequential element (center_sq_colour_reg[0]) is unused and will be removed from module enimate.
WARNING: [Synth 8-3332] Sequential element (center_sq_colour_reg[15]) is unused and will be removed from module muffinimate.
WARNING: [Synth 8-3332] Sequential element (center_sq_colour_reg[14]) is unused and will be removed from module muffinimate.
WARNING: [Synth 8-3332] Sequential element (center_sq_colour_reg[13]) is unused and will be removed from module muffinimate.
WARNING: [Synth 8-3332] Sequential element (center_sq_colour_reg[12]) is unused and will be removed from module muffinimate.
WARNING: [Synth 8-3332] Sequential element (center_sq_colour_reg[11]) is unused and will be removed from module muffinimate.
WARNING: [Synth 8-3332] Sequential element (center_sq_colour_reg[10]) is unused and will be removed from module muffinimate.
WARNING: [Synth 8-3332] Sequential element (center_sq_colour_reg[9]) is unused and will be removed from module muffinimate.
WARNING: [Synth 8-3332] Sequential element (center_sq_colour_reg[8]) is unused and will be removed from module muffinimate.
WARNING: [Synth 8-3332] Sequential element (center_sq_colour_reg[7]) is unused and will be removed from module muffinimate.
WARNING: [Synth 8-3332] Sequential element (center_sq_colour_reg[6]) is unused and will be removed from module muffinimate.
WARNING: [Synth 8-3332] Sequential element (center_sq_colour_reg[5]) is unused and will be removed from module muffinimate.
WARNING: [Synth 8-3332] Sequential element (center_sq_colour_reg[4]) is unused and will be removed from module muffinimate.
WARNING: [Synth 8-3332] Sequential element (center_sq_colour_reg[3]) is unused and will be removed from module muffinimate.
WARNING: [Synth 8-3332] Sequential element (center_sq_colour_reg[2]) is unused and will be removed from module muffinimate.
WARNING: [Synth 8-3332] Sequential element (center_sq_colour_reg[1]) is unused and will be removed from module muffinimate.
WARNING: [Synth 8-3332] Sequential element (center_sq_colour_reg[0]) is unused and will be removed from module muffinimate.
---------------------------------------------------------------------------------
Finished Cross Boundary and Area Optimization : Time (s): cpu = 00:00:12 ; elapsed = 00:00:28 . Memory (MB): peak = 763.219 ; gain = 502.910
---------------------------------------------------------------------------------

Report RTL Partitions: 
+-+--------------+------------+----------+
| |RTL Partition |Replication |Instances |
+-+--------------+------------+----------+
+-+--------------+------------+----------+
---------------------------------------------------------------------------------
Start Applying XDC Timing Constraints
---------------------------------------------------------------------------------
---------------------------------------------------------------------------------
Finished Applying XDC Timing Constraints : Time (s): cpu = 00:00:15 ; elapsed = 00:00:35 . Memory (MB): peak = 765.523 ; gain = 505.215
---------------------------------------------------------------------------------
---------------------------------------------------------------------------------
Start Timing Optimization
---------------------------------------------------------------------------------
---------------------------------------------------------------------------------
Finished Timing Optimization : Time (s): cpu = 00:00:15 ; elapsed = 00:00:36 . Memory (MB): peak = 788.680 ; gain = 528.371
---------------------------------------------------------------------------------

Report RTL Partitions: 
+-+--------------+------------+----------+
| |RTL Partition |Replication |Instances |
+-+--------------+------------+----------+
+-+--------------+------------+----------+
---------------------------------------------------------------------------------
Start Technology Mapping
---------------------------------------------------------------------------------
WARNING: [Synth 8-3332] Sequential element (animate_hero/jump_time_reg[31]) is unused and will be removed from module Top_Student.
WARNING: [Synth 8-3332] Sequential element (animate_hero/jump_time_reg[30]) is unused and will be removed from module Top_Student.
WARNING: [Synth 8-3332] Sequential element (animate_hero/jump_time_reg[29]) is unused and will be removed from module Top_Student.
WARNING: [Synth 8-3332] Sequential element (animate_hero/jump_time_reg[28]) is unused and will be removed from module Top_Student.
WARNING: [Synth 8-3332] Sequential element (animate_hero/jump_time_reg[27]) is unused and will be removed from module Top_Student.
WARNING: [Synth 8-3332] Sequential element (animate_hero/jump_time_reg[26]) is unused and will be removed from module Top_Student.
WARNING: [Synth 8-3332] Sequential element (animate_hero/jump_time_reg[25]) is unused and will be removed from module Top_Student.
WARNING: [Synth 8-3332] Sequential element (animate_hero/jump_time_reg[24]) is unused and will be removed from module Top_Student.
WARNING: [Synth 8-3332] Sequential element (animate_hero/jump_time_reg[23]) is unused and will be removed from module Top_Student.
WARNING: [Synth 8-3332] Sequential element (animate_hero/jump_time_reg[22]) is unused and will be removed from module Top_Student.
WARNING: [Synth 8-3332] Sequential element (animate_hero/jump_time_reg[21]) is unused and will be removed from module Top_Student.
WARNING: [Synth 8-3332] Sequential element (animate_hero/jump_time_reg[20]) is unused and will be removed from module Top_Student.
WARNING: [Synth 8-3332] Sequential element (animate_hero/jump_time_reg[19]) is unused and will be removed from module Top_Student.
WARNING: [Synth 8-3332] Sequential element (animate_hero/jump_time_reg[18]) is unused and will be removed from module Top_Student.
WARNING: [Synth 8-3332] Sequential element (animate_hero/jump_time_reg[17]) is unused and will be removed from module Top_Student.
WARNING: [Synth 8-3332] Sequential element (animate_hero/jump_time_reg[16]) is unused and will be removed from module Top_Student.
WARNING: [Synth 8-3332] Sequential element (animate_hero/jump_time_reg[15]) is unused and will be removed from module Top_Student.
WARNING: [Synth 8-3332] Sequential element (animate_hero/jump_time_reg[14]) is unused and will be removed from module Top_Student.
INFO: [Common 17-14] Message 'Synth 8-3332' appears 100 times and further instances of the messages will be disabled. Use the Tcl command set_msg_config to change the current settings.
---------------------------------------------------------------------------------
Finished Technology Mapping : Time (s): cpu = 00:00:16 ; elapsed = 00:00:37 . Memory (MB): peak = 860.125 ; gain = 599.816
---------------------------------------------------------------------------------

Report RTL Partitions: 
+-+--------------+------------+----------+
| |RTL Partition |Replication |Instances |
+-+--------------+------------+----------+
+-+--------------+------------+----------+
---------------------------------------------------------------------------------
Start IO Insertion
---------------------------------------------------------------------------------
---------------------------------------------------------------------------------
Start Flattening Before IO Insertion
---------------------------------------------------------------------------------
---------------------------------------------------------------------------------
Finished Flattening Before IO Insertion
---------------------------------------------------------------------------------
---------------------------------------------------------------------------------
Start Final Netlist Cleanup
---------------------------------------------------------------------------------
---------------------------------------------------------------------------------
Finished Final Netlist Cleanup
---------------------------------------------------------------------------------
---------------------------------------------------------------------------------
Finished IO Insertion : Time (s): cpu = 00:00:17 ; elapsed = 00:00:38 . Memory (MB): peak = 860.125 ; gain = 599.816
---------------------------------------------------------------------------------

Report Check Netlist: 
+------+------------------+-------+---------+-------+------------------+
|      |Item              |Errors |Warnings |Status |Description       |
+------+------------------+-------+---------+-------+------------------+
|1     |multi_driven_nets |      0|        0|Passed |Multi driven nets |
+------+------------------+-------+---------+-------+------------------+
---------------------------------------------------------------------------------
Start Renaming Generated Instances
---------------------------------------------------------------------------------
---------------------------------------------------------------------------------
Finished Renaming Generated Instances : Time (s): cpu = 00:00:17 ; elapsed = 00:00:39 . Memory (MB): peak = 860.125 ; gain = 599.816
---------------------------------------------------------------------------------

Report RTL Partitions: 
+-+--------------+------------+----------+
| |RTL Partition |Replication |Instances |
+-+--------------+------------+----------+
+-+--------------+------------+----------+
---------------------------------------------------------------------------------
Start Rebuilding User Hierarchy
---------------------------------------------------------------------------------
---------------------------------------------------------------------------------
Finished Rebuilding User Hierarchy : Time (s): cpu = 00:00:17 ; elapsed = 00:00:39 . Memory (MB): peak = 860.125 ; gain = 599.816
---------------------------------------------------------------------------------
---------------------------------------------------------------------------------
Start Renaming Generated Ports
---------------------------------------------------------------------------------
---------------------------------------------------------------------------------
Finished Renaming Generated Ports : Time (s): cpu = 00:00:17 ; elapsed = 00:00:39 . Memory (MB): peak = 860.125 ; gain = 599.816
---------------------------------------------------------------------------------
---------------------------------------------------------------------------------
Start Handling Custom Attributes
---------------------------------------------------------------------------------
---------------------------------------------------------------------------------
Finished Handling Custom Attributes : Time (s): cpu = 00:00:17 ; elapsed = 00:00:39 . Memory (MB): peak = 860.125 ; gain = 599.816
---------------------------------------------------------------------------------
---------------------------------------------------------------------------------
Start Renaming Generated Nets
---------------------------------------------------------------------------------
---------------------------------------------------------------------------------
Finished Renaming Generated Nets : Time (s): cpu = 00:00:17 ; elapsed = 00:00:39 . Memory (MB): peak = 860.125 ; gain = 599.816
---------------------------------------------------------------------------------
---------------------------------------------------------------------------------
Start Writing Synthesis Report
---------------------------------------------------------------------------------

Report BlackBoxes: 
+-+--------------+----------+
| |BlackBox name |Instances |
+-+--------------+----------+
+-+--------------+----------+

Report Cell Usage: 
+------+-------+------+
|      |Cell   |Count |
+------+-------+------+
|1     |BUFG   |     6|
|2     |CARRY4 |   834|
|3     |LUT1   |   167|
|4     |LUT2   |   787|
|5     |LUT3   |   707|
|6     |LUT4   |   672|
|7     |LUT5   |   859|
|8     |LUT6   |  1800|
|9     |MUXF7  |     5|
|10    |FDE_1  |    32|
|11    |FDRE   |   609|
|12    |IBUF   |     6|
|13    |OBUF   |    10|
|14    |OBUFT  |     1|
+------+-------+------+

Report Instance Areas: 
+------+---------------------+-------------------+------+
|      |Instance             |Module             |Cells |
+------+---------------------+-------------------+------+
|1     |top                  |                   |  6495|
|2     |  Q3A1               |Oled_Display       |   629|
|3     |  animate_enemy      |enimate            |  1941|
|4     |    get_fps_clock    |flexy_clock_5      |    63|
|5     |  animate_hero       |animate            |  2129|
|6     |    get_fps_clock    |flexy_clock_4      |    63|
|7     |  animate_muffin     |muffinimate        |  1093|
|8     |    get_fps_clock    |flexy_clock_3      |    55|
|9     |  animate_projectile |projectile_animate |   184|
|10    |    get_fps_clock    |flexy_clock_2      |    54|
|11    |  choose_direction   |direction_mux      |   121|
|12    |  clk_6p25MHz        |flexy_clock        |    64|
|13    |  draw_sq            |make_square        |    78|
|14    |    draw_sprite_1    |sprite_1           |     5|
|15    |    draw_sprite_2    |sprite_2           |     3|
|16    |    draw_sprite_3    |sprite_3           |     5|
|17    |  nolabel_line86     |hero_damage        |   151|
|18    |    nolabel_line36   |flexy_clock_1      |    54|
|19    |  nolabel_line87     |touch_muff         |    70|
|20    |    nolabel_line29   |flexy_clock_0      |    54|
+------+---------------------+-------------------+------+
---------------------------------------------------------------------------------
Finished Writing Synthesis Report : Time (s): cpu = 00:00:17 ; elapsed = 00:00:39 . Memory (MB): peak = 860.125 ; gain = 599.816
---------------------------------------------------------------------------------
Synthesis finished with 0 errors, 0 critical warnings and 498 warnings.
Synthesis Optimization Runtime : Time (s): cpu = 00:00:13 ; elapsed = 00:00:32 . Memory (MB): peak = 860.125 ; gain = 250.312
Synthesis Optimization Complete : Time (s): cpu = 00:00:17 ; elapsed = 00:00:39 . Memory (MB): peak = 860.125 ; gain = 599.816
INFO: [Project 1-571] Translating synthesized netlist
INFO: [Netlist 29-17] Analyzing 877 Unisim elements for replacement
INFO: [Netlist 29-28] Unisim Transformation completed in 0 CPU seconds
INFO: [Project 1-570] Preparing netlist for logic optimization
INFO: [Opt 31-138] Pushed 0 inverter(s) to 0 load pin(s).
INFO: [Project 1-111] Unisim Transformation Summary:
  A total of 32 instances were transformed.
  FDE_1 => FDRE (inverted pins: C): 32 instances

INFO: [Common 17-83] Releasing license: Synthesis
93 Infos, 234 Warnings, 2 Critical Warnings and 0 Errors encountered.
synth_design completed successfully
synth_design: Time (s): cpu = 00:00:18 ; elapsed = 00:00:42 . Memory (MB): peak = 860.125 ; gain = 612.871
WARNING: [Constraints 18-5210] No constraint will be written out.
INFO: [Common 17-1381] The checkpoint 'C:/Users/cyber/Desktop/Kashfy-EE2026-Vivado/MODS/MODS.runs/synth_1/Top_Student.dcp' has been generated.
INFO: [runtcl-4] Executing : report_utilization -file Top_Student_utilization_synth.rpt -pb Top_Student_utilization_synth.pb
report_utilization: Time (s): cpu = 00:00:00 ; elapsed = 00:00:00.042 . Memory (MB): peak = 860.125 ; gain = 0.000
INFO: [Common 17-206] Exiting Vivado at Thu Oct 31 21:23:32 2024...

*** Running vivado
    with args -log Top_Student.vds -m64 -product Vivado -mode batch -messageDb vivado.pb -notrace -source Top_Student.tcl


****** Vivado v2018.2 (64-bit)
  **** SW Build 2258646 on Thu Jun 14 20:03:12 MDT 2018
  **** IP Build 2256618 on Thu Jun 14 22:10:49 MDT 2018
    ** Copyright 1986-2018 Xilinx, Inc. All Rights Reserved.

source Top_Student.tcl -notrace
Command: synth_design -top Top_Student -part xc7a35tcpg236-1
Starting synth_design
Attempting to get a license for feature 'Synthesis' and/or device 'xc7a35t'
INFO: [Common 17-349] Got license for feature 'Synthesis' and/or device 'xc7a35t'
INFO: Launching helper process for spawning children vivado processes
INFO: Helper process launched with PID 2828 
WARNING: [Synth 8-976] YELLOW has already been declared [C:/Users/cyber/Desktop/Kashfy-EE2026-Vivado/MODS/MODS.srcs/sources_1/new/make_square.v:134]
WARNING: [Synth 8-2654] second declaration of YELLOW ignored [C:/Users/cyber/Desktop/Kashfy-EE2026-Vivado/MODS/MODS.srcs/sources_1/new/make_square.v:134]
INFO: [Synth 8-994] YELLOW is declared here [C:/Users/cyber/Desktop/Kashfy-EE2026-Vivado/MODS/MODS.srcs/sources_1/new/make_square.v:130]
---------------------------------------------------------------------------------
Starting RTL Elaboration : Time (s): cpu = 00:00:01 ; elapsed = 00:00:02 . Memory (MB): peak = 371.465 ; gain = 111.613
---------------------------------------------------------------------------------
INFO: [Synth 8-6157] synthesizing module 'Top_Student' [C:/Users/cyber/Desktop/Kashfy-EE2026-Vivado/MODS/MODS.srcs/sources_1/new/Top_Student.v:14]
INFO: [Synth 8-6157] synthesizing module 'flexy_clock' [C:/Users/cyber/Desktop/Kashfy-EE2026-Vivado/MODS/MODS.srcs/sources_1/new/flexy_clock.v:23]
INFO: [Synth 8-6155] done synthesizing module 'flexy_clock' (1#1) [C:/Users/cyber/Desktop/Kashfy-EE2026-Vivado/MODS/MODS.srcs/sources_1/new/flexy_clock.v:23]
INFO: [Synth 8-6157] synthesizing module 'direction_mux' [C:/Users/cyber/Desktop/Kashfy-EE2026-Vivado/MODS/MODS.srcs/sources_1/new/direction_mux.v:23]
INFO: [Synth 8-6155] done synthesizing module 'direction_mux' (2#1) [C:/Users/cyber/Desktop/Kashfy-EE2026-Vivado/MODS/MODS.srcs/sources_1/new/direction_mux.v:23]
INFO: [Synth 8-6157] synthesizing module 'animate' [C:/Users/cyber/Desktop/Kashfy-EE2026-Vivado/MODS/MODS.srcs/sources_1/new/animate.v:23]
WARNING: [Synth 8-311] ignoring non-constant assignment in initial block [C:/Users/cyber/Desktop/Kashfy-EE2026-Vivado/MODS/MODS.srcs/sources_1/new/animate.v:42]
WARNING: [Synth 8-311] ignoring non-constant assignment in initial block [C:/Users/cyber/Desktop/Kashfy-EE2026-Vivado/MODS/MODS.srcs/sources_1/new/animate.v:43]
WARNING: [Synth 8-6014] Unused sequential element x_increment_reg was removed.  [C:/Users/cyber/Desktop/Kashfy-EE2026-Vivado/MODS/MODS.srcs/sources_1/new/animate.v:69]
INFO: [Synth 8-6155] done synthesizing module 'animate' (3#1) [C:/Users/cyber/Desktop/Kashfy-EE2026-Vivado/MODS/MODS.srcs/sources_1/new/animate.v:23]
WARNING: [Synth 8-689] width (4) of port connection 'sq_width' does not match port width (7) of module 'animate' [C:/Users/cyber/Desktop/Kashfy-EE2026-Vivado/MODS/MODS.srcs/sources_1/new/Top_Student.v:76]
WARNING: [Synth 8-689] width (4) of port connection 'sq_height' does not match port width (7) of module 'animate' [C:/Users/cyber/Desktop/Kashfy-EE2026-Vivado/MODS/MODS.srcs/sources_1/new/Top_Student.v:76]
WARNING: [Synth 8-689] width (1) of port connection 'reset' does not match port width (7) of module 'animate' [C:/Users/cyber/Desktop/Kashfy-EE2026-Vivado/MODS/MODS.srcs/sources_1/new/Top_Student.v:79]
WARNING: [Synth 8-350] instance 'animate_hero' of module 'animate' requires 29 connections, but only 21 given [C:/Users/cyber/Desktop/Kashfy-EE2026-Vivado/MODS/MODS.srcs/sources_1/new/Top_Student.v:75]
INFO: [Synth 8-6157] synthesizing module 'hero_damage' [C:/Users/cyber/Desktop/Kashfy-EE2026-Vivado/MODS/MODS.srcs/sources_1/new/hero_damage.v:23]
INFO: [Synth 8-6155] done synthesizing module 'hero_damage' (4#1) [C:/Users/cyber/Desktop/Kashfy-EE2026-Vivado/MODS/MODS.srcs/sources_1/new/hero_damage.v:23]
INFO: [Synth 8-6157] synthesizing module 'touch_muff' [C:/Users/cyber/Desktop/Kashfy-EE2026-Vivado/MODS/MODS.srcs/sources_1/new/touch_muff.v:23]
WARNING: [Synth 8-311] ignoring non-constant assignment in initial block [C:/Users/cyber/Desktop/Kashfy-EE2026-Vivado/MODS/MODS.srcs/sources_1/new/touch_muff.v:36]
WARNING: [Synth 8-6014] Unused sequential element muff_count_reg was removed.  [C:/Users/cyber/Desktop/Kashfy-EE2026-Vivado/MODS/MODS.srcs/sources_1/new/touch_muff.v:42]
INFO: [Synth 8-6155] done synthesizing module 'touch_muff' (5#1) [C:/Users/cyber/Desktop/Kashfy-EE2026-Vivado/MODS/MODS.srcs/sources_1/new/touch_muff.v:23]
INFO: [Synth 8-6157] synthesizing module 'projectile_animate' [C:/Users/cyber/Desktop/Kashfy-EE2026-Vivado/MODS/MODS.srcs/sources_1/new/projectile_animate.v:23]
WARNING: [Synth 8-6014] Unused sequential element y_increment_reg was removed.  [C:/Users/cyber/Desktop/Kashfy-EE2026-Vivado/MODS/MODS.srcs/sources_1/new/projectile_animate.v:63]
WARNING: [Synth 8-3848] Net proj_hit_enemy in module/entity projectile_animate does not have driver. [C:/Users/cyber/Desktop/Kashfy-EE2026-Vivado/MODS/MODS.srcs/sources_1/new/projectile_animate.v:31]
INFO: [Synth 8-6155] done synthesizing module 'projectile_animate' (6#1) [C:/Users/cyber/Desktop/Kashfy-EE2026-Vivado/MODS/MODS.srcs/sources_1/new/projectile_animate.v:23]
WARNING: [Synth 8-689] width (4) of port connection 'sq_width' does not match port width (7) of module 'projectile_animate' [C:/Users/cyber/Desktop/Kashfy-EE2026-Vivado/MODS/MODS.srcs/sources_1/new/Top_Student.v:94]
WARNING: [Synth 8-689] width (4) of port connection 'sq_height' does not match port width (7) of module 'projectile_animate' [C:/Users/cyber/Desktop/Kashfy-EE2026-Vivado/MODS/MODS.srcs/sources_1/new/Top_Student.v:94]
WARNING: [Synth 8-689] width (1) of port connection 'reset' does not match port width (7) of module 'projectile_animate' [C:/Users/cyber/Desktop/Kashfy-EE2026-Vivado/MODS/MODS.srcs/sources_1/new/Top_Student.v:97]
INFO: [Synth 8-6157] synthesizing module 'enimate' [C:/Users/cyber/Desktop/Kashfy-EE2026-Vivado/MODS/MODS.srcs/sources_1/new/enimate.v:23]
WARNING: [Synth 8-6014] Unused sequential element x_increment_reg was removed.  [C:/Users/cyber/Desktop/Kashfy-EE2026-Vivado/MODS/MODS.srcs/sources_1/new/enimate.v:66]
WARNING: [Synth 8-6014] Unused sequential element y_increment_reg was removed.  [C:/Users/cyber/Desktop/Kashfy-EE2026-Vivado/MODS/MODS.srcs/sources_1/new/enimate.v:67]
INFO: [Synth 8-6155] done synthesizing module 'enimate' (7#1) [C:/Users/cyber/Desktop/Kashfy-EE2026-Vivado/MODS/MODS.srcs/sources_1/new/enimate.v:23]
WARNING: [Synth 8-689] width (4) of port connection 'sq_width' does not match port width (7) of module 'enimate' [C:/Users/cyber/Desktop/Kashfy-EE2026-Vivado/MODS/MODS.srcs/sources_1/new/Top_Student.v:103]
WARNING: [Synth 8-689] width (4) of port connection 'sq_height' does not match port width (7) of module 'enimate' [C:/Users/cyber/Desktop/Kashfy-EE2026-Vivado/MODS/MODS.srcs/sources_1/new/Top_Student.v:103]
WARNING: [Synth 8-689] width (1) of port connection 'reset' does not match port width (7) of module 'enimate' [C:/Users/cyber/Desktop/Kashfy-EE2026-Vivado/MODS/MODS.srcs/sources_1/new/Top_Student.v:107]
WARNING: [Synth 8-350] instance 'animate_enemy' of module 'enimate' requires 28 connections, but only 24 given [C:/Users/cyber/Desktop/Kashfy-EE2026-Vivado/MODS/MODS.srcs/sources_1/new/Top_Student.v:102]
INFO: [Synth 8-6157] synthesizing module 'muffinimate' [C:/Users/cyber/Desktop/Kashfy-EE2026-Vivado/MODS/MODS.srcs/sources_1/new/muffinimate.v:23]
WARNING: [Synth 8-311] ignoring non-constant assignment in initial block [C:/Users/cyber/Desktop/Kashfy-EE2026-Vivado/MODS/MODS.srcs/sources_1/new/muffinimate.v:41]
WARNING: [Synth 8-311] ignoring non-constant assignment in initial block [C:/Users/cyber/Desktop/Kashfy-EE2026-Vivado/MODS/MODS.srcs/sources_1/new/muffinimate.v:42]
WARNING: [Synth 8-6014] Unused sequential element x_increment_reg was removed.  [C:/Users/cyber/Desktop/Kashfy-EE2026-Vivado/MODS/MODS.srcs/sources_1/new/muffinimate.v:64]
INFO: [Synth 8-6155] done synthesizing module 'muffinimate' (8#1) [C:/Users/cyber/Desktop/Kashfy-EE2026-Vivado/MODS/MODS.srcs/sources_1/new/muffinimate.v:23]
WARNING: [Synth 8-689] width (4) of port connection 'sq_width' does not match port width (7) of module 'muffinimate' [C:/Users/cyber/Desktop/Kashfy-EE2026-Vivado/MODS/MODS.srcs/sources_1/new/Top_Student.v:112]
WARNING: [Synth 8-689] width (4) of port connection 'sq_height' does not match port width (7) of module 'muffinimate' [C:/Users/cyber/Desktop/Kashfy-EE2026-Vivado/MODS/MODS.srcs/sources_1/new/Top_Student.v:112]
WARNING: [Synth 8-689] width (1) of port connection 'reset' does not match port width (7) of module 'muffinimate' [C:/Users/cyber/Desktop/Kashfy-EE2026-Vivado/MODS/MODS.srcs/sources_1/new/Top_Student.v:116]
WARNING: [Synth 8-350] instance 'animate_muffin' of module 'muffinimate' requires 28 connections, but only 24 given [C:/Users/cyber/Desktop/Kashfy-EE2026-Vivado/MODS/MODS.srcs/sources_1/new/Top_Student.v:111]
INFO: [Synth 8-6157] synthesizing module 'make_square' [C:/Users/cyber/Desktop/Kashfy-EE2026-Vivado/MODS/MODS.srcs/sources_1/new/make_square.v:23]
INFO: [Synth 8-6157] synthesizing module 'sprite_1' [C:/Users/cyber/Desktop/Kashfy-EE2026-Vivado/MODS/MODS.srcs/sources_1/new/make_square.v:83]
WARNING: [Synth 8-85] always block has no event control specified [C:/Users/cyber/Desktop/Kashfy-EE2026-Vivado/MODS/MODS.srcs/sources_1/new/make_square.v:92]
INFO: [Synth 8-6155] done synthesizing module 'sprite_1' (9#1) [C:/Users/cyber/Desktop/Kashfy-EE2026-Vivado/MODS/MODS.srcs/sources_1/new/make_square.v:83]
INFO: [Synth 8-6157] synthesizing module 'sprite_2' [C:/Users/cyber/Desktop/Kashfy-EE2026-Vivado/MODS/MODS.srcs/sources_1/new/make_square.v:104]
WARNING: [Synth 8-85] always block has no event control specified [C:/Users/cyber/Desktop/Kashfy-EE2026-Vivado/MODS/MODS.srcs/sources_1/new/make_square.v:113]
INFO: [Synth 8-6155] done synthesizing module 'sprite_2' (10#1) [C:/Users/cyber/Desktop/Kashfy-EE2026-Vivado/MODS/MODS.srcs/sources_1/new/make_square.v:104]
INFO: [Synth 8-6157] synthesizing module 'sprite_3' [C:/Users/cyber/Desktop/Kashfy-EE2026-Vivado/MODS/MODS.srcs/sources_1/new/make_square.v:125]
WARNING: [Synth 8-85] always block has no event control specified [C:/Users/cyber/Desktop/Kashfy-EE2026-Vivado/MODS/MODS.srcs/sources_1/new/make_square.v:155]
INFO: [Synth 8-6155] done synthesizing module 'sprite_3' (11#1) [C:/Users/cyber/Desktop/Kashfy-EE2026-Vivado/MODS/MODS.srcs/sources_1/new/make_square.v:125]
INFO: [Synth 8-6155] done synthesizing module 'make_square' (12#1) [C:/Users/cyber/Desktop/Kashfy-EE2026-Vivado/MODS/MODS.srcs/sources_1/new/make_square.v:23]
WARNING: [Synth 8-689] width (1) of port connection 'proj_move' does not match port width (3) of module 'make_square' [C:/Users/cyber/Desktop/Kashfy-EE2026-Vivado/MODS/MODS.srcs/sources_1/new/Top_Student.v:121]
INFO: [Synth 8-6157] synthesizing module 'Oled_Display' [C:/Users/cyber/Desktop/Kashfy-EE2026-Vivado/MODS/MODS.srcs/sources_1/imports/Desktop/Oled_Display.v:36]
	Parameter Width bound to: 96 - type: integer 
	Parameter Height bound to: 64 - type: integer 
	Parameter PixelCount bound to: 6144 - type: integer 
	Parameter PixelCountWidth bound to: 13 - type: integer 
	Parameter ClkFreq bound to: 6250000 - type: integer 
	Parameter FrameFreq bound to: 60 - type: integer 
	Parameter FrameDiv bound to: 104166 - type: integer 
	Parameter FrameDivWidth bound to: 17 - type: integer 
	Parameter PowerDelay bound to: 20 - type: integer 
	Parameter ResetDelay bound to: 3 - type: integer 
	Parameter VccEnDelay bound to: 20 - type: integer 
	Parameter StartupCompleteDelay bound to: 100 - type: integer 
	Parameter MaxDelay bound to: 100 - type: integer 
	Parameter MaxDelayCount bound to: 625000 - type: integer 
	Parameter StateCount bound to: 32 - type: integer 
	Parameter StateWidth bound to: 5 - type: integer 
	Parameter PowerUp bound to: 5'b00000 
	Parameter Reset bound to: 5'b00001 
	Parameter ReleaseReset bound to: 5'b00011 
	Parameter EnableDriver bound to: 5'b00010 
	Parameter DisplayOff bound to: 5'b00110 
	Parameter SetRemapDisplayFormat bound to: 5'b00111 
	Parameter SetStartLine bound to: 5'b00101 
	Parameter SetOffset bound to: 5'b00100 
	Parameter SetNormalDisplay bound to: 5'b01100 
	Parameter SetMultiplexRatio bound to: 5'b01101 
	Parameter SetMasterConfiguration bound to: 5'b01111 
	Parameter DisablePowerSave bound to: 5'b01110 
	Parameter SetPhaseAdjust bound to: 5'b01010 
	Parameter SetDisplayClock bound to: 5'b01011 
	Parameter SetSecondPrechargeA bound to: 5'b01001 
	Parameter SetSecondPrechargeB bound to: 5'b01000 
	Parameter SetSecondPrechargeC bound to: 5'b11000 
	Parameter SetPrechargeLevel bound to: 5'b11001 
	Parameter SetVCOMH bound to: 5'b11011 
	Parameter SetMasterCurrent bound to: 5'b11010 
	Parameter SetContrastA bound to: 5'b11110 
	Parameter SetContrastB bound to: 5'b11111 
	Parameter SetContrastC bound to: 5'b11101 
	Parameter DisableScrolling bound to: 5'b11100 
	Parameter ClearScreen bound to: 5'b10100 
	Parameter VccEn bound to: 5'b10101 
	Parameter DisplayOn bound to: 5'b10111 
	Parameter PrepareNextFrame bound to: 5'b10110 
	Parameter SetColAddress bound to: 5'b10010 
	Parameter SetRowAddress bound to: 5'b10011 
	Parameter WaitNextFrame bound to: 5'b10001 
	Parameter SendPixel bound to: 5'b10000 
	Parameter SpiCommandMaxWidth bound to: 40 - type: integer 
	Parameter SpiCommandBitCountWidth bound to: 6 - type: integer 
INFO: [Synth 8-226] default block is never used [C:/Users/cyber/Desktop/Kashfy-EE2026-Vivado/MODS/MODS.srcs/sources_1/imports/Desktop/Oled_Display.v:123]
INFO: [Synth 8-226] default block is never used [C:/Users/cyber/Desktop/Kashfy-EE2026-Vivado/MODS/MODS.srcs/sources_1/imports/Desktop/Oled_Display.v:198]
WARNING: [Synth 8-693] zero replication count - replication ignored [C:/Users/cyber/Desktop/Kashfy-EE2026-Vivado/MODS/MODS.srcs/sources_1/imports/Desktop/Oled_Display.v:346]
INFO: [Synth 8-6155] done synthesizing module 'Oled_Display' (13#1) [C:/Users/cyber/Desktop/Kashfy-EE2026-Vivado/MODS/MODS.srcs/sources_1/imports/Desktop/Oled_Display.v:36]
INFO: [Synth 8-6155] done synthesizing module 'Top_Student' (14#1) [C:/Users/cyber/Desktop/Kashfy-EE2026-Vivado/MODS/MODS.srcs/sources_1/new/Top_Student.v:14]
WARNING: [Synth 8-3331] design sprite_3 has unconnected port y_oled[6]
WARNING: [Synth 8-3331] design sprite_3 has unconnected port y_oled[5]
WARNING: [Synth 8-3331] design sprite_3 has unconnected port y_oled[4]
WARNING: [Synth 8-3331] design sprite_3 has unconnected port y_oled[3]
WARNING: [Synth 8-3331] design sprite_3 has unconnected port y_oled[2]
WARNING: [Synth 8-3331] design sprite_3 has unconnected port y_oled[1]
WARNING: [Synth 8-3331] design sprite_3 has unconnected port y_oled[0]
WARNING: [Synth 8-3331] design sprite_3 has unconnected port y_ref[6]
WARNING: [Synth 8-3331] design sprite_3 has unconnected port y_ref[5]
WARNING: [Synth 8-3331] design sprite_3 has unconnected port y_ref[4]
WARNING: [Synth 8-3331] design sprite_3 has unconnected port y_ref[3]
WARNING: [Synth 8-3331] design sprite_3 has unconnected port y_ref[2]
WARNING: [Synth 8-3331] design sprite_3 has unconnected port y_ref[1]
WARNING: [Synth 8-3331] design sprite_3 has unconnected port y_ref[0]
WARNING: [Synth 8-3331] design sprite_3 has unconnected port sprite_height[6]
WARNING: [Synth 8-3331] design sprite_3 has unconnected port sprite_height[5]
WARNING: [Synth 8-3331] design sprite_3 has unconnected port sprite_height[4]
WARNING: [Synth 8-3331] design sprite_3 has unconnected port sprite_height[3]
WARNING: [Synth 8-3331] design sprite_3 has unconnected port sprite_height[2]
WARNING: [Synth 8-3331] design sprite_3 has unconnected port sprite_height[1]
WARNING: [Synth 8-3331] design sprite_3 has unconnected port sprite_height[0]
WARNING: [Synth 8-3331] design sprite_2 has unconnected port y_oled[6]
WARNING: [Synth 8-3331] design sprite_2 has unconnected port y_oled[5]
WARNING: [Synth 8-3331] design sprite_2 has unconnected port y_oled[4]
WARNING: [Synth 8-3331] design sprite_2 has unconnected port y_oled[3]
WARNING: [Synth 8-3331] design sprite_2 has unconnected port y_oled[2]
WARNING: [Synth 8-3331] design sprite_2 has unconnected port y_oled[1]
WARNING: [Synth 8-3331] design sprite_2 has unconnected port y_oled[0]
WARNING: [Synth 8-3331] design sprite_2 has unconnected port y_ref[6]
WARNING: [Synth 8-3331] design sprite_2 has unconnected port y_ref[5]
WARNING: [Synth 8-3331] design sprite_2 has unconnected port y_ref[4]
WARNING: [Synth 8-3331] design sprite_2 has unconnected port y_ref[3]
WARNING: [Synth 8-3331] design sprite_2 has unconnected port y_ref[2]
WARNING: [Synth 8-3331] design sprite_2 has unconnected port y_ref[1]
WARNING: [Synth 8-3331] design sprite_2 has unconnected port y_ref[0]
WARNING: [Synth 8-3331] design sprite_2 has unconnected port sprite_height[6]
WARNING: [Synth 8-3331] design sprite_2 has unconnected port sprite_height[5]
WARNING: [Synth 8-3331] design sprite_2 has unconnected port sprite_height[4]
WARNING: [Synth 8-3331] design sprite_2 has unconnected port sprite_height[3]
WARNING: [Synth 8-3331] design sprite_2 has unconnected port sprite_height[2]
WARNING: [Synth 8-3331] design sprite_2 has unconnected port sprite_height[1]
WARNING: [Synth 8-3331] design sprite_2 has unconnected port sprite_height[0]
WARNING: [Synth 8-3331] design sprite_1 has unconnected port x_oled[6]
WARNING: [Synth 8-3331] design sprite_1 has unconnected port x_oled[5]
WARNING: [Synth 8-3331] design sprite_1 has unconnected port x_oled[4]
WARNING: [Synth 8-3331] design sprite_1 has unconnected port x_oled[3]
WARNING: [Synth 8-3331] design sprite_1 has unconnected port x_oled[2]
WARNING: [Synth 8-3331] design sprite_1 has unconnected port x_oled[1]
WARNING: [Synth 8-3331] design sprite_1 has unconnected port x_oled[0]
WARNING: [Synth 8-3331] design sprite_1 has unconnected port x_ref[6]
WARNING: [Synth 8-3331] design sprite_1 has unconnected port x_ref[5]
WARNING: [Synth 8-3331] design sprite_1 has unconnected port x_ref[4]
WARNING: [Synth 8-3331] design sprite_1 has unconnected port x_ref[3]
WARNING: [Synth 8-3331] design sprite_1 has unconnected port x_ref[2]
WARNING: [Synth 8-3331] design sprite_1 has unconnected port x_ref[1]
WARNING: [Synth 8-3331] design sprite_1 has unconnected port x_ref[0]
WARNING: [Synth 8-3331] design sprite_1 has unconnected port sprite_width[6]
WARNING: [Synth 8-3331] design sprite_1 has unconnected port sprite_width[5]
WARNING: [Synth 8-3331] design sprite_1 has unconnected port sprite_width[4]
WARNING: [Synth 8-3331] design sprite_1 has unconnected port sprite_width[3]
WARNING: [Synth 8-3331] design sprite_1 has unconnected port sprite_width[2]
WARNING: [Synth 8-3331] design sprite_1 has unconnected port sprite_width[1]
WARNING: [Synth 8-3331] design sprite_1 has unconnected port sprite_width[0]
WARNING: [Synth 8-3331] design make_square has unconnected port sprite_no[3]
WARNING: [Synth 8-3331] design make_square has unconnected port sprite_no[2]
WARNING: [Synth 8-3331] design make_square has unconnected port sprite_no[1]
WARNING: [Synth 8-3331] design make_square has unconnected port sprite_no[0]
WARNING: [Synth 8-3331] design make_square has unconnected port sq_colour[15]
WARNING: [Synth 8-3331] design make_square has unconnected port sq_colour[14]
WARNING: [Synth 8-3331] design make_square has unconnected port sq_colour[13]
WARNING: [Synth 8-3331] design make_square has unconnected port sq_colour[12]
WARNING: [Synth 8-3331] design make_square has unconnected port sq_colour[11]
WARNING: [Synth 8-3331] design make_square has unconnected port sq_colour[10]
WARNING: [Synth 8-3331] design make_square has unconnected port sq_colour[9]
WARNING: [Synth 8-3331] design make_square has unconnected port sq_colour[8]
WARNING: [Synth 8-3331] design make_square has unconnected port sq_colour[7]
WARNING: [Synth 8-3331] design make_square has unconnected port sq_colour[6]
WARNING: [Synth 8-3331] design make_square has unconnected port sq_colour[5]
WARNING: [Synth 8-3331] design make_square has unconnected port sq_colour[4]
WARNING: [Synth 8-3331] design make_square has unconnected port sq_colour[3]
WARNING: [Synth 8-3331] design make_square has unconnected port sq_colour[2]
WARNING: [Synth 8-3331] design make_square has unconnected port sq_colour[1]
WARNING: [Synth 8-3331] design make_square has unconnected port sq_colour[0]
WARNING: [Synth 8-3331] design make_square has unconnected port sq_colour2[15]
WARNING: [Synth 8-3331] design make_square has unconnected port sq_colour2[14]
WARNING: [Synth 8-3331] design make_square has unconnected port sq_colour2[13]
WARNING: [Synth 8-3331] design make_square has unconnected port sq_colour2[12]
WARNING: [Synth 8-3331] design make_square has unconnected port sq_colour2[11]
WARNING: [Synth 8-3331] design make_square has unconnected port sq_colour2[10]
WARNING: [Synth 8-3331] design make_square has unconnected port sq_colour2[9]
WARNING: [Synth 8-3331] design make_square has unconnected port sq_colour2[8]
WARNING: [Synth 8-3331] design make_square has unconnected port sq_colour2[7]
WARNING: [Synth 8-3331] design make_square has unconnected port sq_colour2[6]
WARNING: [Synth 8-3331] design make_square has unconnected port sq_colour2[5]
WARNING: [Synth 8-3331] design make_square has unconnected port sq_colour2[4]
WARNING: [Synth 8-3331] design make_square has unconnected port sq_colour2[3]
WARNING: [Synth 8-3331] design make_square has unconnected port sq_colour2[2]
WARNING: [Synth 8-3331] design make_square has unconnected port sq_colour2[1]
WARNING: [Synth 8-3331] design make_square has unconnected port sq_colour2[0]
WARNING: [Synth 8-3331] design make_square has unconnected port sq_colour3[15]
INFO: [Common 17-14] Message 'Synth 8-3331' appears 100 times and further instances of the messages will be disabled. Use the Tcl command set_msg_config to change the current settings.
---------------------------------------------------------------------------------
Finished RTL Elaboration : Time (s): cpu = 00:00:02 ; elapsed = 00:00:03 . Memory (MB): peak = 413.613 ; gain = 153.762
---------------------------------------------------------------------------------

Report Check Netlist: 
+------+------------------+-------+---------+-------+------------------+
|      |Item              |Errors |Warnings |Status |Description       |
+------+------------------+-------+---------+-------+------------------+
|1     |multi_driven_nets |      0|        0|Passed |Multi driven nets |
+------+------------------+-------+---------+-------+------------------+
---------------------------------------------------------------------------------
Start Handling Custom Attributes
---------------------------------------------------------------------------------
---------------------------------------------------------------------------------
Finished Handling Custom Attributes : Time (s): cpu = 00:00:02 ; elapsed = 00:00:03 . Memory (MB): peak = 413.613 ; gain = 153.762
---------------------------------------------------------------------------------
---------------------------------------------------------------------------------
Finished RTL Optimization Phase 1 : Time (s): cpu = 00:00:02 ; elapsed = 00:00:03 . Memory (MB): peak = 413.613 ; gain = 153.762
---------------------------------------------------------------------------------
INFO: [Device 21-403] Loading part xc7a35tcpg236-1
INFO: [Project 1-570] Preparing netlist for logic optimization

Processing XDC Constraints
Initializing timing engine
Parsing XDC File [C:/Users/cyber/Desktop/Kashfy-EE2026-Vivado/MODS/MODS.srcs/constrs_1/new/konstrens.xdc]
WARNING: [Vivado 12-584] No ports matched 'PS2Clk'. [C:/Users/cyber/Desktop/Kashfy-EE2026-Vivado/MODS/MODS.srcs/constrs_1/new/konstrens.xdc:138]
CRITICAL WARNING: [Common 17-55] 'set_property' expects at least one object. [C:/Users/cyber/Desktop/Kashfy-EE2026-Vivado/MODS/MODS.srcs/constrs_1/new/konstrens.xdc:138]
Resolution: If [get_<value>] was used to populate the object, check to make sure this command returns at least one valid object.
WARNING: [Vivado 12-584] No ports matched 'PS2Data'. [C:/Users/cyber/Desktop/Kashfy-EE2026-Vivado/MODS/MODS.srcs/constrs_1/new/konstrens.xdc:139]
CRITICAL WARNING: [Common 17-55] 'set_property' expects at least one object. [C:/Users/cyber/Desktop/Kashfy-EE2026-Vivado/MODS/MODS.srcs/constrs_1/new/konstrens.xdc:139]
Resolution: If [get_<value>] was used to populate the object, check to make sure this command returns at least one valid object.
Finished Parsing XDC File [C:/Users/cyber/Desktop/Kashfy-EE2026-Vivado/MODS/MODS.srcs/constrs_1/new/konstrens.xdc]
INFO: [Project 1-236] Implementation specific constraints were found while reading constraint file [C:/Users/cyber/Desktop/Kashfy-EE2026-Vivado/MODS/MODS.srcs/constrs_1/new/konstrens.xdc]. These constraints will be ignored for synthesis but will be used in implementation. Impacted constraints are listed in the file [.Xil/Top_Student_propImpl.xdc].
Resolution: To avoid this warning, move constraints listed in [.Xil/Top_Student_propImpl.xdc] to another XDC file and exclude this new file from synthesis with the used_in_synthesis property (File Properties dialog in GUI) and re-run elaboration/synthesis.
Completed Processing XDC Constraints

INFO: [Project 1-111] Unisim Transformation Summary:
No Unisim elements were transformed.

Constraint Validation Runtime : Time (s): cpu = 00:00:00 ; elapsed = 00:00:00.005 . Memory (MB): peak = 763.191 ; gain = 0.000
---------------------------------------------------------------------------------
Finished Constraint Validation : Time (s): cpu = 00:00:05 ; elapsed = 00:00:12 . Memory (MB): peak = 763.191 ; gain = 503.340
---------------------------------------------------------------------------------
---------------------------------------------------------------------------------
Start Loading Part and Timing Information
---------------------------------------------------------------------------------
Loading part: xc7a35tcpg236-1
---------------------------------------------------------------------------------
Finished Loading Part and Timing Information : Time (s): cpu = 00:00:05 ; elapsed = 00:00:12 . Memory (MB): peak = 763.191 ; gain = 503.340
---------------------------------------------------------------------------------
---------------------------------------------------------------------------------
Start Applying 'set_property' XDC Constraints
---------------------------------------------------------------------------------
---------------------------------------------------------------------------------
Finished applying 'set_property' XDC Constraints : Time (s): cpu = 00:00:05 ; elapsed = 00:00:12 . Memory (MB): peak = 763.191 ; gain = 503.340
---------------------------------------------------------------------------------
INFO: [Synth 8-5545] ROM "slow_clk0" won't be mapped to RAM because address size (32) is larger than maximum supported(25)
INFO: [Synth 8-5546] ROM "is_y_stat0" won't be mapped to RAM because it is too sparse
INFO: [Synth 8-5546] ROM "is_y_stat0" won't be mapped to RAM because it is too sparse
INFO: [Synth 8-5544] ROM "sprite_no" won't be mapped to Block RAM because address size (1) smaller than threshold (5)
INFO: [Synth 8-5544] ROM "proj_move0" won't be mapped to Block RAM because address size (1) smaller than threshold (5)
INFO: [Synth 8-5546] ROM "is_y_stat0" won't be mapped to RAM because it is too sparse
INFO: [Synth 8-5546] ROM "is_y_stat0" won't be mapped to RAM because it is too sparse
INFO: [Synth 8-5546] ROM "stop_falling" won't be mapped to RAM because it is too sparse
INFO: [Synth 8-5546] ROM "stop_falling" won't be mapped to RAM because it is too sparse
INFO: [Synth 8-802] inferred FSM for state register 'state_reg' in module 'Oled_Display'
INFO: [Synth 8-5546] ROM "fsm_next_state0" won't be mapped to RAM because it is too sparse
INFO: [Synth 8-5544] ROM "fsm_next_state0" won't be mapped to Block RAM because address size (1) smaller than threshold (5)
INFO: [Synth 8-5546] ROM "fsm_next_state0" won't be mapped to RAM because it is too sparse
---------------------------------------------------------------------------------------------------
                   State |                     New Encoding |                Previous Encoding 
---------------------------------------------------------------------------------------------------
                 PowerUp | 00000000100000000000000000000000 |                            00000
                   Reset | 00000000000100000000000000000000 |                            00001
            ReleaseReset | 00000000000000000000100000000000 |                            00011
            EnableDriver | 00000000000000000001000000000000 |                            00010
              DisplayOff | 00000000000000000100000000000000 |                            00110
   SetRemapDisplayFormat | 00000100000000000000000000000000 |                            00111
            SetStartLine | 00001000000000000000000000000000 |                            00101
               SetOffset | 10000000000000000000000000000000 |                            00100
        SetNormalDisplay | 00000000000000000000000010000000 |                            01100
       SetMultiplexRatio | 00000000000000000000000000100000 |                            01101
  SetMasterConfiguration | 00000000000000000000000001000000 |                            01111
        DisablePowerSave | 00000000000000000000000000000100 |                            01110
          SetPhaseAdjust | 00000000000000000000000000001000 |                            01010
         SetDisplayClock | 00000000001000000000000000000000 |                            01011
     SetSecondPrechargeA | 00000000010000000000000000000000 |                            01001
     SetSecondPrechargeB | 01000000000000000000000000000000 |                            01000
     SetSecondPrechargeC | 00000010000000000000000000000000 |                            11000
       SetPrechargeLevel | 00000001000000000000000000000000 |                            11001
                SetVCOMH | 00000000000000010000000000000000 |                            11011
        SetMasterCurrent | 00000000000000100000000000000000 |                            11010
            SetContrastA | 00000000000001000000000000000000 |                            11110
            SetContrastB | 00100000000000000000000000000000 |                            11111
            SetContrastC | 00000000000000000000000000000001 |                            11101
        DisableScrolling | 00000000000000000000000000000010 |                            11100
             ClearScreen | 00000000000000000000000000010000 |                            10100
                   VccEn | 00010000000000000000000000000000 |                            10101
               DisplayOn | 00000000000010000000000000000000 |                            10111
        PrepareNextFrame | 00000000000000001000000000000000 |                            10110
           SetColAddress | 00000000000000000000010000000000 |                            10010
           SetRowAddress | 00000000000000000000000100000000 |                            10011
           WaitNextFrame | 00000000000000000000001000000000 |                            10001
               SendPixel | 00000000000000000010000000000000 |                            10000
---------------------------------------------------------------------------------------------------
INFO: [Synth 8-3354] encoded FSM with state register 'state_reg' using encoding 'one-hot' in module 'Oled_Display'
---------------------------------------------------------------------------------
Finished RTL Optimization Phase 2 : Time (s): cpu = 00:00:06 ; elapsed = 00:00:13 . Memory (MB): peak = 763.191 ; gain = 503.340
---------------------------------------------------------------------------------
INFO: [Synth 8-223] decloning instance 'clk_6p25MHz' (flexy_clock) to 'clk_25MHz'

Report RTL Partitions: 
+-+--------------+------------+----------+
| |RTL Partition |Replication |Instances |
+-+--------------+------------+----------+
+-+--------------+------------+----------+
---------------------------------------------------------------------------------
Start RTL Component Statistics 
---------------------------------------------------------------------------------
Detailed RTL Component Info : 
+---Adders : 
	   4 Input     33 Bit       Adders := 3     
	   2 Input     32 Bit       Adders := 11    
	   3 Input     32 Bit       Adders := 8     
	   2 Input     17 Bit       Adders := 1     
	   2 Input      9 Bit       Adders := 5     
	   3 Input      9 Bit       Adders := 1     
	   4 Input      9 Bit       Adders := 1     
	   2 Input      8 Bit       Adders := 11    
	   3 Input      8 Bit       Adders := 19    
	   2 Input      7 Bit       Adders := 59    
	   3 Input      7 Bit       Adders := 1     
	   2 Input      6 Bit       Adders := 1     
	   2 Input      3 Bit       Adders := 1     
+---Registers : 
	               40 Bit    Registers := 1     
	               32 Bit    Registers := 8     
	               17 Bit    Registers := 1     
	               16 Bit    Registers := 4     
	                7 Bit    Registers := 13    
	                6 Bit    Registers := 1     
	                3 Bit    Registers := 3     
	                2 Bit    Registers := 1     
	                1 Bit    Registers := 15    
+---Muxes : 
	   2 Input     40 Bit        Muxes := 3     
	   2 Input     32 Bit        Muxes := 22    
	   3 Input     32 Bit        Muxes := 1     
	  32 Input     32 Bit        Muxes := 1     
	  32 Input     20 Bit        Muxes := 1     
	   2 Input     17 Bit        Muxes := 1     
	   2 Input     16 Bit        Muxes := 11    
	   3 Input     16 Bit        Muxes := 1     
	   2 Input     11 Bit        Muxes := 2     
	   2 Input      7 Bit        Muxes := 53    
	  10 Input      7 Bit        Muxes := 2     
	   6 Input      7 Bit        Muxes := 1     
	   3 Input      7 Bit        Muxes := 1     
	   7 Input      7 Bit        Muxes := 1     
	  32 Input      6 Bit        Muxes := 1     
	   2 Input      6 Bit        Muxes := 1     
	   2 Input      5 Bit        Muxes := 2     
	  32 Input      5 Bit        Muxes := 1     
	   2 Input      3 Bit        Muxes := 4     
	   2 Input      2 Bit        Muxes := 4     
	   3 Input      2 Bit        Muxes := 3     
	   2 Input      1 Bit        Muxes := 9     
	   3 Input      1 Bit        Muxes := 1     
	   5 Input      1 Bit        Muxes := 1     
---------------------------------------------------------------------------------
Finished RTL Component Statistics 
---------------------------------------------------------------------------------
---------------------------------------------------------------------------------
Start RTL Hierarchical Component Statistics 
---------------------------------------------------------------------------------
Hierarchical RTL Component report 
Module flexy_clock 
Detailed RTL Component Info : 
+---Registers : 
	                1 Bit    Registers := 1     
+---Muxes : 
	   2 Input      1 Bit        Muxes := 1     
Module direction_mux 
Detailed RTL Component Info : 
+---Registers : 
	                7 Bit    Registers := 2     
+---Muxes : 
	   2 Input      7 Bit        Muxes := 3     
Module animate 
Detailed RTL Component Info : 
+---Adders : 
	   4 Input     33 Bit       Adders := 1     
	   2 Input     32 Bit       Adders := 4     
	   3 Input     32 Bit       Adders := 3     
	   2 Input      9 Bit       Adders := 2     
	   2 Input      8 Bit       Adders := 3     
	   2 Input      7 Bit       Adders := 11    
+---Registers : 
	               32 Bit    Registers := 3     
	               16 Bit    Registers := 1     
	                7 Bit    Registers := 3     
	                2 Bit    Registers := 1     
	                1 Bit    Registers := 2     
+---Muxes : 
	   2 Input     32 Bit        Muxes := 13    
	   2 Input      7 Bit        Muxes := 10    
	  10 Input      7 Bit        Muxes := 1     
	   6 Input      7 Bit        Muxes := 1     
	   2 Input      2 Bit        Muxes := 2     
	   3 Input      2 Bit        Muxes := 1     
Module hero_damage 
Detailed RTL Component Info : 
+---Adders : 
	   2 Input     32 Bit       Adders := 1     
+---Registers : 
	               32 Bit    Registers := 1     
	                3 Bit    Registers := 1     
+---Muxes : 
	   3 Input     32 Bit        Muxes := 1     
	   2 Input     32 Bit        Muxes := 1     
	   2 Input      3 Bit        Muxes := 3     
	   3 Input      2 Bit        Muxes := 1     
Module touch_muff 
Detailed RTL Component Info : 
+---Adders : 
	   2 Input      3 Bit       Adders := 1     
+---Registers : 
	                3 Bit    Registers := 2     
+---Muxes : 
	   2 Input      3 Bit        Muxes := 1     
Module projectile_animate 
Detailed RTL Component Info : 
+---Adders : 
	   3 Input     32 Bit       Adders := 1     
	   3 Input      9 Bit       Adders := 1     
	   3 Input      8 Bit       Adders := 2     
	   2 Input      7 Bit       Adders := 9     
	   3 Input      7 Bit       Adders := 1     
+---Registers : 
	                7 Bit    Registers := 3     
	                1 Bit    Registers := 1     
+---Muxes : 
	   2 Input      7 Bit        Muxes := 12    
	   3 Input      7 Bit        Muxes := 1     
	   3 Input      2 Bit        Muxes := 1     
Module enimate 
Detailed RTL Component Info : 
+---Adders : 
	   4 Input     33 Bit       Adders := 1     
	   2 Input     32 Bit       Adders := 4     
	   3 Input     32 Bit       Adders := 3     
	   2 Input      9 Bit       Adders := 2     
	   2 Input      8 Bit       Adders := 3     
	   3 Input      8 Bit       Adders := 2     
	   2 Input      7 Bit       Adders := 16    
+---Registers : 
	               32 Bit    Registers := 3     
	               16 Bit    Registers := 1     
	                7 Bit    Registers := 2     
	                1 Bit    Registers := 2     
+---Muxes : 
	   2 Input     32 Bit        Muxes := 5     
	   2 Input      7 Bit        Muxes := 4     
	  10 Input      7 Bit        Muxes := 1     
	   7 Input      7 Bit        Muxes := 1     
	   2 Input      2 Bit        Muxes := 2     
Module muffinimate 
Detailed RTL Component Info : 
+---Adders : 
	   4 Input     33 Bit       Adders := 1     
	   2 Input     32 Bit       Adders := 2     
	   3 Input     32 Bit       Adders := 1     
	   2 Input      9 Bit       Adders := 1     
	   2 Input      8 Bit       Adders := 2     
	   3 Input      8 Bit       Adders := 3     
	   2 Input      7 Bit       Adders := 11    
+---Registers : 
	               32 Bit    Registers := 1     
	               16 Bit    Registers := 1     
	                7 Bit    Registers := 3     
	                1 Bit    Registers := 3     
+---Muxes : 
	   2 Input     32 Bit        Muxes := 1     
	   2 Input      7 Bit        Muxes := 24    
	   3 Input      1 Bit        Muxes := 1     
Module sprite_1 
Detailed RTL Component Info : 
+---Adders : 
	   4 Input      9 Bit       Adders := 1     
	   2 Input      8 Bit       Adders := 1     
+---Muxes : 
	   2 Input     16 Bit        Muxes := 1     
	   2 Input     11 Bit        Muxes := 1     
Module sprite_2 
Detailed RTL Component Info : 
+---Adders : 
	   2 Input      8 Bit       Adders := 1     
+---Muxes : 
	   3 Input     16 Bit        Muxes := 1     
Module sprite_3 
Detailed RTL Component Info : 
+---Adders : 
	   2 Input      8 Bit       Adders := 1     
+---Muxes : 
	   2 Input     16 Bit        Muxes := 2     
	   2 Input     11 Bit        Muxes := 1     
Module make_square 
Detailed RTL Component Info : 
+---Adders : 
	   3 Input      8 Bit       Adders := 12    
	   2 Input      7 Bit       Adders := 12    
+---Registers : 
	               16 Bit    Registers := 1     
+---Muxes : 
	   2 Input     16 Bit        Muxes := 8     
	   5 Input      1 Bit        Muxes := 1     
Module Oled_Display 
Detailed RTL Component Info : 
+---Adders : 
	   2 Input     17 Bit       Adders := 1     
	   2 Input      6 Bit       Adders := 1     
+---Registers : 
	               40 Bit    Registers := 1     
	               17 Bit    Registers := 1     
	                6 Bit    Registers := 1     
+---Muxes : 
	   2 Input     40 Bit        Muxes := 3     
	  32 Input     32 Bit        Muxes := 1     
	   2 Input     32 Bit        Muxes := 2     
	  32 Input     20 Bit        Muxes := 1     
	   2 Input     17 Bit        Muxes := 1     
	  32 Input      6 Bit        Muxes := 1     
	   2 Input      6 Bit        Muxes := 1     
	   2 Input      5 Bit        Muxes := 2     
	  32 Input      5 Bit        Muxes := 1     
	   2 Input      1 Bit        Muxes := 2     
---------------------------------------------------------------------------------
Finished RTL Hierarchical Component Statistics
---------------------------------------------------------------------------------
---------------------------------------------------------------------------------
Start Part Resource Summary
---------------------------------------------------------------------------------
Part Resources:
DSPs: 90 (col length:60)
BRAMs: 100 (col length: RAMB18 60 RAMB36 30)
---------------------------------------------------------------------------------
Finished Part Resource Summary
---------------------------------------------------------------------------------
---------------------------------------------------------------------------------
Start Cross Boundary and Area Optimization
---------------------------------------------------------------------------------
Warning: Parallel synthesis criteria is not met 
INFO: [Synth 8-5545] ROM "slow_clk0" won't be mapped to RAM because address size (32) is larger than maximum supported(25)
INFO: [Synth 8-5545] ROM "slow_clk0" won't be mapped to RAM because address size (32) is larger than maximum supported(25)
INFO: [Synth 8-5546] ROM "is_y_stat0" won't be mapped to RAM because it is too sparse
INFO: [Synth 8-5545] ROM "nolabel_line36/slow_clk0" won't be mapped to RAM because address size (32) is larger than maximum supported(25)
INFO: [Synth 8-5545] ROM "nolabel_line29/slow_clk0" won't be mapped to RAM because address size (32) is larger than maximum supported(25)
INFO: [Synth 8-5545] ROM "get_fps_clock/slow_clk0" won't be mapped to RAM because address size (32) is larger than maximum supported(25)
INFO: [Synth 8-5545] ROM "slow_clk0" won't be mapped to RAM because address size (32) is larger than maximum supported(25)
INFO: [Synth 8-5546] ROM "is_y_stat0" won't be mapped to RAM because it is too sparse
INFO: [Synth 8-5545] ROM "get_fps_clock/slow_clk0" won't be mapped to RAM because address size (32) is larger than maximum supported(25)
INFO: [Synth 8-5546] ROM "fsm_next_state0" won't be mapped to RAM because it is too sparse
INFO: [Synth 8-5546] ROM "fsm_next_state0" won't be mapped to RAM because it is too sparse
INFO: [Synth 8-3886] merging instance 'draw_sq/oled_data_reg[0]' (FDE) to 'draw_sq/oled_data_reg[4]'
INFO: [Synth 8-3886] merging instance 'draw_sq/oled_data_reg[1]' (FDE) to 'draw_sq/oled_data_reg[4]'
INFO: [Synth 8-3886] merging instance 'draw_sq/oled_data_reg[2]' (FDE) to 'draw_sq/oled_data_reg[4]'
INFO: [Synth 8-3886] merging instance 'draw_sq/oled_data_reg[3]' (FDE) to 'draw_sq/oled_data_reg[4]'
INFO: [Synth 8-3886] merging instance 'draw_sq/oled_data_reg[5]' (FDE) to 'draw_sq/oled_data_reg[10]'
INFO: [Synth 8-3886] merging instance 'draw_sq/oled_data_reg[6]' (FDE) to 'draw_sq/oled_data_reg[10]'
INFO: [Synth 8-3886] merging instance 'draw_sq/oled_data_reg[7]' (FDE) to 'draw_sq/oled_data_reg[10]'
INFO: [Synth 8-3886] merging instance 'draw_sq/oled_data_reg[8]' (FDE) to 'draw_sq/oled_data_reg[10]'
INFO: [Synth 8-3886] merging instance 'draw_sq/oled_data_reg[9]' (FDE) to 'draw_sq/oled_data_reg[10]'
INFO: [Synth 8-3886] merging instance 'draw_sq/oled_data_reg[11]' (FDE) to 'draw_sq/oled_data_reg[15]'
INFO: [Synth 8-3886] merging instance 'draw_sq/oled_data_reg[12]' (FDE) to 'draw_sq/oled_data_reg[15]'
INFO: [Synth 8-3886] merging instance 'draw_sq/oled_data_reg[13]' (FDE) to 'draw_sq/oled_data_reg[15]'
INFO: [Synth 8-3886] merging instance 'choose_direction/y_vect_reg[1]' (FDSE) to 'choose_direction/y_vect_reg[2]'
INFO: [Synth 8-3886] merging instance 'choose_direction/y_vect_reg[2]' (FDSE) to 'choose_direction/y_vect_reg[3]'
INFO: [Synth 8-3886] merging instance 'choose_direction/y_vect_reg[3]' (FDSE) to 'choose_direction/y_vect_reg[4]'
INFO: [Synth 8-3886] merging instance 'choose_direction/y_vect_reg[4]' (FDSE) to 'choose_direction/y_vect_reg[5]'
INFO: [Synth 8-3886] merging instance 'choose_direction/y_vect_reg[5]' (FDSE) to 'choose_direction/y_vect_reg[6]'
INFO: [Synth 8-3886] merging instance 'choose_direction/x_vect_reg[6]' (FD) to 'choose_direction/x_vect_reg[1]'
INFO: [Synth 8-3886] merging instance 'choose_direction/x_vect_reg[5]' (FD) to 'choose_direction/x_vect_reg[1]'
INFO: [Synth 8-3886] merging instance 'choose_direction/x_vect_reg[4]' (FD) to 'choose_direction/x_vect_reg[1]'
INFO: [Synth 8-3886] merging instance 'choose_direction/x_vect_reg[3]' (FD) to 'choose_direction/x_vect_reg[1]'
INFO: [Synth 8-3886] merging instance 'choose_direction/x_vect_reg[2]' (FD) to 'choose_direction/x_vect_reg[1]'
INFO: [Synth 8-3886] merging instance 'draw_sq/oled_data_reg[14]' (FDE) to 'draw_sq/oled_data_reg[15]'
WARNING: [Synth 8-3332] Sequential element (center_sq_colour_reg[15]) is unused and will be removed from module animate.
WARNING: [Synth 8-3332] Sequential element (center_sq_colour_reg[14]) is unused and will be removed from module animate.
WARNING: [Synth 8-3332] Sequential element (center_sq_colour_reg[13]) is unused and will be removed from module animate.
WARNING: [Synth 8-3332] Sequential element (center_sq_colour_reg[12]) is unused and will be removed from module animate.
WARNING: [Synth 8-3332] Sequential element (center_sq_colour_reg[11]) is unused and will be removed from module animate.
WARNING: [Synth 8-3332] Sequential element (center_sq_colour_reg[10]) is unused and will be removed from module animate.
WARNING: [Synth 8-3332] Sequential element (center_sq_colour_reg[9]) is unused and will be removed from module animate.
WARNING: [Synth 8-3332] Sequential element (center_sq_colour_reg[8]) is unused and will be removed from module animate.
WARNING: [Synth 8-3332] Sequential element (center_sq_colour_reg[7]) is unused and will be removed from module animate.
WARNING: [Synth 8-3332] Sequential element (center_sq_colour_reg[6]) is unused and will be removed from module animate.
WARNING: [Synth 8-3332] Sequential element (center_sq_colour_reg[5]) is unused and will be removed from module animate.
WARNING: [Synth 8-3332] Sequential element (center_sq_colour_reg[4]) is unused and will be removed from module animate.
WARNING: [Synth 8-3332] Sequential element (center_sq_colour_reg[3]) is unused and will be removed from module animate.
WARNING: [Synth 8-3332] Sequential element (center_sq_colour_reg[2]) is unused and will be removed from module animate.
WARNING: [Synth 8-3332] Sequential element (center_sq_colour_reg[1]) is unused and will be removed from module animate.
WARNING: [Synth 8-3332] Sequential element (center_sq_colour_reg[0]) is unused and will be removed from module animate.
WARNING: [Synth 8-3332] Sequential element (sprite_no_reg[1]) is unused and will be removed from module animate.
WARNING: [Synth 8-3332] Sequential element (sprite_no_reg[0]) is unused and will be removed from module animate.
WARNING: [Synth 8-3332] Sequential element (jump_time_reg[31]) is unused and will be removed from module enimate.
WARNING: [Synth 8-3332] Sequential element (jump_time_reg[30]) is unused and will be removed from module enimate.
WARNING: [Synth 8-3332] Sequential element (jump_time_reg[29]) is unused and will be removed from module enimate.
WARNING: [Synth 8-3332] Sequential element (jump_time_reg[28]) is unused and will be removed from module enimate.
WARNING: [Synth 8-3332] Sequential element (jump_time_reg[27]) is unused and will be removed from module enimate.
WARNING: [Synth 8-3332] Sequential element (jump_time_reg[26]) is unused and will be removed from module enimate.
WARNING: [Synth 8-3332] Sequential element (jump_time_reg[25]) is unused and will be removed from module enimate.
WARNING: [Synth 8-3332] Sequential element (jump_time_reg[24]) is unused and will be removed from module enimate.
WARNING: [Synth 8-3332] Sequential element (jump_time_reg[23]) is unused and will be removed from module enimate.
WARNING: [Synth 8-3332] Sequential element (jump_time_reg[22]) is unused and will be removed from module enimate.
WARNING: [Synth 8-3332] Sequential element (jump_time_reg[21]) is unused and will be removed from module enimate.
WARNING: [Synth 8-3332] Sequential element (jump_time_reg[20]) is unused and will be removed from module enimate.
WARNING: [Synth 8-3332] Sequential element (jump_time_reg[19]) is unused and will be removed from module enimate.
WARNING: [Synth 8-3332] Sequential element (jump_time_reg[18]) is unused and will be removed from module enimate.
WARNING: [Synth 8-3332] Sequential element (jump_time_reg[17]) is unused and will be removed from module enimate.
WARNING: [Synth 8-3332] Sequential element (jump_time_reg[16]) is unused and will be removed from module enimate.
WARNING: [Synth 8-3332] Sequential element (jump_time_reg[15]) is unused and will be removed from module enimate.
WARNING: [Synth 8-3332] Sequential element (jump_time_reg[14]) is unused and will be removed from module enimate.
WARNING: [Synth 8-3332] Sequential element (jump_time_reg[13]) is unused and will be removed from module enimate.
WARNING: [Synth 8-3332] Sequential element (jump_time_reg[12]) is unused and will be removed from module enimate.
WARNING: [Synth 8-3332] Sequential element (jump_time_reg[11]) is unused and will be removed from module enimate.
WARNING: [Synth 8-3332] Sequential element (jump_time_reg[10]) is unused and will be removed from module enimate.
WARNING: [Synth 8-3332] Sequential element (jump_time_reg[9]) is unused and will be removed from module enimate.
WARNING: [Synth 8-3332] Sequential element (jump_time_reg[8]) is unused and will be removed from module enimate.
WARNING: [Synth 8-3332] Sequential element (jump_time_reg[7]) is unused and will be removed from module enimate.
WARNING: [Synth 8-3332] Sequential element (jump_time_reg[6]) is unused and will be removed from module enimate.
WARNING: [Synth 8-3332] Sequential element (jump_time_reg[5]) is unused and will be removed from module enimate.
WARNING: [Synth 8-3332] Sequential element (jump_time_reg[4]) is unused and will be removed from module enimate.
WARNING: [Synth 8-3332] Sequential element (jump_time_reg[3]) is unused and will be removed from module enimate.
WARNING: [Synth 8-3332] Sequential element (jump_time_reg[2]) is unused and will be removed from module enimate.
WARNING: [Synth 8-3332] Sequential element (jump_time_reg[1]) is unused and will be removed from module enimate.
WARNING: [Synth 8-3332] Sequential element (jump_time_reg[0]) is unused and will be removed from module enimate.
WARNING: [Synth 8-3332] Sequential element (center_sq_colour_reg[15]) is unused and will be removed from module enimate.
WARNING: [Synth 8-3332] Sequential element (center_sq_colour_reg[14]) is unused and will be removed from module enimate.
WARNING: [Synth 8-3332] Sequential element (center_sq_colour_reg[13]) is unused and will be removed from module enimate.
WARNING: [Synth 8-3332] Sequential element (center_sq_colour_reg[12]) is unused and will be removed from module enimate.
WARNING: [Synth 8-3332] Sequential element (center_sq_colour_reg[11]) is unused and will be removed from module enimate.
WARNING: [Synth 8-3332] Sequential element (center_sq_colour_reg[10]) is unused and will be removed from module enimate.
WARNING: [Synth 8-3332] Sequential element (center_sq_colour_reg[9]) is unused and will be removed from module enimate.
WARNING: [Synth 8-3332] Sequential element (center_sq_colour_reg[8]) is unused and will be removed from module enimate.
WARNING: [Synth 8-3332] Sequential element (center_sq_colour_reg[7]) is unused and will be removed from module enimate.
WARNING: [Synth 8-3332] Sequential element (center_sq_colour_reg[6]) is unused and will be removed from module enimate.
WARNING: [Synth 8-3332] Sequential element (center_sq_colour_reg[5]) is unused and will be removed from module enimate.
WARNING: [Synth 8-3332] Sequential element (center_sq_colour_reg[4]) is unused and will be removed from module enimate.
WARNING: [Synth 8-3332] Sequential element (center_sq_colour_reg[3]) is unused and will be removed from module enimate.
WARNING: [Synth 8-3332] Sequential element (center_sq_colour_reg[2]) is unused and will be removed from module enimate.
WARNING: [Synth 8-3332] Sequential element (center_sq_colour_reg[1]) is unused and will be removed from module enimate.
WARNING: [Synth 8-3332] Sequential element (center_sq_colour_reg[0]) is unused and will be removed from module enimate.
WARNING: [Synth 8-3332] Sequential element (center_sq_colour_reg[15]) is unused and will be removed from module muffinimate.
WARNING: [Synth 8-3332] Sequential element (center_sq_colour_reg[14]) is unused and will be removed from module muffinimate.
WARNING: [Synth 8-3332] Sequential element (center_sq_colour_reg[13]) is unused and will be removed from module muffinimate.
WARNING: [Synth 8-3332] Sequential element (center_sq_colour_reg[12]) is unused and will be removed from module muffinimate.
WARNING: [Synth 8-3332] Sequential element (center_sq_colour_reg[11]) is unused and will be removed from module muffinimate.
WARNING: [Synth 8-3332] Sequential element (center_sq_colour_reg[10]) is unused and will be removed from module muffinimate.
WARNING: [Synth 8-3332] Sequential element (center_sq_colour_reg[9]) is unused and will be removed from module muffinimate.
WARNING: [Synth 8-3332] Sequential element (center_sq_colour_reg[8]) is unused and will be removed from module muffinimate.
WARNING: [Synth 8-3332] Sequential element (center_sq_colour_reg[7]) is unused and will be removed from module muffinimate.
WARNING: [Synth 8-3332] Sequential element (center_sq_colour_reg[6]) is unused and will be removed from module muffinimate.
WARNING: [Synth 8-3332] Sequential element (center_sq_colour_reg[5]) is unused and will be removed from module muffinimate.
WARNING: [Synth 8-3332] Sequential element (center_sq_colour_reg[4]) is unused and will be removed from module muffinimate.
WARNING: [Synth 8-3332] Sequential element (center_sq_colour_reg[3]) is unused and will be removed from module muffinimate.
WARNING: [Synth 8-3332] Sequential element (center_sq_colour_reg[2]) is unused and will be removed from module muffinimate.
WARNING: [Synth 8-3332] Sequential element (center_sq_colour_reg[1]) is unused and will be removed from module muffinimate.
WARNING: [Synth 8-3332] Sequential element (center_sq_colour_reg[0]) is unused and will be removed from module muffinimate.
---------------------------------------------------------------------------------
Finished Cross Boundary and Area Optimization : Time (s): cpu = 00:00:15 ; elapsed = 00:00:26 . Memory (MB): peak = 763.191 ; gain = 503.340
---------------------------------------------------------------------------------

Report RTL Partitions: 
+-+--------------+------------+----------+
| |RTL Partition |Replication |Instances |
+-+--------------+------------+----------+
+-+--------------+------------+----------+
---------------------------------------------------------------------------------
Start Applying XDC Timing Constraints
---------------------------------------------------------------------------------
---------------------------------------------------------------------------------
Finished Applying XDC Timing Constraints : Time (s): cpu = 00:00:19 ; elapsed = 00:00:33 . Memory (MB): peak = 768.234 ; gain = 508.383
---------------------------------------------------------------------------------
---------------------------------------------------------------------------------
Start Timing Optimization
---------------------------------------------------------------------------------
---------------------------------------------------------------------------------
Finished Timing Optimization : Time (s): cpu = 00:00:19 ; elapsed = 00:00:34 . Memory (MB): peak = 791.375 ; gain = 531.523
---------------------------------------------------------------------------------

Report RTL Partitions: 
+-+--------------+------------+----------+
| |RTL Partition |Replication |Instances |
+-+--------------+------------+----------+
+-+--------------+------------+----------+
---------------------------------------------------------------------------------
Start Technology Mapping
---------------------------------------------------------------------------------
WARNING: [Synth 8-3332] Sequential element (animate_hero/jump_time_reg[31]) is unused and will be removed from module Top_Student.
WARNING: [Synth 8-3332] Sequential element (animate_hero/jump_time_reg[30]) is unused and will be removed from module Top_Student.
WARNING: [Synth 8-3332] Sequential element (animate_hero/jump_time_reg[29]) is unused and will be removed from module Top_Student.
WARNING: [Synth 8-3332] Sequential element (animate_hero/jump_time_reg[28]) is unused and will be removed from module Top_Student.
WARNING: [Synth 8-3332] Sequential element (animate_hero/jump_time_reg[27]) is unused and will be removed from module Top_Student.
WARNING: [Synth 8-3332] Sequential element (animate_hero/jump_time_reg[26]) is unused and will be removed from module Top_Student.
WARNING: [Synth 8-3332] Sequential element (animate_hero/jump_time_reg[25]) is unused and will be removed from module Top_Student.
WARNING: [Synth 8-3332] Sequential element (animate_hero/jump_time_reg[24]) is unused and will be removed from module Top_Student.
WARNING: [Synth 8-3332] Sequential element (animate_hero/jump_time_reg[23]) is unused and will be removed from module Top_Student.
WARNING: [Synth 8-3332] Sequential element (animate_hero/jump_time_reg[22]) is unused and will be removed from module Top_Student.
WARNING: [Synth 8-3332] Sequential element (animate_hero/jump_time_reg[21]) is unused and will be removed from module Top_Student.
WARNING: [Synth 8-3332] Sequential element (animate_hero/jump_time_reg[20]) is unused and will be removed from module Top_Student.
WARNING: [Synth 8-3332] Sequential element (animate_hero/jump_time_reg[19]) is unused and will be removed from module Top_Student.
WARNING: [Synth 8-3332] Sequential element (animate_hero/jump_time_reg[18]) is unused and will be removed from module Top_Student.
WARNING: [Synth 8-3332] Sequential element (animate_hero/jump_time_reg[17]) is unused and will be removed from module Top_Student.
WARNING: [Synth 8-3332] Sequential element (animate_hero/jump_time_reg[16]) is unused and will be removed from module Top_Student.
WARNING: [Synth 8-3332] Sequential element (animate_hero/jump_time_reg[15]) is unused and will be removed from module Top_Student.
WARNING: [Synth 8-3332] Sequential element (animate_hero/jump_time_reg[14]) is unused and will be removed from module Top_Student.
INFO: [Common 17-14] Message 'Synth 8-3332' appears 100 times and further instances of the messages will be disabled. Use the Tcl command set_msg_config to change the current settings.
---------------------------------------------------------------------------------
Finished Technology Mapping : Time (s): cpu = 00:00:21 ; elapsed = 00:00:36 . Memory (MB): peak = 865.418 ; gain = 605.566
---------------------------------------------------------------------------------

Report RTL Partitions: 
+-+--------------+------------+----------+
| |RTL Partition |Replication |Instances |
+-+--------------+------------+----------+
+-+--------------+------------+----------+
---------------------------------------------------------------------------------
Start IO Insertion
---------------------------------------------------------------------------------
---------------------------------------------------------------------------------
Start Flattening Before IO Insertion
---------------------------------------------------------------------------------
---------------------------------------------------------------------------------
Finished Flattening Before IO Insertion
---------------------------------------------------------------------------------
---------------------------------------------------------------------------------
Start Final Netlist Cleanup
---------------------------------------------------------------------------------
---------------------------------------------------------------------------------
Finished Final Netlist Cleanup
---------------------------------------------------------------------------------
---------------------------------------------------------------------------------
Finished IO Insertion : Time (s): cpu = 00:00:21 ; elapsed = 00:00:37 . Memory (MB): peak = 865.418 ; gain = 605.566
---------------------------------------------------------------------------------

Report Check Netlist: 
+------+------------------+-------+---------+-------+------------------+
|      |Item              |Errors |Warnings |Status |Description       |
+------+------------------+-------+---------+-------+------------------+
|1     |multi_driven_nets |      0|        0|Passed |Multi driven nets |
+------+------------------+-------+---------+-------+------------------+
---------------------------------------------------------------------------------
Start Renaming Generated Instances
---------------------------------------------------------------------------------
---------------------------------------------------------------------------------
Finished Renaming Generated Instances : Time (s): cpu = 00:00:21 ; elapsed = 00:00:37 . Memory (MB): peak = 865.418 ; gain = 605.566
---------------------------------------------------------------------------------

Report RTL Partitions: 
+-+--------------+------------+----------+
| |RTL Partition |Replication |Instances |
+-+--------------+------------+----------+
+-+--------------+------------+----------+
---------------------------------------------------------------------------------
Start Rebuilding User Hierarchy
---------------------------------------------------------------------------------
---------------------------------------------------------------------------------
Finished Rebuilding User Hierarchy : Time (s): cpu = 00:00:22 ; elapsed = 00:00:37 . Memory (MB): peak = 865.418 ; gain = 605.566
---------------------------------------------------------------------------------
---------------------------------------------------------------------------------
Start Renaming Generated Ports
---------------------------------------------------------------------------------
---------------------------------------------------------------------------------
Finished Renaming Generated Ports : Time (s): cpu = 00:00:22 ; elapsed = 00:00:37 . Memory (MB): peak = 865.418 ; gain = 605.566
---------------------------------------------------------------------------------
---------------------------------------------------------------------------------
Start Handling Custom Attributes
---------------------------------------------------------------------------------
---------------------------------------------------------------------------------
Finished Handling Custom Attributes : Time (s): cpu = 00:00:22 ; elapsed = 00:00:37 . Memory (MB): peak = 865.418 ; gain = 605.566
---------------------------------------------------------------------------------
---------------------------------------------------------------------------------
Start Renaming Generated Nets
---------------------------------------------------------------------------------
---------------------------------------------------------------------------------
Finished Renaming Generated Nets : Time (s): cpu = 00:00:22 ; elapsed = 00:00:37 . Memory (MB): peak = 865.418 ; gain = 605.566
---------------------------------------------------------------------------------
---------------------------------------------------------------------------------
Start Writing Synthesis Report
---------------------------------------------------------------------------------

Report BlackBoxes: 
+-+--------------+----------+
| |BlackBox name |Instances |
+-+--------------+----------+
+-+--------------+----------+

Report Cell Usage: 
+------+-------+------+
|      |Cell   |Count |
+------+-------+------+
|1     |BUFG   |     6|
|2     |CARRY4 |   833|
|3     |LUT1   |   176|
|4     |LUT2   |   788|
|5     |LUT3   |   707|
|6     |LUT4   |   666|
|7     |LUT5   |   896|
|8     |LUT6   |  1755|
|9     |MUXF7  |     2|
|10    |FDE_1  |    32|
|11    |FDRE   |   610|
|12    |IBUF   |     6|
|13    |OBUF   |    10|
|14    |OBUFT  |     1|
+------+-------+------+

Report Instance Areas: 
+------+---------------------+-------------------+------+
|      |Instance             |Module             |Cells |
+------+---------------------+-------------------+------+
|1     |top                  |                   |  6488|
|2     |  Q3A1               |Oled_Display       |   640|
|3     |  animate_enemy      |enimate            |  1943|
|4     |    get_fps_clock    |flexy_clock_5      |    63|
|5     |  animate_hero       |animate            |  2150|
|6     |    get_fps_clock    |flexy_clock_4      |    63|
|7     |  animate_muffin     |muffinimate        |  1095|
|8     |    get_fps_clock    |flexy_clock_3      |    55|
|9     |  animate_projectile |projectile_animate |   183|
|10    |    get_fps_clock    |flexy_clock_2      |    54|
|11    |  choose_direction   |direction_mux      |    88|
|12    |  clk_6p25MHz        |flexy_clock        |    64|
|13    |  draw_sq            |make_square        |    67|
|14    |    draw_sprite_1    |sprite_1           |     4|
|15    |    draw_sprite_2    |sprite_2           |     3|
|16    |    draw_sprite_3    |sprite_3           |     5|
|17    |  nolabel_line86     |hero_damage        |   151|
|18    |    nolabel_line36   |flexy_clock_1      |    54|
|19    |  nolabel_line87     |touch_muff         |    72|
|20    |    nolabel_line29   |flexy_clock_0      |    54|
+------+---------------------+-------------------+------+
---------------------------------------------------------------------------------
Finished Writing Synthesis Report : Time (s): cpu = 00:00:22 ; elapsed = 00:00:37 . Memory (MB): peak = 865.418 ; gain = 605.566
---------------------------------------------------------------------------------
Synthesis finished with 0 errors, 0 critical warnings and 499 warnings.
Synthesis Optimization Runtime : Time (s): cpu = 00:00:18 ; elapsed = 00:00:31 . Memory (MB): peak = 865.418 ; gain = 255.988
Synthesis Optimization Complete : Time (s): cpu = 00:00:22 ; elapsed = 00:00:38 . Memory (MB): peak = 865.418 ; gain = 605.566
INFO: [Project 1-571] Translating synthesized netlist
INFO: [Netlist 29-17] Analyzing 873 Unisim elements for replacement
INFO: [Netlist 29-28] Unisim Transformation completed in 0 CPU seconds
INFO: [Project 1-570] Preparing netlist for logic optimization
INFO: [Opt 31-138] Pushed 0 inverter(s) to 0 load pin(s).
INFO: [Project 1-111] Unisim Transformation Summary:
  A total of 32 instances were transformed.
  FDE_1 => FDRE (inverted pins: C): 32 instances

INFO: [Common 17-83] Releasing license: Synthesis
94 Infos, 236 Warnings, 2 Critical Warnings and 0 Errors encountered.
synth_design completed successfully
synth_design: Time (s): cpu = 00:00:23 ; elapsed = 00:00:41 . Memory (MB): peak = 865.418 ; gain = 618.402
WARNING: [Constraints 18-5210] No constraint will be written out.
INFO: [Common 17-1381] The checkpoint 'C:/Users/cyber/Desktop/Kashfy-EE2026-Vivado/MODS/MODS.runs/synth_1/Top_Student.dcp' has been generated.
INFO: [runtcl-4] Executing : report_utilization -file Top_Student_utilization_synth.rpt -pb Top_Student_utilization_synth.pb
report_utilization: Time (s): cpu = 00:00:00 ; elapsed = 00:00:00.049 . Memory (MB): peak = 865.418 ; gain = 0.000
INFO: [Common 17-206] Exiting Vivado at Thu Oct 31 21:38:09 2024...

*** Running vivado
    with args -log Top_Student.vds -m64 -product Vivado -mode batch -messageDb vivado.pb -notrace -source Top_Student.tcl


****** Vivado v2018.2 (64-bit)
  **** SW Build 2258646 on Thu Jun 14 20:03:12 MDT 2018
  **** IP Build 2256618 on Thu Jun 14 22:10:49 MDT 2018
    ** Copyright 1986-2018 Xilinx, Inc. All Rights Reserved.

source Top_Student.tcl -notrace
Command: synth_design -top Top_Student -part xc7a35tcpg236-1
Starting synth_design
Attempting to get a license for feature 'Synthesis' and/or device 'xc7a35t'
INFO: [Common 17-349] Got license for feature 'Synthesis' and/or device 'xc7a35t'
INFO: Launching helper process for spawning children vivado processes
INFO: Helper process launched with PID 10892 
WARNING: [Synth 8-976] YELLOW has already been declared [C:/Users/cyber/Desktop/Kashfy-EE2026-Vivado/MODS/MODS.srcs/sources_1/new/make_square.v:134]
WARNING: [Synth 8-2654] second declaration of YELLOW ignored [C:/Users/cyber/Desktop/Kashfy-EE2026-Vivado/MODS/MODS.srcs/sources_1/new/make_square.v:134]
INFO: [Synth 8-994] YELLOW is declared here [C:/Users/cyber/Desktop/Kashfy-EE2026-Vivado/MODS/MODS.srcs/sources_1/new/make_square.v:130]
---------------------------------------------------------------------------------
Starting RTL Elaboration : Time (s): cpu = 00:00:01 ; elapsed = 00:00:02 . Memory (MB): peak = 371.734 ; gain = 111.742
---------------------------------------------------------------------------------
INFO: [Synth 8-6157] synthesizing module 'Top_Student' [C:/Users/cyber/Desktop/Kashfy-EE2026-Vivado/MODS/MODS.srcs/sources_1/new/Top_Student.v:14]
INFO: [Synth 8-6157] synthesizing module 'flexy_clock' [C:/Users/cyber/Desktop/Kashfy-EE2026-Vivado/MODS/MODS.srcs/sources_1/new/flexy_clock.v:23]
INFO: [Synth 8-6155] done synthesizing module 'flexy_clock' (1#1) [C:/Users/cyber/Desktop/Kashfy-EE2026-Vivado/MODS/MODS.srcs/sources_1/new/flexy_clock.v:23]
INFO: [Synth 8-6157] synthesizing module 'direction_mux' [C:/Users/cyber/Desktop/Kashfy-EE2026-Vivado/MODS/MODS.srcs/sources_1/new/direction_mux.v:23]
INFO: [Synth 8-6155] done synthesizing module 'direction_mux' (2#1) [C:/Users/cyber/Desktop/Kashfy-EE2026-Vivado/MODS/MODS.srcs/sources_1/new/direction_mux.v:23]
INFO: [Synth 8-6157] synthesizing module 'animate' [C:/Users/cyber/Desktop/Kashfy-EE2026-Vivado/MODS/MODS.srcs/sources_1/new/animate.v:23]
WARNING: [Synth 8-311] ignoring non-constant assignment in initial block [C:/Users/cyber/Desktop/Kashfy-EE2026-Vivado/MODS/MODS.srcs/sources_1/new/animate.v:42]
WARNING: [Synth 8-311] ignoring non-constant assignment in initial block [C:/Users/cyber/Desktop/Kashfy-EE2026-Vivado/MODS/MODS.srcs/sources_1/new/animate.v:43]
WARNING: [Synth 8-6014] Unused sequential element x_increment_reg was removed.  [C:/Users/cyber/Desktop/Kashfy-EE2026-Vivado/MODS/MODS.srcs/sources_1/new/animate.v:69]
INFO: [Synth 8-6155] done synthesizing module 'animate' (3#1) [C:/Users/cyber/Desktop/Kashfy-EE2026-Vivado/MODS/MODS.srcs/sources_1/new/animate.v:23]
WARNING: [Synth 8-689] width (4) of port connection 'sq_width' does not match port width (7) of module 'animate' [C:/Users/cyber/Desktop/Kashfy-EE2026-Vivado/MODS/MODS.srcs/sources_1/new/Top_Student.v:76]
WARNING: [Synth 8-689] width (4) of port connection 'sq_height' does not match port width (7) of module 'animate' [C:/Users/cyber/Desktop/Kashfy-EE2026-Vivado/MODS/MODS.srcs/sources_1/new/Top_Student.v:76]
WARNING: [Synth 8-689] width (1) of port connection 'reset' does not match port width (7) of module 'animate' [C:/Users/cyber/Desktop/Kashfy-EE2026-Vivado/MODS/MODS.srcs/sources_1/new/Top_Student.v:79]
WARNING: [Synth 8-350] instance 'animate_hero' of module 'animate' requires 29 connections, but only 21 given [C:/Users/cyber/Desktop/Kashfy-EE2026-Vivado/MODS/MODS.srcs/sources_1/new/Top_Student.v:75]
INFO: [Synth 8-6157] synthesizing module 'hero_damage' [C:/Users/cyber/Desktop/Kashfy-EE2026-Vivado/MODS/MODS.srcs/sources_1/new/hero_damage.v:23]
INFO: [Synth 8-6155] done synthesizing module 'hero_damage' (4#1) [C:/Users/cyber/Desktop/Kashfy-EE2026-Vivado/MODS/MODS.srcs/sources_1/new/hero_damage.v:23]
INFO: [Synth 8-6157] synthesizing module 'touch_muff' [C:/Users/cyber/Desktop/Kashfy-EE2026-Vivado/MODS/MODS.srcs/sources_1/new/touch_muff.v:23]
WARNING: [Synth 8-311] ignoring non-constant assignment in initial block [C:/Users/cyber/Desktop/Kashfy-EE2026-Vivado/MODS/MODS.srcs/sources_1/new/touch_muff.v:36]
WARNING: [Synth 8-6014] Unused sequential element muff_count_reg was removed.  [C:/Users/cyber/Desktop/Kashfy-EE2026-Vivado/MODS/MODS.srcs/sources_1/new/touch_muff.v:42]
INFO: [Synth 8-6155] done synthesizing module 'touch_muff' (5#1) [C:/Users/cyber/Desktop/Kashfy-EE2026-Vivado/MODS/MODS.srcs/sources_1/new/touch_muff.v:23]
INFO: [Synth 8-6157] synthesizing module 'projectile_animate' [C:/Users/cyber/Desktop/Kashfy-EE2026-Vivado/MODS/MODS.srcs/sources_1/new/projectile_animate.v:23]
INFO: [Synth 8-6157] synthesizing module 'laser_shot' [C:/Users/cyber/Desktop/Kashfy-EE2026-Vivado/MODS/MODS.srcs/sources_1/new/projectile_animate.v:142]
WARNING: [Synth 8-311] ignoring non-constant assignment in initial block [C:/Users/cyber/Desktop/Kashfy-EE2026-Vivado/MODS/MODS.srcs/sources_1/new/projectile_animate.v:169]
WARNING: [Synth 8-6014] Unused sequential element y_increment_reg was removed.  [C:/Users/cyber/Desktop/Kashfy-EE2026-Vivado/MODS/MODS.srcs/sources_1/new/projectile_animate.v:183]
WARNING: [Synth 8-3848] Net proj_hit_enemy in module/entity laser_shot does not have driver. [C:/Users/cyber/Desktop/Kashfy-EE2026-Vivado/MODS/MODS.srcs/sources_1/new/projectile_animate.v:150]
INFO: [Synth 8-6155] done synthesizing module 'laser_shot' (6#1) [C:/Users/cyber/Desktop/Kashfy-EE2026-Vivado/MODS/MODS.srcs/sources_1/new/projectile_animate.v:142]
ERROR: [Synth 8-685] variable 'x_var' should not be used in output port connection [C:/Users/cyber/Desktop/Kashfy-EE2026-Vivado/MODS/MODS.srcs/sources_1/new/projectile_animate.v:47]
ERROR: [Synth 8-6156] failed synthesizing module 'projectile_animate' [C:/Users/cyber/Desktop/Kashfy-EE2026-Vivado/MODS/MODS.srcs/sources_1/new/projectile_animate.v:23]
ERROR: [Synth 8-6156] failed synthesizing module 'Top_Student' [C:/Users/cyber/Desktop/Kashfy-EE2026-Vivado/MODS/MODS.srcs/sources_1/new/Top_Student.v:14]
---------------------------------------------------------------------------------
Finished RTL Elaboration : Time (s): cpu = 00:00:02 ; elapsed = 00:00:03 . Memory (MB): peak = 407.742 ; gain = 147.750
---------------------------------------------------------------------------------
RTL Elaboration failed
INFO: [Common 17-83] Releasing license: Synthesis
17 Infos, 14 Warnings, 0 Critical Warnings and 4 Errors encountered.
synth_design failed
ERROR: [Common 17-69] Command failed: Synthesis failed - please see the console or run log file for details
INFO: [Common 17-206] Exiting Vivado at Thu Oct 31 22:01:50 2024...

*** Running vivado
    with args -log Top_Student.vds -m64 -product Vivado -mode batch -messageDb vivado.pb -notrace -source Top_Student.tcl


****** Vivado v2018.2 (64-bit)
  **** SW Build 2258646 on Thu Jun 14 20:03:12 MDT 2018
  **** IP Build 2256618 on Thu Jun 14 22:10:49 MDT 2018
    ** Copyright 1986-2018 Xilinx, Inc. All Rights Reserved.

source Top_Student.tcl -notrace
Command: synth_design -top Top_Student -part xc7a35tcpg236-1
Starting synth_design
Attempting to get a license for feature 'Synthesis' and/or device 'xc7a35t'
INFO: [Common 17-349] Got license for feature 'Synthesis' and/or device 'xc7a35t'
INFO: Launching helper process for spawning children vivado processes
INFO: Helper process launched with PID 41688 
WARNING: [Synth 8-976] YELLOW has already been declared [C:/Users/cyber/Desktop/Kashfy-EE2026-Vivado/MODS/MODS.srcs/sources_1/new/make_square.v:134]
WARNING: [Synth 8-2654] second declaration of YELLOW ignored [C:/Users/cyber/Desktop/Kashfy-EE2026-Vivado/MODS/MODS.srcs/sources_1/new/make_square.v:134]
INFO: [Synth 8-994] YELLOW is declared here [C:/Users/cyber/Desktop/Kashfy-EE2026-Vivado/MODS/MODS.srcs/sources_1/new/make_square.v:130]
---------------------------------------------------------------------------------
Starting RTL Elaboration : Time (s): cpu = 00:00:01 ; elapsed = 00:00:02 . Memory (MB): peak = 372.043 ; gain = 111.941
---------------------------------------------------------------------------------
INFO: [Synth 8-6157] synthesizing module 'Top_Student' [C:/Users/cyber/Desktop/Kashfy-EE2026-Vivado/MODS/MODS.srcs/sources_1/new/Top_Student.v:14]
INFO: [Synth 8-6157] synthesizing module 'flexy_clock' [C:/Users/cyber/Desktop/Kashfy-EE2026-Vivado/MODS/MODS.srcs/sources_1/new/flexy_clock.v:23]
INFO: [Synth 8-6155] done synthesizing module 'flexy_clock' (1#1) [C:/Users/cyber/Desktop/Kashfy-EE2026-Vivado/MODS/MODS.srcs/sources_1/new/flexy_clock.v:23]
INFO: [Synth 8-6157] synthesizing module 'direction_mux' [C:/Users/cyber/Desktop/Kashfy-EE2026-Vivado/MODS/MODS.srcs/sources_1/new/direction_mux.v:23]
INFO: [Synth 8-6155] done synthesizing module 'direction_mux' (2#1) [C:/Users/cyber/Desktop/Kashfy-EE2026-Vivado/MODS/MODS.srcs/sources_1/new/direction_mux.v:23]
INFO: [Synth 8-6157] synthesizing module 'animate' [C:/Users/cyber/Desktop/Kashfy-EE2026-Vivado/MODS/MODS.srcs/sources_1/new/animate.v:23]
WARNING: [Synth 8-311] ignoring non-constant assignment in initial block [C:/Users/cyber/Desktop/Kashfy-EE2026-Vivado/MODS/MODS.srcs/sources_1/new/animate.v:42]
WARNING: [Synth 8-311] ignoring non-constant assignment in initial block [C:/Users/cyber/Desktop/Kashfy-EE2026-Vivado/MODS/MODS.srcs/sources_1/new/animate.v:43]
WARNING: [Synth 8-6014] Unused sequential element x_increment_reg was removed.  [C:/Users/cyber/Desktop/Kashfy-EE2026-Vivado/MODS/MODS.srcs/sources_1/new/animate.v:69]
INFO: [Synth 8-6155] done synthesizing module 'animate' (3#1) [C:/Users/cyber/Desktop/Kashfy-EE2026-Vivado/MODS/MODS.srcs/sources_1/new/animate.v:23]
WARNING: [Synth 8-689] width (4) of port connection 'sq_width' does not match port width (7) of module 'animate' [C:/Users/cyber/Desktop/Kashfy-EE2026-Vivado/MODS/MODS.srcs/sources_1/new/Top_Student.v:76]
WARNING: [Synth 8-689] width (4) of port connection 'sq_height' does not match port width (7) of module 'animate' [C:/Users/cyber/Desktop/Kashfy-EE2026-Vivado/MODS/MODS.srcs/sources_1/new/Top_Student.v:76]
WARNING: [Synth 8-689] width (1) of port connection 'reset' does not match port width (7) of module 'animate' [C:/Users/cyber/Desktop/Kashfy-EE2026-Vivado/MODS/MODS.srcs/sources_1/new/Top_Student.v:79]
WARNING: [Synth 8-350] instance 'animate_hero' of module 'animate' requires 29 connections, but only 21 given [C:/Users/cyber/Desktop/Kashfy-EE2026-Vivado/MODS/MODS.srcs/sources_1/new/Top_Student.v:75]
INFO: [Synth 8-6157] synthesizing module 'hero_damage' [C:/Users/cyber/Desktop/Kashfy-EE2026-Vivado/MODS/MODS.srcs/sources_1/new/hero_damage.v:23]
INFO: [Synth 8-6155] done synthesizing module 'hero_damage' (4#1) [C:/Users/cyber/Desktop/Kashfy-EE2026-Vivado/MODS/MODS.srcs/sources_1/new/hero_damage.v:23]
INFO: [Synth 8-6157] synthesizing module 'touch_muff' [C:/Users/cyber/Desktop/Kashfy-EE2026-Vivado/MODS/MODS.srcs/sources_1/new/touch_muff.v:23]
WARNING: [Synth 8-311] ignoring non-constant assignment in initial block [C:/Users/cyber/Desktop/Kashfy-EE2026-Vivado/MODS/MODS.srcs/sources_1/new/touch_muff.v:36]
WARNING: [Synth 8-6014] Unused sequential element muff_count_reg was removed.  [C:/Users/cyber/Desktop/Kashfy-EE2026-Vivado/MODS/MODS.srcs/sources_1/new/touch_muff.v:42]
INFO: [Synth 8-6155] done synthesizing module 'touch_muff' (5#1) [C:/Users/cyber/Desktop/Kashfy-EE2026-Vivado/MODS/MODS.srcs/sources_1/new/touch_muff.v:23]
INFO: [Synth 8-6157] synthesizing module 'projectile_animate' [C:/Users/cyber/Desktop/Kashfy-EE2026-Vivado/MODS/MODS.srcs/sources_1/new/projectile_animate.v:23]
INFO: [Synth 8-6157] synthesizing module 'laser_shot' [C:/Users/cyber/Desktop/Kashfy-EE2026-Vivado/MODS/MODS.srcs/sources_1/new/projectile_animate.v:142]
WARNING: [Synth 8-311] ignoring non-constant assignment in initial block [C:/Users/cyber/Desktop/Kashfy-EE2026-Vivado/MODS/MODS.srcs/sources_1/new/projectile_animate.v:169]
WARNING: [Synth 8-6014] Unused sequential element y_increment_reg was removed.  [C:/Users/cyber/Desktop/Kashfy-EE2026-Vivado/MODS/MODS.srcs/sources_1/new/projectile_animate.v:183]
WARNING: [Synth 8-3848] Net proj_hit_enemy in module/entity laser_shot does not have driver. [C:/Users/cyber/Desktop/Kashfy-EE2026-Vivado/MODS/MODS.srcs/sources_1/new/projectile_animate.v:150]
INFO: [Synth 8-6155] done synthesizing module 'laser_shot' (6#1) [C:/Users/cyber/Desktop/Kashfy-EE2026-Vivado/MODS/MODS.srcs/sources_1/new/projectile_animate.v:142]
ERROR: [Synth 8-685] variable 'x_var' should not be used in output port connection [C:/Users/cyber/Desktop/Kashfy-EE2026-Vivado/MODS/MODS.srcs/sources_1/new/projectile_animate.v:47]
ERROR: [Synth 8-6156] failed synthesizing module 'projectile_animate' [C:/Users/cyber/Desktop/Kashfy-EE2026-Vivado/MODS/MODS.srcs/sources_1/new/projectile_animate.v:23]
ERROR: [Synth 8-6156] failed synthesizing module 'Top_Student' [C:/Users/cyber/Desktop/Kashfy-EE2026-Vivado/MODS/MODS.srcs/sources_1/new/Top_Student.v:14]
---------------------------------------------------------------------------------
Finished RTL Elaboration : Time (s): cpu = 00:00:02 ; elapsed = 00:00:03 . Memory (MB): peak = 407.570 ; gain = 147.469
---------------------------------------------------------------------------------
RTL Elaboration failed
INFO: [Common 17-83] Releasing license: Synthesis
17 Infos, 14 Warnings, 0 Critical Warnings and 4 Errors encountered.
synth_design failed
ERROR: [Common 17-69] Command failed: Synthesis failed - please see the console or run log file for details
INFO: [Common 17-206] Exiting Vivado at Thu Oct 31 22:06:11 2024...

*** Running vivado
    with args -log Top_Student.vds -m64 -product Vivado -mode batch -messageDb vivado.pb -notrace -source Top_Student.tcl


****** Vivado v2018.2 (64-bit)
  **** SW Build 2258646 on Thu Jun 14 20:03:12 MDT 2018
  **** IP Build 2256618 on Thu Jun 14 22:10:49 MDT 2018
    ** Copyright 1986-2018 Xilinx, Inc. All Rights Reserved.

source Top_Student.tcl -notrace
Command: synth_design -top Top_Student -part xc7a35tcpg236-1
Starting synth_design
Attempting to get a license for feature 'Synthesis' and/or device 'xc7a35t'
INFO: [Common 17-349] Got license for feature 'Synthesis' and/or device 'xc7a35t'
INFO: Launching helper process for spawning children vivado processes
INFO: Helper process launched with PID 35468 
WARNING: [Synth 8-976] YELLOW has already been declared [C:/Users/cyber/Desktop/Kashfy-EE2026-Vivado/MODS/MODS.srcs/sources_1/new/make_square.v:134]
WARNING: [Synth 8-2654] second declaration of YELLOW ignored [C:/Users/cyber/Desktop/Kashfy-EE2026-Vivado/MODS/MODS.srcs/sources_1/new/make_square.v:134]
INFO: [Synth 8-994] YELLOW is declared here [C:/Users/cyber/Desktop/Kashfy-EE2026-Vivado/MODS/MODS.srcs/sources_1/new/make_square.v:130]
---------------------------------------------------------------------------------
Starting RTL Elaboration : Time (s): cpu = 00:00:01 ; elapsed = 00:00:02 . Memory (MB): peak = 371.508 ; gain = 111.777
---------------------------------------------------------------------------------
INFO: [Synth 8-6157] synthesizing module 'Top_Student' [C:/Users/cyber/Desktop/Kashfy-EE2026-Vivado/MODS/MODS.srcs/sources_1/new/Top_Student.v:14]
INFO: [Synth 8-6157] synthesizing module 'flexy_clock' [C:/Users/cyber/Desktop/Kashfy-EE2026-Vivado/MODS/MODS.srcs/sources_1/new/flexy_clock.v:23]
INFO: [Synth 8-6155] done synthesizing module 'flexy_clock' (1#1) [C:/Users/cyber/Desktop/Kashfy-EE2026-Vivado/MODS/MODS.srcs/sources_1/new/flexy_clock.v:23]
INFO: [Synth 8-6157] synthesizing module 'direction_mux' [C:/Users/cyber/Desktop/Kashfy-EE2026-Vivado/MODS/MODS.srcs/sources_1/new/direction_mux.v:23]
INFO: [Synth 8-6155] done synthesizing module 'direction_mux' (2#1) [C:/Users/cyber/Desktop/Kashfy-EE2026-Vivado/MODS/MODS.srcs/sources_1/new/direction_mux.v:23]
INFO: [Synth 8-6157] synthesizing module 'animate' [C:/Users/cyber/Desktop/Kashfy-EE2026-Vivado/MODS/MODS.srcs/sources_1/new/animate.v:23]
WARNING: [Synth 8-311] ignoring non-constant assignment in initial block [C:/Users/cyber/Desktop/Kashfy-EE2026-Vivado/MODS/MODS.srcs/sources_1/new/animate.v:42]
WARNING: [Synth 8-311] ignoring non-constant assignment in initial block [C:/Users/cyber/Desktop/Kashfy-EE2026-Vivado/MODS/MODS.srcs/sources_1/new/animate.v:43]
WARNING: [Synth 8-6014] Unused sequential element x_increment_reg was removed.  [C:/Users/cyber/Desktop/Kashfy-EE2026-Vivado/MODS/MODS.srcs/sources_1/new/animate.v:69]
INFO: [Synth 8-6155] done synthesizing module 'animate' (3#1) [C:/Users/cyber/Desktop/Kashfy-EE2026-Vivado/MODS/MODS.srcs/sources_1/new/animate.v:23]
WARNING: [Synth 8-689] width (4) of port connection 'sq_width' does not match port width (7) of module 'animate' [C:/Users/cyber/Desktop/Kashfy-EE2026-Vivado/MODS/MODS.srcs/sources_1/new/Top_Student.v:76]
WARNING: [Synth 8-689] width (4) of port connection 'sq_height' does not match port width (7) of module 'animate' [C:/Users/cyber/Desktop/Kashfy-EE2026-Vivado/MODS/MODS.srcs/sources_1/new/Top_Student.v:76]
WARNING: [Synth 8-689] width (1) of port connection 'reset' does not match port width (7) of module 'animate' [C:/Users/cyber/Desktop/Kashfy-EE2026-Vivado/MODS/MODS.srcs/sources_1/new/Top_Student.v:79]
WARNING: [Synth 8-350] instance 'animate_hero' of module 'animate' requires 29 connections, but only 21 given [C:/Users/cyber/Desktop/Kashfy-EE2026-Vivado/MODS/MODS.srcs/sources_1/new/Top_Student.v:75]
INFO: [Synth 8-6157] synthesizing module 'hero_damage' [C:/Users/cyber/Desktop/Kashfy-EE2026-Vivado/MODS/MODS.srcs/sources_1/new/hero_damage.v:23]
INFO: [Synth 8-6155] done synthesizing module 'hero_damage' (4#1) [C:/Users/cyber/Desktop/Kashfy-EE2026-Vivado/MODS/MODS.srcs/sources_1/new/hero_damage.v:23]
INFO: [Synth 8-6157] synthesizing module 'touch_muff' [C:/Users/cyber/Desktop/Kashfy-EE2026-Vivado/MODS/MODS.srcs/sources_1/new/touch_muff.v:23]
WARNING: [Synth 8-311] ignoring non-constant assignment in initial block [C:/Users/cyber/Desktop/Kashfy-EE2026-Vivado/MODS/MODS.srcs/sources_1/new/touch_muff.v:36]
WARNING: [Synth 8-6014] Unused sequential element muff_count_reg was removed.  [C:/Users/cyber/Desktop/Kashfy-EE2026-Vivado/MODS/MODS.srcs/sources_1/new/touch_muff.v:42]
INFO: [Synth 8-6155] done synthesizing module 'touch_muff' (5#1) [C:/Users/cyber/Desktop/Kashfy-EE2026-Vivado/MODS/MODS.srcs/sources_1/new/touch_muff.v:23]
INFO: [Synth 8-6157] synthesizing module 'projectile_animate' [C:/Users/cyber/Desktop/Kashfy-EE2026-Vivado/MODS/MODS.srcs/sources_1/new/projectile_animate.v:23]
INFO: [Synth 8-6157] synthesizing module 'single_shot' [C:/Users/cyber/Desktop/Kashfy-EE2026-Vivado/MODS/MODS.srcs/sources_1/new/projectile_animate.v:52]
WARNING: [Synth 8-6014] Unused sequential element y_increment_reg was removed.  [C:/Users/cyber/Desktop/Kashfy-EE2026-Vivado/MODS/MODS.srcs/sources_1/new/projectile_animate.v:92]
WARNING: [Synth 8-3848] Net proj_hit_enemy in module/entity single_shot does not have driver. [C:/Users/cyber/Desktop/Kashfy-EE2026-Vivado/MODS/MODS.srcs/sources_1/new/projectile_animate.v:60]
INFO: [Synth 8-6155] done synthesizing module 'single_shot' (6#1) [C:/Users/cyber/Desktop/Kashfy-EE2026-Vivado/MODS/MODS.srcs/sources_1/new/projectile_animate.v:52]
ERROR: [Synth 8-685] variable 'x_var' should not be used in output port connection [C:/Users/cyber/Desktop/Kashfy-EE2026-Vivado/MODS/MODS.srcs/sources_1/new/projectile_animate.v:39]
ERROR: [Synth 8-6156] failed synthesizing module 'projectile_animate' [C:/Users/cyber/Desktop/Kashfy-EE2026-Vivado/MODS/MODS.srcs/sources_1/new/projectile_animate.v:23]
ERROR: [Synth 8-6156] failed synthesizing module 'Top_Student' [C:/Users/cyber/Desktop/Kashfy-EE2026-Vivado/MODS/MODS.srcs/sources_1/new/Top_Student.v:14]
---------------------------------------------------------------------------------
Finished RTL Elaboration : Time (s): cpu = 00:00:02 ; elapsed = 00:00:03 . Memory (MB): peak = 407.723 ; gain = 147.992
---------------------------------------------------------------------------------
RTL Elaboration failed
INFO: [Common 17-83] Releasing license: Synthesis
17 Infos, 13 Warnings, 0 Critical Warnings and 4 Errors encountered.
synth_design failed
ERROR: [Common 17-69] Command failed: Synthesis failed - please see the console or run log file for details
INFO: [Common 17-206] Exiting Vivado at Thu Oct 31 22:07:55 2024...

*** Running vivado
    with args -log Top_Student.vds -m64 -product Vivado -mode batch -messageDb vivado.pb -notrace -source Top_Student.tcl


****** Vivado v2018.2 (64-bit)
  **** SW Build 2258646 on Thu Jun 14 20:03:12 MDT 2018
  **** IP Build 2256618 on Thu Jun 14 22:10:49 MDT 2018
    ** Copyright 1986-2018 Xilinx, Inc. All Rights Reserved.

source Top_Student.tcl -notrace
Command: synth_design -top Top_Student -part xc7a35tcpg236-1
Starting synth_design
Attempting to get a license for feature 'Synthesis' and/or device 'xc7a35t'

*** Running vivado
    with args -log Top_Student.vds -m64 -product Vivado -mode batch -messageDb vivado.pb -notrace -source Top_Student.tcl


****** Vivado v2018.2 (64-bit)
  **** SW Build 2258646 on Thu Jun 14 20:03:12 MDT 2018
  **** IP Build 2256618 on Thu Jun 14 22:10:49 MDT 2018
    ** Copyright 1986-2018 Xilinx, Inc. All Rights Reserved.

source Top_Student.tcl -notrace
Command: synth_design -top Top_Student -part xc7a35tcpg236-1
Starting synth_design
Attempting to get a license for feature 'Synthesis' and/or device 'xc7a35t'
INFO: [Common 17-349] Got license for feature 'Synthesis' and/or device 'xc7a35t'
INFO: Launching helper process for spawning children vivado processes
INFO: Helper process launched with PID 42236 
WARNING: [Synth 8-976] YELLOW has already been declared [C:/Users/cyber/Desktop/Kashfy-EE2026-Vivado/MODS/MODS.srcs/sources_1/new/make_square.v:134]
WARNING: [Synth 8-2654] second declaration of YELLOW ignored [C:/Users/cyber/Desktop/Kashfy-EE2026-Vivado/MODS/MODS.srcs/sources_1/new/make_square.v:134]
INFO: [Synth 8-994] YELLOW is declared here [C:/Users/cyber/Desktop/Kashfy-EE2026-Vivado/MODS/MODS.srcs/sources_1/new/make_square.v:130]
---------------------------------------------------------------------------------
Starting RTL Elaboration : Time (s): cpu = 00:00:00 ; elapsed = 00:00:02 . Memory (MB): peak = 371.402 ; gain = 111.328
---------------------------------------------------------------------------------
INFO: [Synth 8-6157] synthesizing module 'Top_Student' [C:/Users/cyber/Desktop/Kashfy-EE2026-Vivado/MODS/MODS.srcs/sources_1/new/Top_Student.v:14]
INFO: [Synth 8-6157] synthesizing module 'flexy_clock' [C:/Users/cyber/Desktop/Kashfy-EE2026-Vivado/MODS/MODS.srcs/sources_1/new/flexy_clock.v:23]
INFO: [Synth 8-6155] done synthesizing module 'flexy_clock' (1#1) [C:/Users/cyber/Desktop/Kashfy-EE2026-Vivado/MODS/MODS.srcs/sources_1/new/flexy_clock.v:23]
INFO: [Synth 8-6157] synthesizing module 'direction_mux' [C:/Users/cyber/Desktop/Kashfy-EE2026-Vivado/MODS/MODS.srcs/sources_1/new/direction_mux.v:23]
INFO: [Synth 8-6155] done synthesizing module 'direction_mux' (2#1) [C:/Users/cyber/Desktop/Kashfy-EE2026-Vivado/MODS/MODS.srcs/sources_1/new/direction_mux.v:23]
INFO: [Synth 8-6157] synthesizing module 'animate' [C:/Users/cyber/Desktop/Kashfy-EE2026-Vivado/MODS/MODS.srcs/sources_1/new/animate.v:23]
WARNING: [Synth 8-311] ignoring non-constant assignment in initial block [C:/Users/cyber/Desktop/Kashfy-EE2026-Vivado/MODS/MODS.srcs/sources_1/new/animate.v:42]
WARNING: [Synth 8-311] ignoring non-constant assignment in initial block [C:/Users/cyber/Desktop/Kashfy-EE2026-Vivado/MODS/MODS.srcs/sources_1/new/animate.v:43]
WARNING: [Synth 8-6014] Unused sequential element x_increment_reg was removed.  [C:/Users/cyber/Desktop/Kashfy-EE2026-Vivado/MODS/MODS.srcs/sources_1/new/animate.v:69]
INFO: [Synth 8-6155] done synthesizing module 'animate' (3#1) [C:/Users/cyber/Desktop/Kashfy-EE2026-Vivado/MODS/MODS.srcs/sources_1/new/animate.v:23]
WARNING: [Synth 8-689] width (4) of port connection 'sq_width' does not match port width (7) of module 'animate' [C:/Users/cyber/Desktop/Kashfy-EE2026-Vivado/MODS/MODS.srcs/sources_1/new/Top_Student.v:76]
WARNING: [Synth 8-689] width (4) of port connection 'sq_height' does not match port width (7) of module 'animate' [C:/Users/cyber/Desktop/Kashfy-EE2026-Vivado/MODS/MODS.srcs/sources_1/new/Top_Student.v:76]
WARNING: [Synth 8-689] width (1) of port connection 'reset' does not match port width (7) of module 'animate' [C:/Users/cyber/Desktop/Kashfy-EE2026-Vivado/MODS/MODS.srcs/sources_1/new/Top_Student.v:79]
WARNING: [Synth 8-350] instance 'animate_hero' of module 'animate' requires 29 connections, but only 21 given [C:/Users/cyber/Desktop/Kashfy-EE2026-Vivado/MODS/MODS.srcs/sources_1/new/Top_Student.v:75]
INFO: [Synth 8-6157] synthesizing module 'hero_damage' [C:/Users/cyber/Desktop/Kashfy-EE2026-Vivado/MODS/MODS.srcs/sources_1/new/hero_damage.v:23]
INFO: [Synth 8-6155] done synthesizing module 'hero_damage' (4#1) [C:/Users/cyber/Desktop/Kashfy-EE2026-Vivado/MODS/MODS.srcs/sources_1/new/hero_damage.v:23]
INFO: [Synth 8-6157] synthesizing module 'touch_muff' [C:/Users/cyber/Desktop/Kashfy-EE2026-Vivado/MODS/MODS.srcs/sources_1/new/touch_muff.v:23]
WARNING: [Synth 8-311] ignoring non-constant assignment in initial block [C:/Users/cyber/Desktop/Kashfy-EE2026-Vivado/MODS/MODS.srcs/sources_1/new/touch_muff.v:36]
WARNING: [Synth 8-6014] Unused sequential element muff_count_reg was removed.  [C:/Users/cyber/Desktop/Kashfy-EE2026-Vivado/MODS/MODS.srcs/sources_1/new/touch_muff.v:42]
INFO: [Synth 8-6155] done synthesizing module 'touch_muff' (5#1) [C:/Users/cyber/Desktop/Kashfy-EE2026-Vivado/MODS/MODS.srcs/sources_1/new/touch_muff.v:23]
INFO: [Synth 8-6157] synthesizing module 'projectile_animate' [C:/Users/cyber/Desktop/Kashfy-EE2026-Vivado/MODS/MODS.srcs/sources_1/new/projectile_animate.v:23]
INFO: [Synth 8-6157] synthesizing module 'single_shot' [C:/Users/cyber/Desktop/Kashfy-EE2026-Vivado/MODS/MODS.srcs/sources_1/new/projectile_animate.v:54]
WARNING: [Synth 8-6014] Unused sequential element y_increment_reg was removed.  [C:/Users/cyber/Desktop/Kashfy-EE2026-Vivado/MODS/MODS.srcs/sources_1/new/projectile_animate.v:94]
WARNING: [Synth 8-3848] Net proj_hit_enemy in module/entity single_shot does not have driver. [C:/Users/cyber/Desktop/Kashfy-EE2026-Vivado/MODS/MODS.srcs/sources_1/new/projectile_animate.v:62]
INFO: [Synth 8-6155] done synthesizing module 'single_shot' (6#1) [C:/Users/cyber/Desktop/Kashfy-EE2026-Vivado/MODS/MODS.srcs/sources_1/new/projectile_animate.v:54]
WARNING: [Synth 8-689] width (7) of port connection 'proj_move' does not match port width (1) of module 'single_shot' [C:/Users/cyber/Desktop/Kashfy-EE2026-Vivado/MODS/MODS.srcs/sources_1/new/projectile_animate.v:41]
WARNING: [Synth 8-689] width (7) of port connection 'proj_hit_enemy' does not match port width (1) of module 'single_shot' [C:/Users/cyber/Desktop/Kashfy-EE2026-Vivado/MODS/MODS.srcs/sources_1/new/projectile_animate.v:41]
INFO: [Synth 8-6155] done synthesizing module 'projectile_animate' (7#1) [C:/Users/cyber/Desktop/Kashfy-EE2026-Vivado/MODS/MODS.srcs/sources_1/new/projectile_animate.v:23]
WARNING: [Synth 8-689] width (4) of port connection 'sq_width' does not match port width (7) of module 'projectile_animate' [C:/Users/cyber/Desktop/Kashfy-EE2026-Vivado/MODS/MODS.srcs/sources_1/new/Top_Student.v:94]
WARNING: [Synth 8-689] width (4) of port connection 'sq_height' does not match port width (7) of module 'projectile_animate' [C:/Users/cyber/Desktop/Kashfy-EE2026-Vivado/MODS/MODS.srcs/sources_1/new/Top_Student.v:94]
WARNING: [Synth 8-689] width (1) of port connection 'reset' does not match port width (7) of module 'projectile_animate' [C:/Users/cyber/Desktop/Kashfy-EE2026-Vivado/MODS/MODS.srcs/sources_1/new/Top_Student.v:97]
WARNING: [Synth 8-689] width (1) of port connection 'proj_move' does not match port width (7) of module 'projectile_animate' [C:/Users/cyber/Desktop/Kashfy-EE2026-Vivado/MODS/MODS.srcs/sources_1/new/Top_Student.v:98]
WARNING: [Synth 8-689] width (1) of port connection 'proj_hit_enemy' does not match port width (7) of module 'projectile_animate' [C:/Users/cyber/Desktop/Kashfy-EE2026-Vivado/MODS/MODS.srcs/sources_1/new/Top_Student.v:98]
INFO: [Synth 8-6157] synthesizing module 'enimate' [C:/Users/cyber/Desktop/Kashfy-EE2026-Vivado/MODS/MODS.srcs/sources_1/new/enimate.v:23]
WARNING: [Synth 8-6014] Unused sequential element x_increment_reg was removed.  [C:/Users/cyber/Desktop/Kashfy-EE2026-Vivado/MODS/MODS.srcs/sources_1/new/enimate.v:66]
WARNING: [Synth 8-6014] Unused sequential element y_increment_reg was removed.  [C:/Users/cyber/Desktop/Kashfy-EE2026-Vivado/MODS/MODS.srcs/sources_1/new/enimate.v:67]
INFO: [Synth 8-6155] done synthesizing module 'enimate' (8#1) [C:/Users/cyber/Desktop/Kashfy-EE2026-Vivado/MODS/MODS.srcs/sources_1/new/enimate.v:23]
WARNING: [Synth 8-689] width (4) of port connection 'sq_width' does not match port width (7) of module 'enimate' [C:/Users/cyber/Desktop/Kashfy-EE2026-Vivado/MODS/MODS.srcs/sources_1/new/Top_Student.v:103]
WARNING: [Synth 8-689] width (4) of port connection 'sq_height' does not match port width (7) of module 'enimate' [C:/Users/cyber/Desktop/Kashfy-EE2026-Vivado/MODS/MODS.srcs/sources_1/new/Top_Student.v:103]
WARNING: [Synth 8-689] width (1) of port connection 'reset' does not match port width (7) of module 'enimate' [C:/Users/cyber/Desktop/Kashfy-EE2026-Vivado/MODS/MODS.srcs/sources_1/new/Top_Student.v:107]
WARNING: [Synth 8-350] instance 'animate_enemy' of module 'enimate' requires 28 connections, but only 24 given [C:/Users/cyber/Desktop/Kashfy-EE2026-Vivado/MODS/MODS.srcs/sources_1/new/Top_Student.v:102]
INFO: [Synth 8-6157] synthesizing module 'muffinimate' [C:/Users/cyber/Desktop/Kashfy-EE2026-Vivado/MODS/MODS.srcs/sources_1/new/muffinimate.v:23]
WARNING: [Synth 8-311] ignoring non-constant assignment in initial block [C:/Users/cyber/Desktop/Kashfy-EE2026-Vivado/MODS/MODS.srcs/sources_1/new/muffinimate.v:41]
WARNING: [Synth 8-311] ignoring non-constant assignment in initial block [C:/Users/cyber/Desktop/Kashfy-EE2026-Vivado/MODS/MODS.srcs/sources_1/new/muffinimate.v:42]
WARNING: [Synth 8-6014] Unused sequential element x_increment_reg was removed.  [C:/Users/cyber/Desktop/Kashfy-EE2026-Vivado/MODS/MODS.srcs/sources_1/new/muffinimate.v:64]
INFO: [Synth 8-6155] done synthesizing module 'muffinimate' (9#1) [C:/Users/cyber/Desktop/Kashfy-EE2026-Vivado/MODS/MODS.srcs/sources_1/new/muffinimate.v:23]
WARNING: [Synth 8-689] width (4) of port connection 'sq_width' does not match port width (7) of module 'muffinimate' [C:/Users/cyber/Desktop/Kashfy-EE2026-Vivado/MODS/MODS.srcs/sources_1/new/Top_Student.v:112]
WARNING: [Synth 8-689] width (4) of port connection 'sq_height' does not match port width (7) of module 'muffinimate' [C:/Users/cyber/Desktop/Kashfy-EE2026-Vivado/MODS/MODS.srcs/sources_1/new/Top_Student.v:112]
WARNING: [Synth 8-689] width (1) of port connection 'reset' does not match port width (7) of module 'muffinimate' [C:/Users/cyber/Desktop/Kashfy-EE2026-Vivado/MODS/MODS.srcs/sources_1/new/Top_Student.v:116]
WARNING: [Synth 8-350] instance 'animate_muffin' of module 'muffinimate' requires 28 connections, but only 24 given [C:/Users/cyber/Desktop/Kashfy-EE2026-Vivado/MODS/MODS.srcs/sources_1/new/Top_Student.v:111]
INFO: [Synth 8-6157] synthesizing module 'make_square' [C:/Users/cyber/Desktop/Kashfy-EE2026-Vivado/MODS/MODS.srcs/sources_1/new/make_square.v:23]
INFO: [Synth 8-6157] synthesizing module 'sprite_1' [C:/Users/cyber/Desktop/Kashfy-EE2026-Vivado/MODS/MODS.srcs/sources_1/new/make_square.v:83]
WARNING: [Synth 8-85] always block has no event control specified [C:/Users/cyber/Desktop/Kashfy-EE2026-Vivado/MODS/MODS.srcs/sources_1/new/make_square.v:92]
INFO: [Synth 8-6155] done synthesizing module 'sprite_1' (10#1) [C:/Users/cyber/Desktop/Kashfy-EE2026-Vivado/MODS/MODS.srcs/sources_1/new/make_square.v:83]
INFO: [Synth 8-6157] synthesizing module 'sprite_2' [C:/Users/cyber/Desktop/Kashfy-EE2026-Vivado/MODS/MODS.srcs/sources_1/new/make_square.v:104]
WARNING: [Synth 8-85] always block has no event control specified [C:/Users/cyber/Desktop/Kashfy-EE2026-Vivado/MODS/MODS.srcs/sources_1/new/make_square.v:113]
INFO: [Synth 8-6155] done synthesizing module 'sprite_2' (11#1) [C:/Users/cyber/Desktop/Kashfy-EE2026-Vivado/MODS/MODS.srcs/sources_1/new/make_square.v:104]
INFO: [Synth 8-6157] synthesizing module 'sprite_3' [C:/Users/cyber/Desktop/Kashfy-EE2026-Vivado/MODS/MODS.srcs/sources_1/new/make_square.v:125]
WARNING: [Synth 8-85] always block has no event control specified [C:/Users/cyber/Desktop/Kashfy-EE2026-Vivado/MODS/MODS.srcs/sources_1/new/make_square.v:155]
INFO: [Synth 8-6155] done synthesizing module 'sprite_3' (12#1) [C:/Users/cyber/Desktop/Kashfy-EE2026-Vivado/MODS/MODS.srcs/sources_1/new/make_square.v:125]
INFO: [Synth 8-6155] done synthesizing module 'make_square' (13#1) [C:/Users/cyber/Desktop/Kashfy-EE2026-Vivado/MODS/MODS.srcs/sources_1/new/make_square.v:23]
WARNING: [Synth 8-689] width (1) of port connection 'proj_move' does not match port width (3) of module 'make_square' [C:/Users/cyber/Desktop/Kashfy-EE2026-Vivado/MODS/MODS.srcs/sources_1/new/Top_Student.v:121]
INFO: [Synth 8-6157] synthesizing module 'Oled_Display' [C:/Users/cyber/Desktop/Kashfy-EE2026-Vivado/MODS/MODS.srcs/sources_1/imports/Desktop/Oled_Display.v:36]
	Parameter Width bound to: 96 - type: integer 
	Parameter Height bound to: 64 - type: integer 
	Parameter PixelCount bound to: 6144 - type: integer 
	Parameter PixelCountWidth bound to: 13 - type: integer 
	Parameter ClkFreq bound to: 6250000 - type: integer 
	Parameter FrameFreq bound to: 60 - type: integer 
	Parameter FrameDiv bound to: 104166 - type: integer 
	Parameter FrameDivWidth bound to: 17 - type: integer 
	Parameter PowerDelay bound to: 20 - type: integer 
	Parameter ResetDelay bound to: 3 - type: integer 
	Parameter VccEnDelay bound to: 20 - type: integer 
	Parameter StartupCompleteDelay bound to: 100 - type: integer 
	Parameter MaxDelay bound to: 100 - type: integer 
	Parameter MaxDelayCount bound to: 625000 - type: integer 
	Parameter StateCount bound to: 32 - type: integer 
	Parameter StateWidth bound to: 5 - type: integer 
	Parameter PowerUp bound to: 5'b00000 
	Parameter Reset bound to: 5'b00001 
	Parameter ReleaseReset bound to: 5'b00011 
	Parameter EnableDriver bound to: 5'b00010 
	Parameter DisplayOff bound to: 5'b00110 
	Parameter SetRemapDisplayFormat bound to: 5'b00111 
	Parameter SetStartLine bound to: 5'b00101 
	Parameter SetOffset bound to: 5'b00100 
	Parameter SetNormalDisplay bound to: 5'b01100 
	Parameter SetMultiplexRatio bound to: 5'b01101 
	Parameter SetMasterConfiguration bound to: 5'b01111 
	Parameter DisablePowerSave bound to: 5'b01110 
	Parameter SetPhaseAdjust bound to: 5'b01010 
	Parameter SetDisplayClock bound to: 5'b01011 
	Parameter SetSecondPrechargeA bound to: 5'b01001 
	Parameter SetSecondPrechargeB bound to: 5'b01000 
	Parameter SetSecondPrechargeC bound to: 5'b11000 
	Parameter SetPrechargeLevel bound to: 5'b11001 
	Parameter SetVCOMH bound to: 5'b11011 
	Parameter SetMasterCurrent bound to: 5'b11010 
	Parameter SetContrastA bound to: 5'b11110 
	Parameter SetContrastB bound to: 5'b11111 
	Parameter SetContrastC bound to: 5'b11101 
	Parameter DisableScrolling bound to: 5'b11100 
	Parameter ClearScreen bound to: 5'b10100 
	Parameter VccEn bound to: 5'b10101 
	Parameter DisplayOn bound to: 5'b10111 
	Parameter PrepareNextFrame bound to: 5'b10110 
	Parameter SetColAddress bound to: 5'b10010 
	Parameter SetRowAddress bound to: 5'b10011 
	Parameter WaitNextFrame bound to: 5'b10001 
	Parameter SendPixel bound to: 5'b10000 
	Parameter SpiCommandMaxWidth bound to: 40 - type: integer 
	Parameter SpiCommandBitCountWidth bound to: 6 - type: integer 
INFO: [Synth 8-226] default block is never used [C:/Users/cyber/Desktop/Kashfy-EE2026-Vivado/MODS/MODS.srcs/sources_1/imports/Desktop/Oled_Display.v:123]
INFO: [Synth 8-226] default block is never used [C:/Users/cyber/Desktop/Kashfy-EE2026-Vivado/MODS/MODS.srcs/sources_1/imports/Desktop/Oled_Display.v:198]
WARNING: [Synth 8-693] zero replication count - replication ignored [C:/Users/cyber/Desktop/Kashfy-EE2026-Vivado/MODS/MODS.srcs/sources_1/imports/Desktop/Oled_Display.v:346]
INFO: [Synth 8-6155] done synthesizing module 'Oled_Display' (14#1) [C:/Users/cyber/Desktop/Kashfy-EE2026-Vivado/MODS/MODS.srcs/sources_1/imports/Desktop/Oled_Display.v:36]
INFO: [Synth 8-6155] done synthesizing module 'Top_Student' (15#1) [C:/Users/cyber/Desktop/Kashfy-EE2026-Vivado/MODS/MODS.srcs/sources_1/new/Top_Student.v:14]
WARNING: [Synth 8-3331] design sprite_3 has unconnected port y_oled[6]
WARNING: [Synth 8-3331] design sprite_3 has unconnected port y_oled[5]
WARNING: [Synth 8-3331] design sprite_3 has unconnected port y_oled[4]
WARNING: [Synth 8-3331] design sprite_3 has unconnected port y_oled[3]
WARNING: [Synth 8-3331] design sprite_3 has unconnected port y_oled[2]
WARNING: [Synth 8-3331] design sprite_3 has unconnected port y_oled[1]
WARNING: [Synth 8-3331] design sprite_3 has unconnected port y_oled[0]
WARNING: [Synth 8-3331] design sprite_3 has unconnected port y_ref[6]
WARNING: [Synth 8-3331] design sprite_3 has unconnected port y_ref[5]
WARNING: [Synth 8-3331] design sprite_3 has unconnected port y_ref[4]
WARNING: [Synth 8-3331] design sprite_3 has unconnected port y_ref[3]
WARNING: [Synth 8-3331] design sprite_3 has unconnected port y_ref[2]
WARNING: [Synth 8-3331] design sprite_3 has unconnected port y_ref[1]
WARNING: [Synth 8-3331] design sprite_3 has unconnected port y_ref[0]
WARNING: [Synth 8-3331] design sprite_3 has unconnected port sprite_height[6]
WARNING: [Synth 8-3331] design sprite_3 has unconnected port sprite_height[5]
WARNING: [Synth 8-3331] design sprite_3 has unconnected port sprite_height[4]
WARNING: [Synth 8-3331] design sprite_3 has unconnected port sprite_height[3]
WARNING: [Synth 8-3331] design sprite_3 has unconnected port sprite_height[2]
WARNING: [Synth 8-3331] design sprite_3 has unconnected port sprite_height[1]
WARNING: [Synth 8-3331] design sprite_3 has unconnected port sprite_height[0]
WARNING: [Synth 8-3331] design sprite_2 has unconnected port y_oled[6]
WARNING: [Synth 8-3331] design sprite_2 has unconnected port y_oled[5]
WARNING: [Synth 8-3331] design sprite_2 has unconnected port y_oled[4]
WARNING: [Synth 8-3331] design sprite_2 has unconnected port y_oled[3]
WARNING: [Synth 8-3331] design sprite_2 has unconnected port y_oled[2]
WARNING: [Synth 8-3331] design sprite_2 has unconnected port y_oled[1]
WARNING: [Synth 8-3331] design sprite_2 has unconnected port y_oled[0]
WARNING: [Synth 8-3331] design sprite_2 has unconnected port y_ref[6]
WARNING: [Synth 8-3331] design sprite_2 has unconnected port y_ref[5]
WARNING: [Synth 8-3331] design sprite_2 has unconnected port y_ref[4]
WARNING: [Synth 8-3331] design sprite_2 has unconnected port y_ref[3]
WARNING: [Synth 8-3331] design sprite_2 has unconnected port y_ref[2]
WARNING: [Synth 8-3331] design sprite_2 has unconnected port y_ref[1]
WARNING: [Synth 8-3331] design sprite_2 has unconnected port y_ref[0]
WARNING: [Synth 8-3331] design sprite_2 has unconnected port sprite_height[6]
WARNING: [Synth 8-3331] design sprite_2 has unconnected port sprite_height[5]
WARNING: [Synth 8-3331] design sprite_2 has unconnected port sprite_height[4]
WARNING: [Synth 8-3331] design sprite_2 has unconnected port sprite_height[3]
WARNING: [Synth 8-3331] design sprite_2 has unconnected port sprite_height[2]
WARNING: [Synth 8-3331] design sprite_2 has unconnected port sprite_height[1]
WARNING: [Synth 8-3331] design sprite_2 has unconnected port sprite_height[0]
WARNING: [Synth 8-3331] design sprite_1 has unconnected port x_oled[6]
WARNING: [Synth 8-3331] design sprite_1 has unconnected port x_oled[5]
WARNING: [Synth 8-3331] design sprite_1 has unconnected port x_oled[4]
WARNING: [Synth 8-3331] design sprite_1 has unconnected port x_oled[3]
WARNING: [Synth 8-3331] design sprite_1 has unconnected port x_oled[2]
WARNING: [Synth 8-3331] design sprite_1 has unconnected port x_oled[1]
WARNING: [Synth 8-3331] design sprite_1 has unconnected port x_oled[0]
WARNING: [Synth 8-3331] design sprite_1 has unconnected port x_ref[6]
WARNING: [Synth 8-3331] design sprite_1 has unconnected port x_ref[5]
WARNING: [Synth 8-3331] design sprite_1 has unconnected port x_ref[4]
WARNING: [Synth 8-3331] design sprite_1 has unconnected port x_ref[3]
WARNING: [Synth 8-3331] design sprite_1 has unconnected port x_ref[2]
WARNING: [Synth 8-3331] design sprite_1 has unconnected port x_ref[1]
WARNING: [Synth 8-3331] design sprite_1 has unconnected port x_ref[0]
WARNING: [Synth 8-3331] design sprite_1 has unconnected port sprite_width[6]
WARNING: [Synth 8-3331] design sprite_1 has unconnected port sprite_width[5]
WARNING: [Synth 8-3331] design sprite_1 has unconnected port sprite_width[4]
WARNING: [Synth 8-3331] design sprite_1 has unconnected port sprite_width[3]
WARNING: [Synth 8-3331] design sprite_1 has unconnected port sprite_width[2]
WARNING: [Synth 8-3331] design sprite_1 has unconnected port sprite_width[1]
WARNING: [Synth 8-3331] design sprite_1 has unconnected port sprite_width[0]
WARNING: [Synth 8-3331] design make_square has unconnected port sprite_no[3]
WARNING: [Synth 8-3331] design make_square has unconnected port sprite_no[2]
WARNING: [Synth 8-3331] design make_square has unconnected port sprite_no[1]
WARNING: [Synth 8-3331] design make_square has unconnected port sprite_no[0]
WARNING: [Synth 8-3331] design make_square has unconnected port sq_colour[15]
WARNING: [Synth 8-3331] design make_square has unconnected port sq_colour[14]
WARNING: [Synth 8-3331] design make_square has unconnected port sq_colour[13]
WARNING: [Synth 8-3331] design make_square has unconnected port sq_colour[12]
WARNING: [Synth 8-3331] design make_square has unconnected port sq_colour[11]
WARNING: [Synth 8-3331] design make_square has unconnected port sq_colour[10]
WARNING: [Synth 8-3331] design make_square has unconnected port sq_colour[9]
WARNING: [Synth 8-3331] design make_square has unconnected port sq_colour[8]
WARNING: [Synth 8-3331] design make_square has unconnected port sq_colour[7]
WARNING: [Synth 8-3331] design make_square has unconnected port sq_colour[6]
WARNING: [Synth 8-3331] design make_square has unconnected port sq_colour[5]
WARNING: [Synth 8-3331] design make_square has unconnected port sq_colour[4]
WARNING: [Synth 8-3331] design make_square has unconnected port sq_colour[3]
WARNING: [Synth 8-3331] design make_square has unconnected port sq_colour[2]
WARNING: [Synth 8-3331] design make_square has unconnected port sq_colour[1]
WARNING: [Synth 8-3331] design make_square has unconnected port sq_colour[0]
WARNING: [Synth 8-3331] design make_square has unconnected port sq_colour2[15]
WARNING: [Synth 8-3331] design make_square has unconnected port sq_colour2[14]
WARNING: [Synth 8-3331] design make_square has unconnected port sq_colour2[13]
WARNING: [Synth 8-3331] design make_square has unconnected port sq_colour2[12]
WARNING: [Synth 8-3331] design make_square has unconnected port sq_colour2[11]
WARNING: [Synth 8-3331] design make_square has unconnected port sq_colour2[10]
WARNING: [Synth 8-3331] design make_square has unconnected port sq_colour2[9]
WARNING: [Synth 8-3331] design make_square has unconnected port sq_colour2[8]
WARNING: [Synth 8-3331] design make_square has unconnected port sq_colour2[7]
WARNING: [Synth 8-3331] design make_square has unconnected port sq_colour2[6]
WARNING: [Synth 8-3331] design make_square has unconnected port sq_colour2[5]
WARNING: [Synth 8-3331] design make_square has unconnected port sq_colour2[4]
WARNING: [Synth 8-3331] design make_square has unconnected port sq_colour2[3]
WARNING: [Synth 8-3331] design make_square has unconnected port sq_colour2[2]
WARNING: [Synth 8-3331] design make_square has unconnected port sq_colour2[1]
WARNING: [Synth 8-3331] design make_square has unconnected port sq_colour2[0]
WARNING: [Synth 8-3331] design make_square has unconnected port sq_colour3[15]
INFO: [Common 17-14] Message 'Synth 8-3331' appears 100 times and further instances of the messages will be disabled. Use the Tcl command set_msg_config to change the current settings.
---------------------------------------------------------------------------------
Finished RTL Elaboration : Time (s): cpu = 00:00:01 ; elapsed = 00:00:03 . Memory (MB): peak = 413.723 ; gain = 153.648
---------------------------------------------------------------------------------

Report Check Netlist: 
+------+------------------+-------+---------+-------+------------------+
|      |Item              |Errors |Warnings |Status |Description       |
+------+------------------+-------+---------+-------+------------------+
|1     |multi_driven_nets |      0|        0|Passed |Multi driven nets |
+------+------------------+-------+---------+-------+------------------+
---------------------------------------------------------------------------------
Start Handling Custom Attributes
---------------------------------------------------------------------------------
---------------------------------------------------------------------------------
Finished Handling Custom Attributes : Time (s): cpu = 00:00:01 ; elapsed = 00:00:03 . Memory (MB): peak = 413.723 ; gain = 153.648
---------------------------------------------------------------------------------
---------------------------------------------------------------------------------
Finished RTL Optimization Phase 1 : Time (s): cpu = 00:00:01 ; elapsed = 00:00:03 . Memory (MB): peak = 413.723 ; gain = 153.648
---------------------------------------------------------------------------------
INFO: [Device 21-403] Loading part xc7a35tcpg236-1
INFO: [Project 1-570] Preparing netlist for logic optimization

Processing XDC Constraints
Initializing timing engine
Parsing XDC File [C:/Users/cyber/Desktop/Kashfy-EE2026-Vivado/MODS/MODS.srcs/constrs_1/new/konstrens.xdc]
WARNING: [Vivado 12-584] No ports matched 'PS2Clk'. [C:/Users/cyber/Desktop/Kashfy-EE2026-Vivado/MODS/MODS.srcs/constrs_1/new/konstrens.xdc:138]
CRITICAL WARNING: [Common 17-55] 'set_property' expects at least one object. [C:/Users/cyber/Desktop/Kashfy-EE2026-Vivado/MODS/MODS.srcs/constrs_1/new/konstrens.xdc:138]
Resolution: If [get_<value>] was used to populate the object, check to make sure this command returns at least one valid object.
WARNING: [Vivado 12-584] No ports matched 'PS2Data'. [C:/Users/cyber/Desktop/Kashfy-EE2026-Vivado/MODS/MODS.srcs/constrs_1/new/konstrens.xdc:139]
CRITICAL WARNING: [Common 17-55] 'set_property' expects at least one object. [C:/Users/cyber/Desktop/Kashfy-EE2026-Vivado/MODS/MODS.srcs/constrs_1/new/konstrens.xdc:139]
Resolution: If [get_<value>] was used to populate the object, check to make sure this command returns at least one valid object.
Finished Parsing XDC File [C:/Users/cyber/Desktop/Kashfy-EE2026-Vivado/MODS/MODS.srcs/constrs_1/new/konstrens.xdc]
INFO: [Project 1-236] Implementation specific constraints were found while reading constraint file [C:/Users/cyber/Desktop/Kashfy-EE2026-Vivado/MODS/MODS.srcs/constrs_1/new/konstrens.xdc]. These constraints will be ignored for synthesis but will be used in implementation. Impacted constraints are listed in the file [.Xil/Top_Student_propImpl.xdc].
Resolution: To avoid this warning, move constraints listed in [.Xil/Top_Student_propImpl.xdc] to another XDC file and exclude this new file from synthesis with the used_in_synthesis property (File Properties dialog in GUI) and re-run elaboration/synthesis.
Completed Processing XDC Constraints

INFO: [Project 1-111] Unisim Transformation Summary:
No Unisim elements were transformed.

Constraint Validation Runtime : Time (s): cpu = 00:00:00 ; elapsed = 00:00:00.006 . Memory (MB): peak = 763.074 ; gain = 0.000
---------------------------------------------------------------------------------
Finished Constraint Validation : Time (s): cpu = 00:00:05 ; elapsed = 00:00:12 . Memory (MB): peak = 763.074 ; gain = 503.000
---------------------------------------------------------------------------------
---------------------------------------------------------------------------------
Start Loading Part and Timing Information
---------------------------------------------------------------------------------
Loading part: xc7a35tcpg236-1
---------------------------------------------------------------------------------
Finished Loading Part and Timing Information : Time (s): cpu = 00:00:05 ; elapsed = 00:00:12 . Memory (MB): peak = 763.074 ; gain = 503.000
---------------------------------------------------------------------------------
---------------------------------------------------------------------------------
Start Applying 'set_property' XDC Constraints
---------------------------------------------------------------------------------
---------------------------------------------------------------------------------
Finished applying 'set_property' XDC Constraints : Time (s): cpu = 00:00:05 ; elapsed = 00:00:12 . Memory (MB): peak = 763.074 ; gain = 503.000
---------------------------------------------------------------------------------
INFO: [Synth 8-5545] ROM "slow_clk0" won't be mapped to RAM because address size (32) is larger than maximum supported(25)
INFO: [Synth 8-5546] ROM "is_y_stat0" won't be mapped to RAM because it is too sparse
INFO: [Synth 8-5546] ROM "is_y_stat0" won't be mapped to RAM because it is too sparse
INFO: [Synth 8-5544] ROM "sprite_no" won't be mapped to Block RAM because address size (1) smaller than threshold (5)
INFO: [Synth 8-5544] ROM "proj_move0" won't be mapped to Block RAM because address size (1) smaller than threshold (5)
INFO: [Synth 8-5546] ROM "is_y_stat0" won't be mapped to RAM because it is too sparse
INFO: [Synth 8-5546] ROM "is_y_stat0" won't be mapped to RAM because it is too sparse
INFO: [Synth 8-5546] ROM "stop_falling" won't be mapped to RAM because it is too sparse
INFO: [Synth 8-5546] ROM "stop_falling" won't be mapped to RAM because it is too sparse
INFO: [Synth 8-802] inferred FSM for state register 'state_reg' in module 'Oled_Display'
INFO: [Synth 8-5546] ROM "fsm_next_state0" won't be mapped to RAM because it is too sparse
INFO: [Synth 8-5544] ROM "fsm_next_state0" won't be mapped to Block RAM because address size (1) smaller than threshold (5)
INFO: [Synth 8-5546] ROM "fsm_next_state0" won't be mapped to RAM because it is too sparse
---------------------------------------------------------------------------------------------------
                   State |                     New Encoding |                Previous Encoding 
---------------------------------------------------------------------------------------------------
                 PowerUp | 00000000100000000000000000000000 |                            00000
                   Reset | 00000000000100000000000000000000 |                            00001
            ReleaseReset | 00000000000000000000100000000000 |                            00011
            EnableDriver | 00000000000000000001000000000000 |                            00010
              DisplayOff | 00000000000000000100000000000000 |                            00110
   SetRemapDisplayFormat | 00000100000000000000000000000000 |                            00111
            SetStartLine | 00001000000000000000000000000000 |                            00101
               SetOffset | 10000000000000000000000000000000 |                            00100
        SetNormalDisplay | 00000000000000000000000010000000 |                            01100
       SetMultiplexRatio | 00000000000000000000000000100000 |                            01101
  SetMasterConfiguration | 00000000000000000000000001000000 |                            01111
        DisablePowerSave | 00000000000000000000000000000100 |                            01110
          SetPhaseAdjust | 00000000000000000000000000001000 |                            01010
         SetDisplayClock | 00000000001000000000000000000000 |                            01011
     SetSecondPrechargeA | 00000000010000000000000000000000 |                            01001
     SetSecondPrechargeB | 01000000000000000000000000000000 |                            01000
     SetSecondPrechargeC | 00000010000000000000000000000000 |                            11000
       SetPrechargeLevel | 00000001000000000000000000000000 |                            11001
                SetVCOMH | 00000000000000010000000000000000 |                            11011
        SetMasterCurrent | 00000000000000100000000000000000 |                            11010
            SetContrastA | 00000000000001000000000000000000 |                            11110
            SetContrastB | 00100000000000000000000000000000 |                            11111
            SetContrastC | 00000000000000000000000000000001 |                            11101
        DisableScrolling | 00000000000000000000000000000010 |                            11100
             ClearScreen | 00000000000000000000000000010000 |                            10100
                   VccEn | 00010000000000000000000000000000 |                            10101
               DisplayOn | 00000000000010000000000000000000 |                            10111
        PrepareNextFrame | 00000000000000001000000000000000 |                            10110
           SetColAddress | 00000000000000000000010000000000 |                            10010
           SetRowAddress | 00000000000000000000000100000000 |                            10011
           WaitNextFrame | 00000000000000000000001000000000 |                            10001
               SendPixel | 00000000000000000010000000000000 |                            10000
---------------------------------------------------------------------------------------------------
INFO: [Synth 8-3354] encoded FSM with state register 'state_reg' using encoding 'one-hot' in module 'Oled_Display'
---------------------------------------------------------------------------------
Finished RTL Optimization Phase 2 : Time (s): cpu = 00:00:05 ; elapsed = 00:00:13 . Memory (MB): peak = 763.074 ; gain = 503.000
---------------------------------------------------------------------------------
INFO: [Synth 8-223] decloning instance 'clk_6p25MHz' (flexy_clock) to 'clk_25MHz'

Report RTL Partitions: 
+-+--------------+------------+----------+
| |RTL Partition |Replication |Instances |
+-+--------------+------------+----------+
+-+--------------+------------+----------+
---------------------------------------------------------------------------------
Start RTL Component Statistics 
---------------------------------------------------------------------------------
Detailed RTL Component Info : 
+---Adders : 
	   4 Input     33 Bit       Adders := 3     
	   2 Input     32 Bit       Adders := 11    
	   3 Input     32 Bit       Adders := 8     
	   2 Input     17 Bit       Adders := 1     
	   2 Input      9 Bit       Adders := 5     
	   3 Input      9 Bit       Adders := 1     
	   4 Input      9 Bit       Adders := 1     
	   2 Input      8 Bit       Adders := 11    
	   3 Input      8 Bit       Adders := 19    
	   2 Input      7 Bit       Adders := 59    
	   3 Input      7 Bit       Adders := 1     
	   2 Input      6 Bit       Adders := 1     
	   2 Input      3 Bit       Adders := 1     
+---Registers : 
	               40 Bit    Registers := 1     
	               32 Bit    Registers := 8     
	               17 Bit    Registers := 1     
	               16 Bit    Registers := 4     
	                7 Bit    Registers := 13    
	                6 Bit    Registers := 1     
	                3 Bit    Registers := 3     
	                2 Bit    Registers := 1     
	                1 Bit    Registers := 15    
+---Muxes : 
	   2 Input     40 Bit        Muxes := 3     
	   2 Input     32 Bit        Muxes := 22    
	   3 Input     32 Bit        Muxes := 1     
	  32 Input     32 Bit        Muxes := 1     
	  32 Input     20 Bit        Muxes := 1     
	   2 Input     17 Bit        Muxes := 1     
	   2 Input     16 Bit        Muxes := 11    
	   3 Input     16 Bit        Muxes := 1     
	   2 Input     11 Bit        Muxes := 2     
	   2 Input      7 Bit        Muxes := 53    
	  10 Input      7 Bit        Muxes := 2     
	   6 Input      7 Bit        Muxes := 1     
	   3 Input      7 Bit        Muxes := 1     
	   7 Input      7 Bit        Muxes := 1     
	  32 Input      6 Bit        Muxes := 1     
	   2 Input      6 Bit        Muxes := 1     
	   2 Input      5 Bit        Muxes := 2     
	  32 Input      5 Bit        Muxes := 1     
	   2 Input      3 Bit        Muxes := 4     
	   2 Input      2 Bit        Muxes := 4     
	   3 Input      2 Bit        Muxes := 3     
	   2 Input      1 Bit        Muxes := 9     
	   3 Input      1 Bit        Muxes := 1     
	   5 Input      1 Bit        Muxes := 1     
---------------------------------------------------------------------------------
Finished RTL Component Statistics 
---------------------------------------------------------------------------------
---------------------------------------------------------------------------------
Start RTL Hierarchical Component Statistics 
---------------------------------------------------------------------------------
Hierarchical RTL Component report 
Module flexy_clock 
Detailed RTL Component Info : 
+---Registers : 
	                1 Bit    Registers := 1     
+---Muxes : 
	   2 Input      1 Bit        Muxes := 1     
Module direction_mux 
Detailed RTL Component Info : 
+---Registers : 
	                7 Bit    Registers := 2     
+---Muxes : 
	   2 Input      7 Bit        Muxes := 3     
Module animate 
Detailed RTL Component Info : 
+---Adders : 
	   4 Input     33 Bit       Adders := 1     
	   2 Input     32 Bit       Adders := 4     
	   3 Input     32 Bit       Adders := 3     
	   2 Input      9 Bit       Adders := 2     
	   2 Input      8 Bit       Adders := 3     
	   2 Input      7 Bit       Adders := 11    
+---Registers : 
	               32 Bit    Registers := 3     
	               16 Bit    Registers := 1     
	                7 Bit    Registers := 3     
	                2 Bit    Registers := 1     
	                1 Bit    Registers := 2     
+---Muxes : 
	   2 Input     32 Bit        Muxes := 13    
	   2 Input      7 Bit        Muxes := 10    
	  10 Input      7 Bit        Muxes := 1     
	   6 Input      7 Bit        Muxes := 1     
	   2 Input      2 Bit        Muxes := 2     
	   3 Input      2 Bit        Muxes := 1     
Module hero_damage 
Detailed RTL Component Info : 
+---Adders : 
	   2 Input     32 Bit       Adders := 1     
+---Registers : 
	               32 Bit    Registers := 1     
	                3 Bit    Registers := 1     
+---Muxes : 
	   3 Input     32 Bit        Muxes := 1     
	   2 Input     32 Bit        Muxes := 1     
	   2 Input      3 Bit        Muxes := 3     
	   3 Input      2 Bit        Muxes := 1     
Module touch_muff 
Detailed RTL Component Info : 
+---Adders : 
	   2 Input      3 Bit       Adders := 1     
+---Registers : 
	                3 Bit    Registers := 2     
+---Muxes : 
	   2 Input      3 Bit        Muxes := 1     
Module single_shot 
Detailed RTL Component Info : 
+---Adders : 
	   3 Input     32 Bit       Adders := 1     
	   3 Input      9 Bit       Adders := 1     
	   3 Input      8 Bit       Adders := 2     
	   2 Input      7 Bit       Adders := 9     
	   3 Input      7 Bit       Adders := 1     
+---Registers : 
	                7 Bit    Registers := 3     
	                1 Bit    Registers := 1     
+---Muxes : 
	   2 Input      7 Bit        Muxes := 12    
	   3 Input      7 Bit        Muxes := 1     
	   3 Input      2 Bit        Muxes := 1     
Module enimate 
Detailed RTL Component Info : 
+---Adders : 
	   4 Input     33 Bit       Adders := 1     
	   2 Input     32 Bit       Adders := 4     
	   3 Input     32 Bit       Adders := 3     
	   2 Input      9 Bit       Adders := 2     
	   2 Input      8 Bit       Adders := 3     
	   3 Input      8 Bit       Adders := 2     
	   2 Input      7 Bit       Adders := 16    
+---Registers : 
	               32 Bit    Registers := 3     
	               16 Bit    Registers := 1     
	                7 Bit    Registers := 2     
	                1 Bit    Registers := 2     
+---Muxes : 
	   2 Input     32 Bit        Muxes := 5     
	   2 Input      7 Bit        Muxes := 4     
	  10 Input      7 Bit        Muxes := 1     
	   7 Input      7 Bit        Muxes := 1     
	   2 Input      2 Bit        Muxes := 2     
Module muffinimate 
Detailed RTL Component Info : 
+---Adders : 
	   4 Input     33 Bit       Adders := 1     
	   2 Input     32 Bit       Adders := 2     
	   3 Input     32 Bit       Adders := 1     
	   2 Input      9 Bit       Adders := 1     
	   2 Input      8 Bit       Adders := 2     
	   3 Input      8 Bit       Adders := 3     
	   2 Input      7 Bit       Adders := 11    
+---Registers : 
	               32 Bit    Registers := 1     
	               16 Bit    Registers := 1     
	                7 Bit    Registers := 3     
	                1 Bit    Registers := 3     
+---Muxes : 
	   2 Input     32 Bit        Muxes := 1     
	   2 Input      7 Bit        Muxes := 24    
	   3 Input      1 Bit        Muxes := 1     
Module sprite_1 
Detailed RTL Component Info : 
+---Adders : 
	   4 Input      9 Bit       Adders := 1     
	   2 Input      8 Bit       Adders := 1     
+---Muxes : 
	   2 Input     16 Bit        Muxes := 1     
	   2 Input     11 Bit        Muxes := 1     
Module sprite_2 
Detailed RTL Component Info : 
+---Adders : 
	   2 Input      8 Bit       Adders := 1     
+---Muxes : 
	   3 Input     16 Bit        Muxes := 1     
Module sprite_3 
Detailed RTL Component Info : 
+---Adders : 
	   2 Input      8 Bit       Adders := 1     
+---Muxes : 
	   2 Input     16 Bit        Muxes := 2     
	   2 Input     11 Bit        Muxes := 1     
Module make_square 
Detailed RTL Component Info : 
+---Adders : 
	   3 Input      8 Bit       Adders := 12    
	   2 Input      7 Bit       Adders := 12    
+---Registers : 
	               16 Bit    Registers := 1     
+---Muxes : 
	   2 Input     16 Bit        Muxes := 8     
	   5 Input      1 Bit        Muxes := 1     
Module Oled_Display 
Detailed RTL Component Info : 
+---Adders : 
	   2 Input     17 Bit       Adders := 1     
	   2 Input      6 Bit       Adders := 1     
+---Registers : 
	               40 Bit    Registers := 1     
	               17 Bit    Registers := 1     
	                6 Bit    Registers := 1     
+---Muxes : 
	   2 Input     40 Bit        Muxes := 3     
	  32 Input     32 Bit        Muxes := 1     
	   2 Input     32 Bit        Muxes := 2     
	  32 Input     20 Bit        Muxes := 1     
	   2 Input     17 Bit        Muxes := 1     
	  32 Input      6 Bit        Muxes := 1     
	   2 Input      6 Bit        Muxes := 1     
	   2 Input      5 Bit        Muxes := 2     
	  32 Input      5 Bit        Muxes := 1     
	   2 Input      1 Bit        Muxes := 2     
---------------------------------------------------------------------------------
Finished RTL Hierarchical Component Statistics
---------------------------------------------------------------------------------
---------------------------------------------------------------------------------
Start Part Resource Summary
---------------------------------------------------------------------------------
Part Resources:
DSPs: 90 (col length:60)
BRAMs: 100 (col length: RAMB18 60 RAMB36 30)
---------------------------------------------------------------------------------
Finished Part Resource Summary
---------------------------------------------------------------------------------
---------------------------------------------------------------------------------
Start Cross Boundary and Area Optimization
---------------------------------------------------------------------------------
Warning: Parallel synthesis criteria is not met 
INFO: [Synth 8-5545] ROM "slow_clk0" won't be mapped to RAM because address size (32) is larger than maximum supported(25)
INFO: [Synth 8-5545] ROM "slow_clk0" won't be mapped to RAM because address size (32) is larger than maximum supported(25)
INFO: [Synth 8-5546] ROM "is_y_stat0" won't be mapped to RAM because it is too sparse
INFO: [Synth 8-5545] ROM "nolabel_line36/slow_clk0" won't be mapped to RAM because address size (32) is larger than maximum supported(25)
INFO: [Synth 8-5545] ROM "nolabel_line29/slow_clk0" won't be mapped to RAM because address size (32) is larger than maximum supported(25)
INFO: [Synth 8-5545] ROM "nolabel_line36/get_fps_clock/slow_clk0" won't be mapped to RAM because address size (32) is larger than maximum supported(25)
INFO: [Synth 8-5545] ROM "slow_clk0" won't be mapped to RAM because address size (32) is larger than maximum supported(25)
INFO: [Synth 8-5546] ROM "is_y_stat0" won't be mapped to RAM because it is too sparse
INFO: [Synth 8-5545] ROM "get_fps_clock/slow_clk0" won't be mapped to RAM because address size (32) is larger than maximum supported(25)
INFO: [Synth 8-5546] ROM "fsm_next_state0" won't be mapped to RAM because it is too sparse
INFO: [Synth 8-5546] ROM "fsm_next_state0" won't be mapped to RAM because it is too sparse
INFO: [Synth 8-3886] merging instance 'draw_sq/oled_data_reg[0]' (FDE) to 'draw_sq/oled_data_reg[4]'
INFO: [Synth 8-3886] merging instance 'draw_sq/oled_data_reg[1]' (FDE) to 'draw_sq/oled_data_reg[4]'
INFO: [Synth 8-3886] merging instance 'draw_sq/oled_data_reg[2]' (FDE) to 'draw_sq/oled_data_reg[4]'
INFO: [Synth 8-3886] merging instance 'draw_sq/oled_data_reg[3]' (FDE) to 'draw_sq/oled_data_reg[4]'
INFO: [Synth 8-3886] merging instance 'draw_sq/oled_data_reg[5]' (FDE) to 'draw_sq/oled_data_reg[10]'
INFO: [Synth 8-3886] merging instance 'draw_sq/oled_data_reg[6]' (FDE) to 'draw_sq/oled_data_reg[10]'
INFO: [Synth 8-3886] merging instance 'draw_sq/oled_data_reg[7]' (FDE) to 'draw_sq/oled_data_reg[10]'
INFO: [Synth 8-3886] merging instance 'draw_sq/oled_data_reg[8]' (FDE) to 'draw_sq/oled_data_reg[10]'
INFO: [Synth 8-3886] merging instance 'draw_sq/oled_data_reg[9]' (FDE) to 'draw_sq/oled_data_reg[10]'
INFO: [Synth 8-3886] merging instance 'draw_sq/oled_data_reg[11]' (FDE) to 'draw_sq/oled_data_reg[15]'
INFO: [Synth 8-3886] merging instance 'draw_sq/oled_data_reg[12]' (FDE) to 'draw_sq/oled_data_reg[15]'
INFO: [Synth 8-3886] merging instance 'draw_sq/oled_data_reg[13]' (FDE) to 'draw_sq/oled_data_reg[15]'
INFO: [Synth 8-3886] merging instance 'choose_direction/y_vect_reg[1]' (FDSE) to 'choose_direction/y_vect_reg[2]'
INFO: [Synth 8-3886] merging instance 'choose_direction/y_vect_reg[2]' (FDSE) to 'choose_direction/y_vect_reg[3]'
INFO: [Synth 8-3886] merging instance 'choose_direction/y_vect_reg[3]' (FDSE) to 'choose_direction/y_vect_reg[4]'
INFO: [Synth 8-3886] merging instance 'choose_direction/y_vect_reg[4]' (FDSE) to 'choose_direction/y_vect_reg[5]'
INFO: [Synth 8-3886] merging instance 'choose_direction/y_vect_reg[5]' (FDSE) to 'choose_direction/y_vect_reg[6]'
INFO: [Synth 8-3886] merging instance 'choose_direction/x_vect_reg[6]' (FD) to 'choose_direction/x_vect_reg[1]'
INFO: [Synth 8-3886] merging instance 'choose_direction/x_vect_reg[5]' (FD) to 'choose_direction/x_vect_reg[1]'
INFO: [Synth 8-3886] merging instance 'choose_direction/x_vect_reg[4]' (FD) to 'choose_direction/x_vect_reg[1]'
INFO: [Synth 8-3886] merging instance 'choose_direction/x_vect_reg[3]' (FD) to 'choose_direction/x_vect_reg[1]'
INFO: [Synth 8-3886] merging instance 'choose_direction/x_vect_reg[2]' (FD) to 'choose_direction/x_vect_reg[1]'
INFO: [Synth 8-3886] merging instance 'draw_sq/oled_data_reg[14]' (FDE) to 'draw_sq/oled_data_reg[15]'
WARNING: [Synth 8-3332] Sequential element (center_sq_colour_reg[15]) is unused and will be removed from module animate.
WARNING: [Synth 8-3332] Sequential element (center_sq_colour_reg[14]) is unused and will be removed from module animate.
WARNING: [Synth 8-3332] Sequential element (center_sq_colour_reg[13]) is unused and will be removed from module animate.
WARNING: [Synth 8-3332] Sequential element (center_sq_colour_reg[12]) is unused and will be removed from module animate.
WARNING: [Synth 8-3332] Sequential element (center_sq_colour_reg[11]) is unused and will be removed from module animate.
WARNING: [Synth 8-3332] Sequential element (center_sq_colour_reg[10]) is unused and will be removed from module animate.
WARNING: [Synth 8-3332] Sequential element (center_sq_colour_reg[9]) is unused and will be removed from module animate.
WARNING: [Synth 8-3332] Sequential element (center_sq_colour_reg[8]) is unused and will be removed from module animate.
WARNING: [Synth 8-3332] Sequential element (center_sq_colour_reg[7]) is unused and will be removed from module animate.
WARNING: [Synth 8-3332] Sequential element (center_sq_colour_reg[6]) is unused and will be removed from module animate.
WARNING: [Synth 8-3332] Sequential element (center_sq_colour_reg[5]) is unused and will be removed from module animate.
WARNING: [Synth 8-3332] Sequential element (center_sq_colour_reg[4]) is unused and will be removed from module animate.
WARNING: [Synth 8-3332] Sequential element (center_sq_colour_reg[3]) is unused and will be removed from module animate.
WARNING: [Synth 8-3332] Sequential element (center_sq_colour_reg[2]) is unused and will be removed from module animate.
WARNING: [Synth 8-3332] Sequential element (center_sq_colour_reg[1]) is unused and will be removed from module animate.
WARNING: [Synth 8-3332] Sequential element (center_sq_colour_reg[0]) is unused and will be removed from module animate.
WARNING: [Synth 8-3332] Sequential element (sprite_no_reg[1]) is unused and will be removed from module animate.
WARNING: [Synth 8-3332] Sequential element (sprite_no_reg[0]) is unused and will be removed from module animate.
WARNING: [Synth 8-3332] Sequential element (jump_time_reg[31]) is unused and will be removed from module enimate.
WARNING: [Synth 8-3332] Sequential element (jump_time_reg[30]) is unused and will be removed from module enimate.
WARNING: [Synth 8-3332] Sequential element (jump_time_reg[29]) is unused and will be removed from module enimate.
WARNING: [Synth 8-3332] Sequential element (jump_time_reg[28]) is unused and will be removed from module enimate.
WARNING: [Synth 8-3332] Sequential element (jump_time_reg[27]) is unused and will be removed from module enimate.
WARNING: [Synth 8-3332] Sequential element (jump_time_reg[26]) is unused and will be removed from module enimate.
WARNING: [Synth 8-3332] Sequential element (jump_time_reg[25]) is unused and will be removed from module enimate.
WARNING: [Synth 8-3332] Sequential element (jump_time_reg[24]) is unused and will be removed from module enimate.
WARNING: [Synth 8-3332] Sequential element (jump_time_reg[23]) is unused and will be removed from module enimate.
WARNING: [Synth 8-3332] Sequential element (jump_time_reg[22]) is unused and will be removed from module enimate.
WARNING: [Synth 8-3332] Sequential element (jump_time_reg[21]) is unused and will be removed from module enimate.
WARNING: [Synth 8-3332] Sequential element (jump_time_reg[20]) is unused and will be removed from module enimate.
WARNING: [Synth 8-3332] Sequential element (jump_time_reg[19]) is unused and will be removed from module enimate.
WARNING: [Synth 8-3332] Sequential element (jump_time_reg[18]) is unused and will be removed from module enimate.
WARNING: [Synth 8-3332] Sequential element (jump_time_reg[17]) is unused and will be removed from module enimate.
WARNING: [Synth 8-3332] Sequential element (jump_time_reg[16]) is unused and will be removed from module enimate.
WARNING: [Synth 8-3332] Sequential element (jump_time_reg[15]) is unused and will be removed from module enimate.
WARNING: [Synth 8-3332] Sequential element (jump_time_reg[14]) is unused and will be removed from module enimate.
WARNING: [Synth 8-3332] Sequential element (jump_time_reg[13]) is unused and will be removed from module enimate.
WARNING: [Synth 8-3332] Sequential element (jump_time_reg[12]) is unused and will be removed from module enimate.
WARNING: [Synth 8-3332] Sequential element (jump_time_reg[11]) is unused and will be removed from module enimate.
WARNING: [Synth 8-3332] Sequential element (jump_time_reg[10]) is unused and will be removed from module enimate.
WARNING: [Synth 8-3332] Sequential element (jump_time_reg[9]) is unused and will be removed from module enimate.
WARNING: [Synth 8-3332] Sequential element (jump_time_reg[8]) is unused and will be removed from module enimate.
WARNING: [Synth 8-3332] Sequential element (jump_time_reg[7]) is unused and will be removed from module enimate.
WARNING: [Synth 8-3332] Sequential element (jump_time_reg[6]) is unused and will be removed from module enimate.
WARNING: [Synth 8-3332] Sequential element (jump_time_reg[5]) is unused and will be removed from module enimate.
WARNING: [Synth 8-3332] Sequential element (jump_time_reg[4]) is unused and will be removed from module enimate.
WARNING: [Synth 8-3332] Sequential element (jump_time_reg[3]) is unused and will be removed from module enimate.
WARNING: [Synth 8-3332] Sequential element (jump_time_reg[2]) is unused and will be removed from module enimate.
WARNING: [Synth 8-3332] Sequential element (jump_time_reg[1]) is unused and will be removed from module enimate.
WARNING: [Synth 8-3332] Sequential element (jump_time_reg[0]) is unused and will be removed from module enimate.
WARNING: [Synth 8-3332] Sequential element (center_sq_colour_reg[15]) is unused and will be removed from module enimate.
WARNING: [Synth 8-3332] Sequential element (center_sq_colour_reg[14]) is unused and will be removed from module enimate.
WARNING: [Synth 8-3332] Sequential element (center_sq_colour_reg[13]) is unused and will be removed from module enimate.
WARNING: [Synth 8-3332] Sequential element (center_sq_colour_reg[12]) is unused and will be removed from module enimate.
WARNING: [Synth 8-3332] Sequential element (center_sq_colour_reg[11]) is unused and will be removed from module enimate.
WARNING: [Synth 8-3332] Sequential element (center_sq_colour_reg[10]) is unused and will be removed from module enimate.
WARNING: [Synth 8-3332] Sequential element (center_sq_colour_reg[9]) is unused and will be removed from module enimate.
WARNING: [Synth 8-3332] Sequential element (center_sq_colour_reg[8]) is unused and will be removed from module enimate.
WARNING: [Synth 8-3332] Sequential element (center_sq_colour_reg[7]) is unused and will be removed from module enimate.
WARNING: [Synth 8-3332] Sequential element (center_sq_colour_reg[6]) is unused and will be removed from module enimate.
WARNING: [Synth 8-3332] Sequential element (center_sq_colour_reg[5]) is unused and will be removed from module enimate.
WARNING: [Synth 8-3332] Sequential element (center_sq_colour_reg[4]) is unused and will be removed from module enimate.
WARNING: [Synth 8-3332] Sequential element (center_sq_colour_reg[3]) is unused and will be removed from module enimate.
WARNING: [Synth 8-3332] Sequential element (center_sq_colour_reg[2]) is unused and will be removed from module enimate.
WARNING: [Synth 8-3332] Sequential element (center_sq_colour_reg[1]) is unused and will be removed from module enimate.
WARNING: [Synth 8-3332] Sequential element (center_sq_colour_reg[0]) is unused and will be removed from module enimate.
WARNING: [Synth 8-3332] Sequential element (center_sq_colour_reg[15]) is unused and will be removed from module muffinimate.
WARNING: [Synth 8-3332] Sequential element (center_sq_colour_reg[14]) is unused and will be removed from module muffinimate.
WARNING: [Synth 8-3332] Sequential element (center_sq_colour_reg[13]) is unused and will be removed from module muffinimate.
WARNING: [Synth 8-3332] Sequential element (center_sq_colour_reg[12]) is unused and will be removed from module muffinimate.
WARNING: [Synth 8-3332] Sequential element (center_sq_colour_reg[11]) is unused and will be removed from module muffinimate.
WARNING: [Synth 8-3332] Sequential element (center_sq_colour_reg[10]) is unused and will be removed from module muffinimate.
WARNING: [Synth 8-3332] Sequential element (center_sq_colour_reg[9]) is unused and will be removed from module muffinimate.
WARNING: [Synth 8-3332] Sequential element (center_sq_colour_reg[8]) is unused and will be removed from module muffinimate.
WARNING: [Synth 8-3332] Sequential element (center_sq_colour_reg[7]) is unused and will be removed from module muffinimate.
WARNING: [Synth 8-3332] Sequential element (center_sq_colour_reg[6]) is unused and will be removed from module muffinimate.
WARNING: [Synth 8-3332] Sequential element (center_sq_colour_reg[5]) is unused and will be removed from module muffinimate.
WARNING: [Synth 8-3332] Sequential element (center_sq_colour_reg[4]) is unused and will be removed from module muffinimate.
WARNING: [Synth 8-3332] Sequential element (center_sq_colour_reg[3]) is unused and will be removed from module muffinimate.
WARNING: [Synth 8-3332] Sequential element (center_sq_colour_reg[2]) is unused and will be removed from module muffinimate.
WARNING: [Synth 8-3332] Sequential element (center_sq_colour_reg[1]) is unused and will be removed from module muffinimate.
WARNING: [Synth 8-3332] Sequential element (center_sq_colour_reg[0]) is unused and will be removed from module muffinimate.
---------------------------------------------------------------------------------
Finished Cross Boundary and Area Optimization : Time (s): cpu = 00:00:14 ; elapsed = 00:00:26 . Memory (MB): peak = 763.074 ; gain = 503.000
---------------------------------------------------------------------------------

Report RTL Partitions: 
+-+--------------+------------+----------+
| |RTL Partition |Replication |Instances |
+-+--------------+------------+----------+
+-+--------------+------------+----------+
---------------------------------------------------------------------------------
Start Applying XDC Timing Constraints
---------------------------------------------------------------------------------
---------------------------------------------------------------------------------
Finished Applying XDC Timing Constraints : Time (s): cpu = 00:00:17 ; elapsed = 00:00:33 . Memory (MB): peak = 765.844 ; gain = 505.770
---------------------------------------------------------------------------------
---------------------------------------------------------------------------------
Start Timing Optimization
---------------------------------------------------------------------------------
---------------------------------------------------------------------------------
Finished Timing Optimization : Time (s): cpu = 00:00:17 ; elapsed = 00:00:34 . Memory (MB): peak = 788.992 ; gain = 528.918
---------------------------------------------------------------------------------

Report RTL Partitions: 
+-+--------------+------------+----------+
| |RTL Partition |Replication |Instances |
+-+--------------+------------+----------+
+-+--------------+------------+----------+
---------------------------------------------------------------------------------
Start Technology Mapping
---------------------------------------------------------------------------------
WARNING: [Synth 8-3332] Sequential element (animate_hero/jump_time_reg[31]) is unused and will be removed from module Top_Student.
WARNING: [Synth 8-3332] Sequential element (animate_hero/jump_time_reg[30]) is unused and will be removed from module Top_Student.
WARNING: [Synth 8-3332] Sequential element (animate_hero/jump_time_reg[29]) is unused and will be removed from module Top_Student.
WARNING: [Synth 8-3332] Sequential element (animate_hero/jump_time_reg[28]) is unused and will be removed from module Top_Student.
WARNING: [Synth 8-3332] Sequential element (animate_hero/jump_time_reg[27]) is unused and will be removed from module Top_Student.
WARNING: [Synth 8-3332] Sequential element (animate_hero/jump_time_reg[26]) is unused and will be removed from module Top_Student.
WARNING: [Synth 8-3332] Sequential element (animate_hero/jump_time_reg[25]) is unused and will be removed from module Top_Student.
WARNING: [Synth 8-3332] Sequential element (animate_hero/jump_time_reg[24]) is unused and will be removed from module Top_Student.
WARNING: [Synth 8-3332] Sequential element (animate_hero/jump_time_reg[23]) is unused and will be removed from module Top_Student.
WARNING: [Synth 8-3332] Sequential element (animate_hero/jump_time_reg[22]) is unused and will be removed from module Top_Student.
WARNING: [Synth 8-3332] Sequential element (animate_hero/jump_time_reg[21]) is unused and will be removed from module Top_Student.
WARNING: [Synth 8-3332] Sequential element (animate_hero/jump_time_reg[20]) is unused and will be removed from module Top_Student.
WARNING: [Synth 8-3332] Sequential element (animate_hero/jump_time_reg[19]) is unused and will be removed from module Top_Student.
WARNING: [Synth 8-3332] Sequential element (animate_hero/jump_time_reg[18]) is unused and will be removed from module Top_Student.
WARNING: [Synth 8-3332] Sequential element (animate_hero/jump_time_reg[17]) is unused and will be removed from module Top_Student.
WARNING: [Synth 8-3332] Sequential element (animate_hero/jump_time_reg[16]) is unused and will be removed from module Top_Student.
WARNING: [Synth 8-3332] Sequential element (animate_hero/jump_time_reg[15]) is unused and will be removed from module Top_Student.
WARNING: [Synth 8-3332] Sequential element (animate_hero/jump_time_reg[14]) is unused and will be removed from module Top_Student.
INFO: [Common 17-14] Message 'Synth 8-3332' appears 100 times and further instances of the messages will be disabled. Use the Tcl command set_msg_config to change the current settings.
---------------------------------------------------------------------------------
Finished Technology Mapping : Time (s): cpu = 00:00:19 ; elapsed = 00:00:35 . Memory (MB): peak = 862.172 ; gain = 602.098
---------------------------------------------------------------------------------

Report RTL Partitions: 
+-+--------------+------------+----------+
| |RTL Partition |Replication |Instances |
+-+--------------+------------+----------+
+-+--------------+------------+----------+
---------------------------------------------------------------------------------
Start IO Insertion
---------------------------------------------------------------------------------
---------------------------------------------------------------------------------
Start Flattening Before IO Insertion
---------------------------------------------------------------------------------
---------------------------------------------------------------------------------
Finished Flattening Before IO Insertion
---------------------------------------------------------------------------------
---------------------------------------------------------------------------------
Start Final Netlist Cleanup
---------------------------------------------------------------------------------
---------------------------------------------------------------------------------
Finished Final Netlist Cleanup
---------------------------------------------------------------------------------
---------------------------------------------------------------------------------
Finished IO Insertion : Time (s): cpu = 00:00:19 ; elapsed = 00:00:37 . Memory (MB): peak = 862.172 ; gain = 602.098
---------------------------------------------------------------------------------

Report Check Netlist: 
+------+------------------+-------+---------+-------+------------------+
|      |Item              |Errors |Warnings |Status |Description       |
+------+------------------+-------+---------+-------+------------------+
|1     |multi_driven_nets |      0|        0|Passed |Multi driven nets |
+------+------------------+-------+---------+-------+------------------+
---------------------------------------------------------------------------------
Start Renaming Generated Instances
---------------------------------------------------------------------------------
---------------------------------------------------------------------------------
Finished Renaming Generated Instances : Time (s): cpu = 00:00:19 ; elapsed = 00:00:37 . Memory (MB): peak = 862.172 ; gain = 602.098
---------------------------------------------------------------------------------

Report RTL Partitions: 
+-+--------------+------------+----------+
| |RTL Partition |Replication |Instances |
+-+--------------+------------+----------+
+-+--------------+------------+----------+
---------------------------------------------------------------------------------
Start Rebuilding User Hierarchy
---------------------------------------------------------------------------------
---------------------------------------------------------------------------------
Finished Rebuilding User Hierarchy : Time (s): cpu = 00:00:20 ; elapsed = 00:00:37 . Memory (MB): peak = 862.172 ; gain = 602.098
---------------------------------------------------------------------------------
---------------------------------------------------------------------------------
Start Renaming Generated Ports
---------------------------------------------------------------------------------
---------------------------------------------------------------------------------
Finished Renaming Generated Ports : Time (s): cpu = 00:00:20 ; elapsed = 00:00:37 . Memory (MB): peak = 862.172 ; gain = 602.098
---------------------------------------------------------------------------------
---------------------------------------------------------------------------------
Start Handling Custom Attributes
---------------------------------------------------------------------------------
---------------------------------------------------------------------------------
Finished Handling Custom Attributes : Time (s): cpu = 00:00:20 ; elapsed = 00:00:37 . Memory (MB): peak = 862.172 ; gain = 602.098
---------------------------------------------------------------------------------
---------------------------------------------------------------------------------
Start Renaming Generated Nets
---------------------------------------------------------------------------------
---------------------------------------------------------------------------------
Finished Renaming Generated Nets : Time (s): cpu = 00:00:20 ; elapsed = 00:00:37 . Memory (MB): peak = 862.172 ; gain = 602.098
---------------------------------------------------------------------------------
---------------------------------------------------------------------------------
Start Writing Synthesis Report
---------------------------------------------------------------------------------

Report BlackBoxes: 
+-+--------------+----------+
| |BlackBox name |Instances |
+-+--------------+----------+
+-+--------------+----------+

Report Cell Usage: 
+------+-------+------+
|      |Cell   |Count |
+------+-------+------+
|1     |BUFG   |     6|
|2     |CARRY4 |   818|
|3     |LUT1   |   160|
|4     |LUT2   |   774|
|5     |LUT3   |   709|
|6     |LUT4   |   662|
|7     |LUT5   |   840|
|8     |LUT6   |  1766|
|9     |MUXF7  |     2|
|10    |FDE_1  |    32|
|11    |FDRE   |   606|
|12    |IBUF   |     6|
|13    |OBUF   |    10|
|14    |OBUFT  |     1|
+------+-------+------+

Report Instance Areas: 
+------+---------------------+-------------------+------+
|      |Instance             |Module             |Cells |
+------+---------------------+-------------------+------+
|1     |top                  |                   |  6392|
|2     |  Q3A1               |Oled_Display       |   640|
|3     |  animate_enemy      |enimate            |  1943|
|4     |    get_fps_clock    |flexy_clock_5      |    63|
|5     |  animate_hero       |animate            |  2089|
|6     |    get_fps_clock    |flexy_clock_4      |    63|
|7     |  animate_muffin     |muffinimate        |  1095|
|8     |    get_fps_clock    |flexy_clock_3      |    55|
|9     |  animate_projectile |projectile_animate |   155|
|10    |    nolabel_line36   |single_shot        |   155|
|11    |      get_fps_clock  |flexy_clock_2      |    54|
|12    |  choose_direction   |direction_mux      |    81|
|13    |  clk_6p25MHz        |flexy_clock        |    64|
|14    |  draw_sq            |make_square        |    67|
|15    |    draw_sprite_1    |sprite_1           |     4|
|16    |    draw_sprite_2    |sprite_2           |     3|
|17    |    draw_sprite_3    |sprite_3           |     5|
|18    |  nolabel_line86     |hero_damage        |   151|
|19    |    nolabel_line36   |flexy_clock_1      |    54|
|20    |  nolabel_line87     |touch_muff         |    72|
|21    |    nolabel_line29   |flexy_clock_0      |    54|
+------+---------------------+-------------------+------+
---------------------------------------------------------------------------------
Finished Writing Synthesis Report : Time (s): cpu = 00:00:20 ; elapsed = 00:00:37 . Memory (MB): peak = 862.172 ; gain = 602.098
---------------------------------------------------------------------------------
Synthesis finished with 0 errors, 0 critical warnings and 586 warnings.
Synthesis Optimization Runtime : Time (s): cpu = 00:00:16 ; elapsed = 00:00:30 . Memory (MB): peak = 862.172 ; gain = 252.746
Synthesis Optimization Complete : Time (s): cpu = 00:00:20 ; elapsed = 00:00:37 . Memory (MB): peak = 862.172 ; gain = 602.098
INFO: [Project 1-571] Translating synthesized netlist
INFO: [Netlist 29-17] Analyzing 858 Unisim elements for replacement
INFO: [Netlist 29-28] Unisim Transformation completed in 0 CPU seconds
INFO: [Project 1-570] Preparing netlist for logic optimization
INFO: [Opt 31-138] Pushed 0 inverter(s) to 0 load pin(s).
INFO: [Project 1-111] Unisim Transformation Summary:
  A total of 32 instances were transformed.
  FDE_1 => FDRE (inverted pins: C): 32 instances

INFO: [Common 17-83] Releasing license: Synthesis
96 Infos, 240 Warnings, 2 Critical Warnings and 0 Errors encountered.
synth_design completed successfully
synth_design: Time (s): cpu = 00:00:22 ; elapsed = 00:00:40 . Memory (MB): peak = 862.172 ; gain = 614.789
WARNING: [Constraints 18-5210] No constraint will be written out.
INFO: [Common 17-1381] The checkpoint 'C:/Users/cyber/Desktop/Kashfy-EE2026-Vivado/MODS/MODS.runs/synth_1/Top_Student.dcp' has been generated.
INFO: [runtcl-4] Executing : report_utilization -file Top_Student_utilization_synth.rpt -pb Top_Student_utilization_synth.pb
report_utilization: Time (s): cpu = 00:00:00 ; elapsed = 00:00:00.043 . Memory (MB): peak = 862.172 ; gain = 0.000
INFO: [Common 17-206] Exiting Vivado at Thu Oct 31 22:10:37 2024...

*** Running vivado
    with args -log Top_Student.vds -m64 -product Vivado -mode batch -messageDb vivado.pb -notrace -source Top_Student.tcl


****** Vivado v2018.2 (64-bit)
  **** SW Build 2258646 on Thu Jun 14 20:03:12 MDT 2018
  **** IP Build 2256618 on Thu Jun 14 22:10:49 MDT 2018
    ** Copyright 1986-2018 Xilinx, Inc. All Rights Reserved.

source Top_Student.tcl -notrace
Command: synth_design -top Top_Student -part xc7a35tcpg236-1
Starting synth_design
Attempting to get a license for feature 'Synthesis' and/or device 'xc7a35t'
INFO: [Common 17-349] Got license for feature 'Synthesis' and/or device 'xc7a35t'
INFO: Launching helper process for spawning children vivado processes
INFO: Helper process launched with PID 18280 
WARNING: [Synth 8-976] YELLOW has already been declared [C:/Users/cyber/Desktop/Kashfy-EE2026-Vivado/MODS/MODS.srcs/sources_1/new/make_square.v:134]
WARNING: [Synth 8-2654] second declaration of YELLOW ignored [C:/Users/cyber/Desktop/Kashfy-EE2026-Vivado/MODS/MODS.srcs/sources_1/new/make_square.v:134]
INFO: [Synth 8-994] YELLOW is declared here [C:/Users/cyber/Desktop/Kashfy-EE2026-Vivado/MODS/MODS.srcs/sources_1/new/make_square.v:130]
ERROR: [Synth 8-2576] procedural assignment to a non-register proj_move is not permitted [C:/Users/cyber/Desktop/Kashfy-EE2026-Vivado/MODS/MODS.srcs/sources_1/new/projectile_animate.v:80]
ERROR: [Synth 8-2576] procedural assignment to a non-register x_var is not permitted [C:/Users/cyber/Desktop/Kashfy-EE2026-Vivado/MODS/MODS.srcs/sources_1/new/projectile_animate.v:99]
ERROR: [Synth 8-2576] procedural assignment to a non-register x_var is not permitted [C:/Users/cyber/Desktop/Kashfy-EE2026-Vivado/MODS/MODS.srcs/sources_1/new/projectile_animate.v:101]
ERROR: [Synth 8-2576] procedural assignment to a non-register y_var is not permitted [C:/Users/cyber/Desktop/Kashfy-EE2026-Vivado/MODS/MODS.srcs/sources_1/new/projectile_animate.v:103]
ERROR: [Synth 8-2576] procedural assignment to a non-register x_var is not permitted [C:/Users/cyber/Desktop/Kashfy-EE2026-Vivado/MODS/MODS.srcs/sources_1/new/projectile_animate.v:112]
ERROR: [Synth 8-2576] procedural assignment to a non-register y_var is not permitted [C:/Users/cyber/Desktop/Kashfy-EE2026-Vivado/MODS/MODS.srcs/sources_1/new/projectile_animate.v:113]
ERROR: [Synth 8-2576] procedural assignment to a non-register proj_move is not permitted [C:/Users/cyber/Desktop/Kashfy-EE2026-Vivado/MODS/MODS.srcs/sources_1/new/projectile_animate.v:114]
ERROR: [Synth 8-2576] procedural assignment to a non-register proj_move is not permitted [C:/Users/cyber/Desktop/Kashfy-EE2026-Vivado/MODS/MODS.srcs/sources_1/new/projectile_animate.v:137]
ERROR: [Synth 8-2576] procedural assignment to a non-register x_var is not permitted [C:/Users/cyber/Desktop/Kashfy-EE2026-Vivado/MODS/MODS.srcs/sources_1/new/projectile_animate.v:138]
ERROR: [Synth 8-2576] procedural assignment to a non-register y_var is not permitted [C:/Users/cyber/Desktop/Kashfy-EE2026-Vivado/MODS/MODS.srcs/sources_1/new/projectile_animate.v:139]
INFO: [Synth 8-2350] module projectile_animate ignored due to previous errors [C:/Users/cyber/Desktop/Kashfy-EE2026-Vivado/MODS/MODS.srcs/sources_1/new/projectile_animate.v:23]
INFO: [Synth 8-2350] module laser_shot ignored due to previous errors [C:/Users/cyber/Desktop/Kashfy-EE2026-Vivado/MODS/MODS.srcs/sources_1/new/projectile_animate.v:144]
Failed to read verilog 'C:/Users/cyber/Desktop/Kashfy-EE2026-Vivado/MODS/MODS.srcs/sources_1/new/projectile_animate.v'
INFO: [Common 17-83] Releasing license: Synthesis
5 Infos, 2 Warnings, 0 Critical Warnings and 11 Errors encountered.
synth_design failed
ERROR: [Common 17-69] Command failed: Synthesis failed - please see the console or run log file for details
INFO: [Common 17-206] Exiting Vivado at Thu Oct 31 22:14:56 2024...

*** Running vivado
    with args -log Top_Student.vds -m64 -product Vivado -mode batch -messageDb vivado.pb -notrace -source Top_Student.tcl


****** Vivado v2018.2 (64-bit)
  **** SW Build 2258646 on Thu Jun 14 20:03:12 MDT 2018
  **** IP Build 2256618 on Thu Jun 14 22:10:49 MDT 2018
    ** Copyright 1986-2018 Xilinx, Inc. All Rights Reserved.

source Top_Student.tcl -notrace
Command: synth_design -top Top_Student -part xc7a35tcpg236-1
Starting synth_design
Attempting to get a license for feature 'Synthesis' and/or device 'xc7a35t'
INFO: [Common 17-349] Got license for feature 'Synthesis' and/or device 'xc7a35t'
INFO: Launching helper process for spawning children vivado processes
INFO: Helper process launched with PID 26540 
WARNING: [Synth 8-976] YELLOW has already been declared [C:/Users/cyber/Desktop/Kashfy-EE2026-Vivado/MODS/MODS.srcs/sources_1/new/make_square.v:134]
WARNING: [Synth 8-2654] second declaration of YELLOW ignored [C:/Users/cyber/Desktop/Kashfy-EE2026-Vivado/MODS/MODS.srcs/sources_1/new/make_square.v:134]
INFO: [Synth 8-994] YELLOW is declared here [C:/Users/cyber/Desktop/Kashfy-EE2026-Vivado/MODS/MODS.srcs/sources_1/new/make_square.v:130]
---------------------------------------------------------------------------------
Starting RTL Elaboration : Time (s): cpu = 00:00:01 ; elapsed = 00:00:02 . Memory (MB): peak = 371.887 ; gain = 111.906
---------------------------------------------------------------------------------
INFO: [Synth 8-6157] synthesizing module 'Top_Student' [C:/Users/cyber/Desktop/Kashfy-EE2026-Vivado/MODS/MODS.srcs/sources_1/new/Top_Student.v:14]
INFO: [Synth 8-6157] synthesizing module 'flexy_clock' [C:/Users/cyber/Desktop/Kashfy-EE2026-Vivado/MODS/MODS.srcs/sources_1/new/flexy_clock.v:23]
INFO: [Synth 8-6155] done synthesizing module 'flexy_clock' (1#1) [C:/Users/cyber/Desktop/Kashfy-EE2026-Vivado/MODS/MODS.srcs/sources_1/new/flexy_clock.v:23]
INFO: [Synth 8-6157] synthesizing module 'direction_mux' [C:/Users/cyber/Desktop/Kashfy-EE2026-Vivado/MODS/MODS.srcs/sources_1/new/direction_mux.v:23]
INFO: [Synth 8-6155] done synthesizing module 'direction_mux' (2#1) [C:/Users/cyber/Desktop/Kashfy-EE2026-Vivado/MODS/MODS.srcs/sources_1/new/direction_mux.v:23]
INFO: [Synth 8-6157] synthesizing module 'animate' [C:/Users/cyber/Desktop/Kashfy-EE2026-Vivado/MODS/MODS.srcs/sources_1/new/animate.v:23]
WARNING: [Synth 8-311] ignoring non-constant assignment in initial block [C:/Users/cyber/Desktop/Kashfy-EE2026-Vivado/MODS/MODS.srcs/sources_1/new/animate.v:42]
WARNING: [Synth 8-311] ignoring non-constant assignment in initial block [C:/Users/cyber/Desktop/Kashfy-EE2026-Vivado/MODS/MODS.srcs/sources_1/new/animate.v:43]
WARNING: [Synth 8-6014] Unused sequential element x_increment_reg was removed.  [C:/Users/cyber/Desktop/Kashfy-EE2026-Vivado/MODS/MODS.srcs/sources_1/new/animate.v:69]
INFO: [Synth 8-6155] done synthesizing module 'animate' (3#1) [C:/Users/cyber/Desktop/Kashfy-EE2026-Vivado/MODS/MODS.srcs/sources_1/new/animate.v:23]
WARNING: [Synth 8-689] width (4) of port connection 'sq_width' does not match port width (7) of module 'animate' [C:/Users/cyber/Desktop/Kashfy-EE2026-Vivado/MODS/MODS.srcs/sources_1/new/Top_Student.v:76]
WARNING: [Synth 8-689] width (4) of port connection 'sq_height' does not match port width (7) of module 'animate' [C:/Users/cyber/Desktop/Kashfy-EE2026-Vivado/MODS/MODS.srcs/sources_1/new/Top_Student.v:76]
WARNING: [Synth 8-689] width (1) of port connection 'reset' does not match port width (7) of module 'animate' [C:/Users/cyber/Desktop/Kashfy-EE2026-Vivado/MODS/MODS.srcs/sources_1/new/Top_Student.v:79]
WARNING: [Synth 8-350] instance 'animate_hero' of module 'animate' requires 29 connections, but only 21 given [C:/Users/cyber/Desktop/Kashfy-EE2026-Vivado/MODS/MODS.srcs/sources_1/new/Top_Student.v:75]
INFO: [Synth 8-6157] synthesizing module 'hero_damage' [C:/Users/cyber/Desktop/Kashfy-EE2026-Vivado/MODS/MODS.srcs/sources_1/new/hero_damage.v:23]
INFO: [Synth 8-6155] done synthesizing module 'hero_damage' (4#1) [C:/Users/cyber/Desktop/Kashfy-EE2026-Vivado/MODS/MODS.srcs/sources_1/new/hero_damage.v:23]
INFO: [Synth 8-6157] synthesizing module 'touch_muff' [C:/Users/cyber/Desktop/Kashfy-EE2026-Vivado/MODS/MODS.srcs/sources_1/new/touch_muff.v:23]
WARNING: [Synth 8-311] ignoring non-constant assignment in initial block [C:/Users/cyber/Desktop/Kashfy-EE2026-Vivado/MODS/MODS.srcs/sources_1/new/touch_muff.v:36]
WARNING: [Synth 8-6014] Unused sequential element muff_count_reg was removed.  [C:/Users/cyber/Desktop/Kashfy-EE2026-Vivado/MODS/MODS.srcs/sources_1/new/touch_muff.v:42]
INFO: [Synth 8-6155] done synthesizing module 'touch_muff' (5#1) [C:/Users/cyber/Desktop/Kashfy-EE2026-Vivado/MODS/MODS.srcs/sources_1/new/touch_muff.v:23]
INFO: [Synth 8-6157] synthesizing module 'projectile_animate' [C:/Users/cyber/Desktop/Kashfy-EE2026-Vivado/MODS/MODS.srcs/sources_1/new/projectile_animate.v:23]
WARNING: [Synth 8-6014] Unused sequential element y_increment_reg was removed.  [C:/Users/cyber/Desktop/Kashfy-EE2026-Vivado/MODS/MODS.srcs/sources_1/new/projectile_animate.v:94]
WARNING: [Synth 8-3848] Net proj_hit_enemy in module/entity projectile_animate does not have driver. [C:/Users/cyber/Desktop/Kashfy-EE2026-Vivado/MODS/MODS.srcs/sources_1/new/projectile_animate.v:31]
INFO: [Synth 8-6155] done synthesizing module 'projectile_animate' (6#1) [C:/Users/cyber/Desktop/Kashfy-EE2026-Vivado/MODS/MODS.srcs/sources_1/new/projectile_animate.v:23]
WARNING: [Synth 8-689] width (4) of port connection 'sq_width' does not match port width (7) of module 'projectile_animate' [C:/Users/cyber/Desktop/Kashfy-EE2026-Vivado/MODS/MODS.srcs/sources_1/new/Top_Student.v:94]
WARNING: [Synth 8-689] width (4) of port connection 'sq_height' does not match port width (7) of module 'projectile_animate' [C:/Users/cyber/Desktop/Kashfy-EE2026-Vivado/MODS/MODS.srcs/sources_1/new/Top_Student.v:94]
WARNING: [Synth 8-689] width (1) of port connection 'reset' does not match port width (7) of module 'projectile_animate' [C:/Users/cyber/Desktop/Kashfy-EE2026-Vivado/MODS/MODS.srcs/sources_1/new/Top_Student.v:97]
INFO: [Synth 8-6157] synthesizing module 'enimate' [C:/Users/cyber/Desktop/Kashfy-EE2026-Vivado/MODS/MODS.srcs/sources_1/new/enimate.v:23]
WARNING: [Synth 8-6014] Unused sequential element x_increment_reg was removed.  [C:/Users/cyber/Desktop/Kashfy-EE2026-Vivado/MODS/MODS.srcs/sources_1/new/enimate.v:66]
WARNING: [Synth 8-6014] Unused sequential element y_increment_reg was removed.  [C:/Users/cyber/Desktop/Kashfy-EE2026-Vivado/MODS/MODS.srcs/sources_1/new/enimate.v:67]
INFO: [Synth 8-6155] done synthesizing module 'enimate' (7#1) [C:/Users/cyber/Desktop/Kashfy-EE2026-Vivado/MODS/MODS.srcs/sources_1/new/enimate.v:23]
WARNING: [Synth 8-689] width (4) of port connection 'sq_width' does not match port width (7) of module 'enimate' [C:/Users/cyber/Desktop/Kashfy-EE2026-Vivado/MODS/MODS.srcs/sources_1/new/Top_Student.v:103]
WARNING: [Synth 8-689] width (4) of port connection 'sq_height' does not match port width (7) of module 'enimate' [C:/Users/cyber/Desktop/Kashfy-EE2026-Vivado/MODS/MODS.srcs/sources_1/new/Top_Student.v:103]
WARNING: [Synth 8-689] width (1) of port connection 'reset' does not match port width (7) of module 'enimate' [C:/Users/cyber/Desktop/Kashfy-EE2026-Vivado/MODS/MODS.srcs/sources_1/new/Top_Student.v:107]
WARNING: [Synth 8-350] instance 'animate_enemy' of module 'enimate' requires 28 connections, but only 24 given [C:/Users/cyber/Desktop/Kashfy-EE2026-Vivado/MODS/MODS.srcs/sources_1/new/Top_Student.v:102]
INFO: [Synth 8-6157] synthesizing module 'muffinimate' [C:/Users/cyber/Desktop/Kashfy-EE2026-Vivado/MODS/MODS.srcs/sources_1/new/muffinimate.v:23]
WARNING: [Synth 8-311] ignoring non-constant assignment in initial block [C:/Users/cyber/Desktop/Kashfy-EE2026-Vivado/MODS/MODS.srcs/sources_1/new/muffinimate.v:41]
WARNING: [Synth 8-311] ignoring non-constant assignment in initial block [C:/Users/cyber/Desktop/Kashfy-EE2026-Vivado/MODS/MODS.srcs/sources_1/new/muffinimate.v:42]
WARNING: [Synth 8-6014] Unused sequential element x_increment_reg was removed.  [C:/Users/cyber/Desktop/Kashfy-EE2026-Vivado/MODS/MODS.srcs/sources_1/new/muffinimate.v:64]
INFO: [Synth 8-6155] done synthesizing module 'muffinimate' (8#1) [C:/Users/cyber/Desktop/Kashfy-EE2026-Vivado/MODS/MODS.srcs/sources_1/new/muffinimate.v:23]
WARNING: [Synth 8-689] width (4) of port connection 'sq_width' does not match port width (7) of module 'muffinimate' [C:/Users/cyber/Desktop/Kashfy-EE2026-Vivado/MODS/MODS.srcs/sources_1/new/Top_Student.v:112]
WARNING: [Synth 8-689] width (4) of port connection 'sq_height' does not match port width (7) of module 'muffinimate' [C:/Users/cyber/Desktop/Kashfy-EE2026-Vivado/MODS/MODS.srcs/sources_1/new/Top_Student.v:112]
WARNING: [Synth 8-689] width (1) of port connection 'reset' does not match port width (7) of module 'muffinimate' [C:/Users/cyber/Desktop/Kashfy-EE2026-Vivado/MODS/MODS.srcs/sources_1/new/Top_Student.v:116]
WARNING: [Synth 8-350] instance 'animate_muffin' of module 'muffinimate' requires 28 connections, but only 24 given [C:/Users/cyber/Desktop/Kashfy-EE2026-Vivado/MODS/MODS.srcs/sources_1/new/Top_Student.v:111]
INFO: [Synth 8-6157] synthesizing module 'make_square' [C:/Users/cyber/Desktop/Kashfy-EE2026-Vivado/MODS/MODS.srcs/sources_1/new/make_square.v:23]
INFO: [Synth 8-6157] synthesizing module 'sprite_1' [C:/Users/cyber/Desktop/Kashfy-EE2026-Vivado/MODS/MODS.srcs/sources_1/new/make_square.v:83]
WARNING: [Synth 8-85] always block has no event control specified [C:/Users/cyber/Desktop/Kashfy-EE2026-Vivado/MODS/MODS.srcs/sources_1/new/make_square.v:92]
INFO: [Synth 8-6155] done synthesizing module 'sprite_1' (9#1) [C:/Users/cyber/Desktop/Kashfy-EE2026-Vivado/MODS/MODS.srcs/sources_1/new/make_square.v:83]
INFO: [Synth 8-6157] synthesizing module 'sprite_2' [C:/Users/cyber/Desktop/Kashfy-EE2026-Vivado/MODS/MODS.srcs/sources_1/new/make_square.v:104]
WARNING: [Synth 8-85] always block has no event control specified [C:/Users/cyber/Desktop/Kashfy-EE2026-Vivado/MODS/MODS.srcs/sources_1/new/make_square.v:113]
INFO: [Synth 8-6155] done synthesizing module 'sprite_2' (10#1) [C:/Users/cyber/Desktop/Kashfy-EE2026-Vivado/MODS/MODS.srcs/sources_1/new/make_square.v:104]
INFO: [Synth 8-6157] synthesizing module 'sprite_3' [C:/Users/cyber/Desktop/Kashfy-EE2026-Vivado/MODS/MODS.srcs/sources_1/new/make_square.v:125]
WARNING: [Synth 8-85] always block has no event control specified [C:/Users/cyber/Desktop/Kashfy-EE2026-Vivado/MODS/MODS.srcs/sources_1/new/make_square.v:155]
INFO: [Synth 8-6155] done synthesizing module 'sprite_3' (11#1) [C:/Users/cyber/Desktop/Kashfy-EE2026-Vivado/MODS/MODS.srcs/sources_1/new/make_square.v:125]
INFO: [Synth 8-6155] done synthesizing module 'make_square' (12#1) [C:/Users/cyber/Desktop/Kashfy-EE2026-Vivado/MODS/MODS.srcs/sources_1/new/make_square.v:23]
WARNING: [Synth 8-689] width (1) of port connection 'proj_move' does not match port width (3) of module 'make_square' [C:/Users/cyber/Desktop/Kashfy-EE2026-Vivado/MODS/MODS.srcs/sources_1/new/Top_Student.v:121]
INFO: [Synth 8-6157] synthesizing module 'Oled_Display' [C:/Users/cyber/Desktop/Kashfy-EE2026-Vivado/MODS/MODS.srcs/sources_1/imports/Desktop/Oled_Display.v:36]
	Parameter Width bound to: 96 - type: integer 
	Parameter Height bound to: 64 - type: integer 
	Parameter PixelCount bound to: 6144 - type: integer 
	Parameter PixelCountWidth bound to: 13 - type: integer 
	Parameter ClkFreq bound to: 6250000 - type: integer 
	Parameter FrameFreq bound to: 60 - type: integer 
	Parameter FrameDiv bound to: 104166 - type: integer 
	Parameter FrameDivWidth bound to: 17 - type: integer 
	Parameter PowerDelay bound to: 20 - type: integer 
	Parameter ResetDelay bound to: 3 - type: integer 
	Parameter VccEnDelay bound to: 20 - type: integer 
	Parameter StartupCompleteDelay bound to: 100 - type: integer 
	Parameter MaxDelay bound to: 100 - type: integer 
	Parameter MaxDelayCount bound to: 625000 - type: integer 
	Parameter StateCount bound to: 32 - type: integer 
	Parameter StateWidth bound to: 5 - type: integer 
	Parameter PowerUp bound to: 5'b00000 
	Parameter Reset bound to: 5'b00001 
	Parameter ReleaseReset bound to: 5'b00011 
	Parameter EnableDriver bound to: 5'b00010 
	Parameter DisplayOff bound to: 5'b00110 
	Parameter SetRemapDisplayFormat bound to: 5'b00111 
	Parameter SetStartLine bound to: 5'b00101 
	Parameter SetOffset bound to: 5'b00100 
	Parameter SetNormalDisplay bound to: 5'b01100 
	Parameter SetMultiplexRatio bound to: 5'b01101 
	Parameter SetMasterConfiguration bound to: 5'b01111 
	Parameter DisablePowerSave bound to: 5'b01110 
	Parameter SetPhaseAdjust bound to: 5'b01010 
	Parameter SetDisplayClock bound to: 5'b01011 
	Parameter SetSecondPrechargeA bound to: 5'b01001 
	Parameter SetSecondPrechargeB bound to: 5'b01000 
	Parameter SetSecondPrechargeC bound to: 5'b11000 
	Parameter SetPrechargeLevel bound to: 5'b11001 
	Parameter SetVCOMH bound to: 5'b11011 
	Parameter SetMasterCurrent bound to: 5'b11010 
	Parameter SetContrastA bound to: 5'b11110 
	Parameter SetContrastB bound to: 5'b11111 
	Parameter SetContrastC bound to: 5'b11101 
	Parameter DisableScrolling bound to: 5'b11100 
	Parameter ClearScreen bound to: 5'b10100 
	Parameter VccEn bound to: 5'b10101 
	Parameter DisplayOn bound to: 5'b10111 
	Parameter PrepareNextFrame bound to: 5'b10110 
	Parameter SetColAddress bound to: 5'b10010 
	Parameter SetRowAddress bound to: 5'b10011 
	Parameter WaitNextFrame bound to: 5'b10001 
	Parameter SendPixel bound to: 5'b10000 
	Parameter SpiCommandMaxWidth bound to: 40 - type: integer 
	Parameter SpiCommandBitCountWidth bound to: 6 - type: integer 
INFO: [Synth 8-226] default block is never used [C:/Users/cyber/Desktop/Kashfy-EE2026-Vivado/MODS/MODS.srcs/sources_1/imports/Desktop/Oled_Display.v:123]
INFO: [Synth 8-226] default block is never used [C:/Users/cyber/Desktop/Kashfy-EE2026-Vivado/MODS/MODS.srcs/sources_1/imports/Desktop/Oled_Display.v:198]
WARNING: [Synth 8-693] zero replication count - replication ignored [C:/Users/cyber/Desktop/Kashfy-EE2026-Vivado/MODS/MODS.srcs/sources_1/imports/Desktop/Oled_Display.v:346]
INFO: [Synth 8-6155] done synthesizing module 'Oled_Display' (13#1) [C:/Users/cyber/Desktop/Kashfy-EE2026-Vivado/MODS/MODS.srcs/sources_1/imports/Desktop/Oled_Display.v:36]
INFO: [Synth 8-6155] done synthesizing module 'Top_Student' (14#1) [C:/Users/cyber/Desktop/Kashfy-EE2026-Vivado/MODS/MODS.srcs/sources_1/new/Top_Student.v:14]
WARNING: [Synth 8-3331] design sprite_3 has unconnected port y_oled[6]
WARNING: [Synth 8-3331] design sprite_3 has unconnected port y_oled[5]
WARNING: [Synth 8-3331] design sprite_3 has unconnected port y_oled[4]
WARNING: [Synth 8-3331] design sprite_3 has unconnected port y_oled[3]
WARNING: [Synth 8-3331] design sprite_3 has unconnected port y_oled[2]
WARNING: [Synth 8-3331] design sprite_3 has unconnected port y_oled[1]
WARNING: [Synth 8-3331] design sprite_3 has unconnected port y_oled[0]
WARNING: [Synth 8-3331] design sprite_3 has unconnected port y_ref[6]
WARNING: [Synth 8-3331] design sprite_3 has unconnected port y_ref[5]
WARNING: [Synth 8-3331] design sprite_3 has unconnected port y_ref[4]
WARNING: [Synth 8-3331] design sprite_3 has unconnected port y_ref[3]
WARNING: [Synth 8-3331] design sprite_3 has unconnected port y_ref[2]
WARNING: [Synth 8-3331] design sprite_3 has unconnected port y_ref[1]
WARNING: [Synth 8-3331] design sprite_3 has unconnected port y_ref[0]
WARNING: [Synth 8-3331] design sprite_3 has unconnected port sprite_height[6]
WARNING: [Synth 8-3331] design sprite_3 has unconnected port sprite_height[5]
WARNING: [Synth 8-3331] design sprite_3 has unconnected port sprite_height[4]
WARNING: [Synth 8-3331] design sprite_3 has unconnected port sprite_height[3]
WARNING: [Synth 8-3331] design sprite_3 has unconnected port sprite_height[2]
WARNING: [Synth 8-3331] design sprite_3 has unconnected port sprite_height[1]
WARNING: [Synth 8-3331] design sprite_3 has unconnected port sprite_height[0]
WARNING: [Synth 8-3331] design sprite_2 has unconnected port y_oled[6]
WARNING: [Synth 8-3331] design sprite_2 has unconnected port y_oled[5]
WARNING: [Synth 8-3331] design sprite_2 has unconnected port y_oled[4]
WARNING: [Synth 8-3331] design sprite_2 has unconnected port y_oled[3]
WARNING: [Synth 8-3331] design sprite_2 has unconnected port y_oled[2]
WARNING: [Synth 8-3331] design sprite_2 has unconnected port y_oled[1]
WARNING: [Synth 8-3331] design sprite_2 has unconnected port y_oled[0]
WARNING: [Synth 8-3331] design sprite_2 has unconnected port y_ref[6]
WARNING: [Synth 8-3331] design sprite_2 has unconnected port y_ref[5]
WARNING: [Synth 8-3331] design sprite_2 has unconnected port y_ref[4]
WARNING: [Synth 8-3331] design sprite_2 has unconnected port y_ref[3]
WARNING: [Synth 8-3331] design sprite_2 has unconnected port y_ref[2]
WARNING: [Synth 8-3331] design sprite_2 has unconnected port y_ref[1]
WARNING: [Synth 8-3331] design sprite_2 has unconnected port y_ref[0]
WARNING: [Synth 8-3331] design sprite_2 has unconnected port sprite_height[6]
WARNING: [Synth 8-3331] design sprite_2 has unconnected port sprite_height[5]
WARNING: [Synth 8-3331] design sprite_2 has unconnected port sprite_height[4]
WARNING: [Synth 8-3331] design sprite_2 has unconnected port sprite_height[3]
WARNING: [Synth 8-3331] design sprite_2 has unconnected port sprite_height[2]
WARNING: [Synth 8-3331] design sprite_2 has unconnected port sprite_height[1]
WARNING: [Synth 8-3331] design sprite_2 has unconnected port sprite_height[0]
WARNING: [Synth 8-3331] design sprite_1 has unconnected port x_oled[6]
WARNING: [Synth 8-3331] design sprite_1 has unconnected port x_oled[5]
WARNING: [Synth 8-3331] design sprite_1 has unconnected port x_oled[4]
WARNING: [Synth 8-3331] design sprite_1 has unconnected port x_oled[3]
WARNING: [Synth 8-3331] design sprite_1 has unconnected port x_oled[2]
WARNING: [Synth 8-3331] design sprite_1 has unconnected port x_oled[1]
WARNING: [Synth 8-3331] design sprite_1 has unconnected port x_oled[0]
WARNING: [Synth 8-3331] design sprite_1 has unconnected port x_ref[6]
WARNING: [Synth 8-3331] design sprite_1 has unconnected port x_ref[5]
WARNING: [Synth 8-3331] design sprite_1 has unconnected port x_ref[4]
WARNING: [Synth 8-3331] design sprite_1 has unconnected port x_ref[3]
WARNING: [Synth 8-3331] design sprite_1 has unconnected port x_ref[2]
WARNING: [Synth 8-3331] design sprite_1 has unconnected port x_ref[1]
WARNING: [Synth 8-3331] design sprite_1 has unconnected port x_ref[0]
WARNING: [Synth 8-3331] design sprite_1 has unconnected port sprite_width[6]
WARNING: [Synth 8-3331] design sprite_1 has unconnected port sprite_width[5]
WARNING: [Synth 8-3331] design sprite_1 has unconnected port sprite_width[4]
WARNING: [Synth 8-3331] design sprite_1 has unconnected port sprite_width[3]
WARNING: [Synth 8-3331] design sprite_1 has unconnected port sprite_width[2]
WARNING: [Synth 8-3331] design sprite_1 has unconnected port sprite_width[1]
WARNING: [Synth 8-3331] design sprite_1 has unconnected port sprite_width[0]
WARNING: [Synth 8-3331] design make_square has unconnected port sprite_no[3]
WARNING: [Synth 8-3331] design make_square has unconnected port sprite_no[2]
WARNING: [Synth 8-3331] design make_square has unconnected port sprite_no[1]
WARNING: [Synth 8-3331] design make_square has unconnected port sprite_no[0]
WARNING: [Synth 8-3331] design make_square has unconnected port sq_colour[15]
WARNING: [Synth 8-3331] design make_square has unconnected port sq_colour[14]
WARNING: [Synth 8-3331] design make_square has unconnected port sq_colour[13]
WARNING: [Synth 8-3331] design make_square has unconnected port sq_colour[12]
WARNING: [Synth 8-3331] design make_square has unconnected port sq_colour[11]
WARNING: [Synth 8-3331] design make_square has unconnected port sq_colour[10]
WARNING: [Synth 8-3331] design make_square has unconnected port sq_colour[9]
WARNING: [Synth 8-3331] design make_square has unconnected port sq_colour[8]
WARNING: [Synth 8-3331] design make_square has unconnected port sq_colour[7]
WARNING: [Synth 8-3331] design make_square has unconnected port sq_colour[6]
WARNING: [Synth 8-3331] design make_square has unconnected port sq_colour[5]
WARNING: [Synth 8-3331] design make_square has unconnected port sq_colour[4]
WARNING: [Synth 8-3331] design make_square has unconnected port sq_colour[3]
WARNING: [Synth 8-3331] design make_square has unconnected port sq_colour[2]
WARNING: [Synth 8-3331] design make_square has unconnected port sq_colour[1]
WARNING: [Synth 8-3331] design make_square has unconnected port sq_colour[0]
WARNING: [Synth 8-3331] design make_square has unconnected port sq_colour2[15]
WARNING: [Synth 8-3331] design make_square has unconnected port sq_colour2[14]
WARNING: [Synth 8-3331] design make_square has unconnected port sq_colour2[13]
WARNING: [Synth 8-3331] design make_square has unconnected port sq_colour2[12]
WARNING: [Synth 8-3331] design make_square has unconnected port sq_colour2[11]
WARNING: [Synth 8-3331] design make_square has unconnected port sq_colour2[10]
WARNING: [Synth 8-3331] design make_square has unconnected port sq_colour2[9]
WARNING: [Synth 8-3331] design make_square has unconnected port sq_colour2[8]
WARNING: [Synth 8-3331] design make_square has unconnected port sq_colour2[7]
WARNING: [Synth 8-3331] design make_square has unconnected port sq_colour2[6]
WARNING: [Synth 8-3331] design make_square has unconnected port sq_colour2[5]
WARNING: [Synth 8-3331] design make_square has unconnected port sq_colour2[4]
WARNING: [Synth 8-3331] design make_square has unconnected port sq_colour2[3]
WARNING: [Synth 8-3331] design make_square has unconnected port sq_colour2[2]
WARNING: [Synth 8-3331] design make_square has unconnected port sq_colour2[1]
WARNING: [Synth 8-3331] design make_square has unconnected port sq_colour2[0]
WARNING: [Synth 8-3331] design make_square has unconnected port sq_colour3[15]
INFO: [Common 17-14] Message 'Synth 8-3331' appears 100 times and further instances of the messages will be disabled. Use the Tcl command set_msg_config to change the current settings.
---------------------------------------------------------------------------------
Finished RTL Elaboration : Time (s): cpu = 00:00:02 ; elapsed = 00:00:03 . Memory (MB): peak = 414.379 ; gain = 154.398
---------------------------------------------------------------------------------

Report Check Netlist: 
+------+------------------+-------+---------+-------+------------------+
|      |Item              |Errors |Warnings |Status |Description       |
+------+------------------+-------+---------+-------+------------------+
|1     |multi_driven_nets |      0|        0|Passed |Multi driven nets |
+------+------------------+-------+---------+-------+------------------+
---------------------------------------------------------------------------------
Start Handling Custom Attributes
---------------------------------------------------------------------------------
---------------------------------------------------------------------------------
Finished Handling Custom Attributes : Time (s): cpu = 00:00:02 ; elapsed = 00:00:03 . Memory (MB): peak = 414.379 ; gain = 154.398
---------------------------------------------------------------------------------
---------------------------------------------------------------------------------
Finished RTL Optimization Phase 1 : Time (s): cpu = 00:00:02 ; elapsed = 00:00:03 . Memory (MB): peak = 414.379 ; gain = 154.398
---------------------------------------------------------------------------------
INFO: [Device 21-403] Loading part xc7a35tcpg236-1
INFO: [Project 1-570] Preparing netlist for logic optimization

Processing XDC Constraints
Initializing timing engine
Parsing XDC File [C:/Users/cyber/Desktop/Kashfy-EE2026-Vivado/MODS/MODS.srcs/constrs_1/new/konstrens.xdc]
WARNING: [Vivado 12-584] No ports matched 'PS2Clk'. [C:/Users/cyber/Desktop/Kashfy-EE2026-Vivado/MODS/MODS.srcs/constrs_1/new/konstrens.xdc:138]
CRITICAL WARNING: [Common 17-55] 'set_property' expects at least one object. [C:/Users/cyber/Desktop/Kashfy-EE2026-Vivado/MODS/MODS.srcs/constrs_1/new/konstrens.xdc:138]
Resolution: If [get_<value>] was used to populate the object, check to make sure this command returns at least one valid object.
WARNING: [Vivado 12-584] No ports matched 'PS2Data'. [C:/Users/cyber/Desktop/Kashfy-EE2026-Vivado/MODS/MODS.srcs/constrs_1/new/konstrens.xdc:139]
CRITICAL WARNING: [Common 17-55] 'set_property' expects at least one object. [C:/Users/cyber/Desktop/Kashfy-EE2026-Vivado/MODS/MODS.srcs/constrs_1/new/konstrens.xdc:139]
Resolution: If [get_<value>] was used to populate the object, check to make sure this command returns at least one valid object.
Finished Parsing XDC File [C:/Users/cyber/Desktop/Kashfy-EE2026-Vivado/MODS/MODS.srcs/constrs_1/new/konstrens.xdc]
INFO: [Project 1-236] Implementation specific constraints were found while reading constraint file [C:/Users/cyber/Desktop/Kashfy-EE2026-Vivado/MODS/MODS.srcs/constrs_1/new/konstrens.xdc]. These constraints will be ignored for synthesis but will be used in implementation. Impacted constraints are listed in the file [.Xil/Top_Student_propImpl.xdc].
Resolution: To avoid this warning, move constraints listed in [.Xil/Top_Student_propImpl.xdc] to another XDC file and exclude this new file from synthesis with the used_in_synthesis property (File Properties dialog in GUI) and re-run elaboration/synthesis.
Completed Processing XDC Constraints

INFO: [Project 1-111] Unisim Transformation Summary:
No Unisim elements were transformed.

Constraint Validation Runtime : Time (s): cpu = 00:00:00 ; elapsed = 00:00:00.005 . Memory (MB): peak = 762.488 ; gain = 0.000
---------------------------------------------------------------------------------
Finished Constraint Validation : Time (s): cpu = 00:00:06 ; elapsed = 00:00:12 . Memory (MB): peak = 762.488 ; gain = 502.508
---------------------------------------------------------------------------------
---------------------------------------------------------------------------------
Start Loading Part and Timing Information
---------------------------------------------------------------------------------
Loading part: xc7a35tcpg236-1
---------------------------------------------------------------------------------
Finished Loading Part and Timing Information : Time (s): cpu = 00:00:06 ; elapsed = 00:00:12 . Memory (MB): peak = 762.488 ; gain = 502.508
---------------------------------------------------------------------------------
---------------------------------------------------------------------------------
Start Applying 'set_property' XDC Constraints
---------------------------------------------------------------------------------
---------------------------------------------------------------------------------
Finished applying 'set_property' XDC Constraints : Time (s): cpu = 00:00:06 ; elapsed = 00:00:12 . Memory (MB): peak = 762.488 ; gain = 502.508
---------------------------------------------------------------------------------
INFO: [Synth 8-5545] ROM "slow_clk0" won't be mapped to RAM because address size (32) is larger than maximum supported(25)
INFO: [Synth 8-5546] ROM "is_y_stat0" won't be mapped to RAM because it is too sparse
INFO: [Synth 8-5546] ROM "is_y_stat0" won't be mapped to RAM because it is too sparse
INFO: [Synth 8-5544] ROM "sprite_no" won't be mapped to Block RAM because address size (1) smaller than threshold (5)
INFO: [Synth 8-5544] ROM "proj_move0" won't be mapped to Block RAM because address size (1) smaller than threshold (5)
INFO: [Synth 8-5546] ROM "is_y_stat0" won't be mapped to RAM because it is too sparse
INFO: [Synth 8-5546] ROM "is_y_stat0" won't be mapped to RAM because it is too sparse
INFO: [Synth 8-5546] ROM "stop_falling" won't be mapped to RAM because it is too sparse
INFO: [Synth 8-5546] ROM "stop_falling" won't be mapped to RAM because it is too sparse
INFO: [Synth 8-802] inferred FSM for state register 'state_reg' in module 'Oled_Display'
INFO: [Synth 8-5546] ROM "fsm_next_state0" won't be mapped to RAM because it is too sparse
INFO: [Synth 8-5544] ROM "fsm_next_state0" won't be mapped to Block RAM because address size (1) smaller than threshold (5)
INFO: [Synth 8-5546] ROM "fsm_next_state0" won't be mapped to RAM because it is too sparse
---------------------------------------------------------------------------------------------------
                   State |                     New Encoding |                Previous Encoding 
---------------------------------------------------------------------------------------------------
                 PowerUp | 00000000100000000000000000000000 |                            00000
                   Reset | 00000000000100000000000000000000 |                            00001
            ReleaseReset | 00000000000000000000100000000000 |                            00011
            EnableDriver | 00000000000000000001000000000000 |                            00010
              DisplayOff | 00000000000000000100000000000000 |                            00110
   SetRemapDisplayFormat | 00000100000000000000000000000000 |                            00111
            SetStartLine | 00001000000000000000000000000000 |                            00101
               SetOffset | 10000000000000000000000000000000 |                            00100
        SetNormalDisplay | 00000000000000000000000010000000 |                            01100
       SetMultiplexRatio | 00000000000000000000000000100000 |                            01101
  SetMasterConfiguration | 00000000000000000000000001000000 |                            01111
        DisablePowerSave | 00000000000000000000000000000100 |                            01110
          SetPhaseAdjust | 00000000000000000000000000001000 |                            01010
         SetDisplayClock | 00000000001000000000000000000000 |                            01011
     SetSecondPrechargeA | 00000000010000000000000000000000 |                            01001
     SetSecondPrechargeB | 01000000000000000000000000000000 |                            01000
     SetSecondPrechargeC | 00000010000000000000000000000000 |                            11000
       SetPrechargeLevel | 00000001000000000000000000000000 |                            11001
                SetVCOMH | 00000000000000010000000000000000 |                            11011
        SetMasterCurrent | 00000000000000100000000000000000 |                            11010
            SetContrastA | 00000000000001000000000000000000 |                            11110
            SetContrastB | 00100000000000000000000000000000 |                            11111
            SetContrastC | 00000000000000000000000000000001 |                            11101
        DisableScrolling | 00000000000000000000000000000010 |                            11100
             ClearScreen | 00000000000000000000000000010000 |                            10100
                   VccEn | 00010000000000000000000000000000 |                            10101
               DisplayOn | 00000000000010000000000000000000 |                            10111
        PrepareNextFrame | 00000000000000001000000000000000 |                            10110
           SetColAddress | 00000000000000000000010000000000 |                            10010
           SetRowAddress | 00000000000000000000000100000000 |                            10011
           WaitNextFrame | 00000000000000000000001000000000 |                            10001
               SendPixel | 00000000000000000010000000000000 |                            10000
---------------------------------------------------------------------------------------------------
INFO: [Synth 8-3354] encoded FSM with state register 'state_reg' using encoding 'one-hot' in module 'Oled_Display'
---------------------------------------------------------------------------------
Finished RTL Optimization Phase 2 : Time (s): cpu = 00:00:07 ; elapsed = 00:00:13 . Memory (MB): peak = 762.488 ; gain = 502.508
---------------------------------------------------------------------------------
INFO: [Synth 8-223] decloning instance 'clk_6p25MHz' (flexy_clock) to 'clk_25MHz'

Report RTL Partitions: 
+-+--------------+------------+----------+
| |RTL Partition |Replication |Instances |
+-+--------------+------------+----------+
+-+--------------+------------+----------+
---------------------------------------------------------------------------------
Start RTL Component Statistics 
---------------------------------------------------------------------------------
Detailed RTL Component Info : 
+---Adders : 
	   4 Input     33 Bit       Adders := 3     
	   2 Input     32 Bit       Adders := 11    
	   3 Input     32 Bit       Adders := 8     
	   2 Input     17 Bit       Adders := 1     
	   2 Input      9 Bit       Adders := 5     
	   3 Input      9 Bit       Adders := 1     
	   4 Input      9 Bit       Adders := 1     
	   2 Input      8 Bit       Adders := 11    
	   3 Input      8 Bit       Adders := 19    
	   2 Input      7 Bit       Adders := 59    
	   3 Input      7 Bit       Adders := 1     
	   2 Input      6 Bit       Adders := 1     
	   2 Input      3 Bit       Adders := 1     
+---Registers : 
	               40 Bit    Registers := 1     
	               32 Bit    Registers := 8     
	               17 Bit    Registers := 1     
	               16 Bit    Registers := 4     
	                7 Bit    Registers := 13    
	                6 Bit    Registers := 1     
	                3 Bit    Registers := 3     
	                2 Bit    Registers := 1     
	                1 Bit    Registers := 15    
+---Muxes : 
	   2 Input     40 Bit        Muxes := 3     
	   2 Input     32 Bit        Muxes := 22    
	   3 Input     32 Bit        Muxes := 1     
	  32 Input     32 Bit        Muxes := 1     
	  32 Input     20 Bit        Muxes := 1     
	   2 Input     17 Bit        Muxes := 1     
	   2 Input     16 Bit        Muxes := 11    
	   3 Input     16 Bit        Muxes := 1     
	   2 Input     11 Bit        Muxes := 2     
	   2 Input      7 Bit        Muxes := 53    
	  10 Input      7 Bit        Muxes := 2     
	   6 Input      7 Bit        Muxes := 1     
	   3 Input      7 Bit        Muxes := 1     
	   7 Input      7 Bit        Muxes := 1     
	  32 Input      6 Bit        Muxes := 1     
	   2 Input      6 Bit        Muxes := 1     
	   2 Input      5 Bit        Muxes := 2     
	  32 Input      5 Bit        Muxes := 1     
	   2 Input      3 Bit        Muxes := 4     
	   2 Input      2 Bit        Muxes := 4     
	   3 Input      2 Bit        Muxes := 3     
	   2 Input      1 Bit        Muxes := 9     
	   3 Input      1 Bit        Muxes := 1     
	   5 Input      1 Bit        Muxes := 1     
---------------------------------------------------------------------------------
Finished RTL Component Statistics 
---------------------------------------------------------------------------------
---------------------------------------------------------------------------------
Start RTL Hierarchical Component Statistics 
---------------------------------------------------------------------------------
Hierarchical RTL Component report 
Module flexy_clock 
Detailed RTL Component Info : 
+---Registers : 
	                1 Bit    Registers := 1     
+---Muxes : 
	   2 Input      1 Bit        Muxes := 1     
Module direction_mux 
Detailed RTL Component Info : 
+---Registers : 
	                7 Bit    Registers := 2     
+---Muxes : 
	   2 Input      7 Bit        Muxes := 3     
Module animate 
Detailed RTL Component Info : 
+---Adders : 
	   4 Input     33 Bit       Adders := 1     
	   2 Input     32 Bit       Adders := 4     
	   3 Input     32 Bit       Adders := 3     
	   2 Input      9 Bit       Adders := 2     
	   2 Input      8 Bit       Adders := 3     
	   2 Input      7 Bit       Adders := 11    
+---Registers : 
	               32 Bit    Registers := 3     
	               16 Bit    Registers := 1     
	                7 Bit    Registers := 3     
	                2 Bit    Registers := 1     
	                1 Bit    Registers := 2     
+---Muxes : 
	   2 Input     32 Bit        Muxes := 13    
	   2 Input      7 Bit        Muxes := 10    
	  10 Input      7 Bit        Muxes := 1     
	   6 Input      7 Bit        Muxes := 1     
	   2 Input      2 Bit        Muxes := 2     
	   3 Input      2 Bit        Muxes := 1     
Module hero_damage 
Detailed RTL Component Info : 
+---Adders : 
	   2 Input     32 Bit       Adders := 1     
+---Registers : 
	               32 Bit    Registers := 1     
	                3 Bit    Registers := 1     
+---Muxes : 
	   3 Input     32 Bit        Muxes := 1     
	   2 Input     32 Bit        Muxes := 1     
	   2 Input      3 Bit        Muxes := 3     
	   3 Input      2 Bit        Muxes := 1     
Module touch_muff 
Detailed RTL Component Info : 
+---Adders : 
	   2 Input      3 Bit       Adders := 1     
+---Registers : 
	                3 Bit    Registers := 2     
+---Muxes : 
	   2 Input      3 Bit        Muxes := 1     
Module projectile_animate 
Detailed RTL Component Info : 
+---Adders : 
	   3 Input     32 Bit       Adders := 1     
	   3 Input      9 Bit       Adders := 1     
	   3 Input      8 Bit       Adders := 2     
	   2 Input      7 Bit       Adders := 9     
	   3 Input      7 Bit       Adders := 1     
+---Registers : 
	                7 Bit    Registers := 3     
	                1 Bit    Registers := 1     
+---Muxes : 
	   2 Input      7 Bit        Muxes := 12    
	   3 Input      7 Bit        Muxes := 1     
	   3 Input      2 Bit        Muxes := 1     
Module enimate 
Detailed RTL Component Info : 
+---Adders : 
	   4 Input     33 Bit       Adders := 1     
	   2 Input     32 Bit       Adders := 4     
	   3 Input     32 Bit       Adders := 3     
	   2 Input      9 Bit       Adders := 2     
	   2 Input      8 Bit       Adders := 3     
	   3 Input      8 Bit       Adders := 2     
	   2 Input      7 Bit       Adders := 16    
+---Registers : 
	               32 Bit    Registers := 3     
	               16 Bit    Registers := 1     
	                7 Bit    Registers := 2     
	                1 Bit    Registers := 2     
+---Muxes : 
	   2 Input     32 Bit        Muxes := 5     
	   2 Input      7 Bit        Muxes := 4     
	  10 Input      7 Bit        Muxes := 1     
	   7 Input      7 Bit        Muxes := 1     
	   2 Input      2 Bit        Muxes := 2     
Module muffinimate 
Detailed RTL Component Info : 
+---Adders : 
	   4 Input     33 Bit       Adders := 1     
	   2 Input     32 Bit       Adders := 2     
	   3 Input     32 Bit       Adders := 1     
	   2 Input      9 Bit       Adders := 1     
	   2 Input      8 Bit       Adders := 2     
	   3 Input      8 Bit       Adders := 3     
	   2 Input      7 Bit       Adders := 11    
+---Registers : 
	               32 Bit    Registers := 1     
	               16 Bit    Registers := 1     
	                7 Bit    Registers := 3     
	                1 Bit    Registers := 3     
+---Muxes : 
	   2 Input     32 Bit        Muxes := 1     
	   2 Input      7 Bit        Muxes := 24    
	   3 Input      1 Bit        Muxes := 1     
Module sprite_1 
Detailed RTL Component Info : 
+---Adders : 
	   4 Input      9 Bit       Adders := 1     
	   2 Input      8 Bit       Adders := 1     
+---Muxes : 
	   2 Input     16 Bit        Muxes := 1     
	   2 Input     11 Bit        Muxes := 1     
Module sprite_2 
Detailed RTL Component Info : 
+---Adders : 
	   2 Input      8 Bit       Adders := 1     
+---Muxes : 
	   3 Input     16 Bit        Muxes := 1     
Module sprite_3 
Detailed RTL Component Info : 
+---Adders : 
	   2 Input      8 Bit       Adders := 1     
+---Muxes : 
	   2 Input     16 Bit        Muxes := 2     
	   2 Input     11 Bit        Muxes := 1     
Module make_square 
Detailed RTL Component Info : 
+---Adders : 
	   3 Input      8 Bit       Adders := 12    
	   2 Input      7 Bit       Adders := 12    
+---Registers : 
	               16 Bit    Registers := 1     
+---Muxes : 
	   2 Input     16 Bit        Muxes := 8     
	   5 Input      1 Bit        Muxes := 1     
Module Oled_Display 
Detailed RTL Component Info : 
+---Adders : 
	   2 Input     17 Bit       Adders := 1     
	   2 Input      6 Bit       Adders := 1     
+---Registers : 
	               40 Bit    Registers := 1     
	               17 Bit    Registers := 1     
	                6 Bit    Registers := 1     
+---Muxes : 
	   2 Input     40 Bit        Muxes := 3     
	  32 Input     32 Bit        Muxes := 1     
	   2 Input     32 Bit        Muxes := 2     
	  32 Input     20 Bit        Muxes := 1     
	   2 Input     17 Bit        Muxes := 1     
	  32 Input      6 Bit        Muxes := 1     
	   2 Input      6 Bit        Muxes := 1     
	   2 Input      5 Bit        Muxes := 2     
	  32 Input      5 Bit        Muxes := 1     
	   2 Input      1 Bit        Muxes := 2     
---------------------------------------------------------------------------------
Finished RTL Hierarchical Component Statistics
---------------------------------------------------------------------------------
---------------------------------------------------------------------------------
Start Part Resource Summary
---------------------------------------------------------------------------------
Part Resources:
DSPs: 90 (col length:60)
BRAMs: 100 (col length: RAMB18 60 RAMB36 30)
---------------------------------------------------------------------------------
Finished Part Resource Summary
---------------------------------------------------------------------------------
---------------------------------------------------------------------------------
Start Cross Boundary and Area Optimization
---------------------------------------------------------------------------------
Warning: Parallel synthesis criteria is not met 
INFO: [Synth 8-5545] ROM "slow_clk0" won't be mapped to RAM because address size (32) is larger than maximum supported(25)
INFO: [Synth 8-5545] ROM "slow_clk0" won't be mapped to RAM because address size (32) is larger than maximum supported(25)
INFO: [Synth 8-5546] ROM "is_y_stat0" won't be mapped to RAM because it is too sparse
INFO: [Synth 8-5545] ROM "nolabel_line36/slow_clk0" won't be mapped to RAM because address size (32) is larger than maximum supported(25)
INFO: [Synth 8-5545] ROM "nolabel_line29/slow_clk0" won't be mapped to RAM because address size (32) is larger than maximum supported(25)
INFO: [Synth 8-5545] ROM "get_fps_clock/slow_clk0" won't be mapped to RAM because address size (32) is larger than maximum supported(25)
INFO: [Synth 8-5545] ROM "slow_clk0" won't be mapped to RAM because address size (32) is larger than maximum supported(25)
INFO: [Synth 8-5546] ROM "is_y_stat0" won't be mapped to RAM because it is too sparse
INFO: [Synth 8-5545] ROM "get_fps_clock/slow_clk0" won't be mapped to RAM because address size (32) is larger than maximum supported(25)
INFO: [Synth 8-5546] ROM "fsm_next_state0" won't be mapped to RAM because it is too sparse
INFO: [Synth 8-5546] ROM "fsm_next_state0" won't be mapped to RAM because it is too sparse
INFO: [Synth 8-3886] merging instance 'draw_sq/oled_data_reg[0]' (FDE) to 'draw_sq/oled_data_reg[4]'
INFO: [Synth 8-3886] merging instance 'draw_sq/oled_data_reg[1]' (FDE) to 'draw_sq/oled_data_reg[4]'
INFO: [Synth 8-3886] merging instance 'draw_sq/oled_data_reg[2]' (FDE) to 'draw_sq/oled_data_reg[4]'
INFO: [Synth 8-3886] merging instance 'draw_sq/oled_data_reg[3]' (FDE) to 'draw_sq/oled_data_reg[4]'
INFO: [Synth 8-3886] merging instance 'draw_sq/oled_data_reg[5]' (FDE) to 'draw_sq/oled_data_reg[10]'
INFO: [Synth 8-3886] merging instance 'draw_sq/oled_data_reg[6]' (FDE) to 'draw_sq/oled_data_reg[10]'
INFO: [Synth 8-3886] merging instance 'draw_sq/oled_data_reg[7]' (FDE) to 'draw_sq/oled_data_reg[10]'
INFO: [Synth 8-3886] merging instance 'draw_sq/oled_data_reg[8]' (FDE) to 'draw_sq/oled_data_reg[10]'
INFO: [Synth 8-3886] merging instance 'draw_sq/oled_data_reg[9]' (FDE) to 'draw_sq/oled_data_reg[10]'
INFO: [Synth 8-3886] merging instance 'draw_sq/oled_data_reg[11]' (FDE) to 'draw_sq/oled_data_reg[15]'
INFO: [Synth 8-3886] merging instance 'draw_sq/oled_data_reg[12]' (FDE) to 'draw_sq/oled_data_reg[15]'
INFO: [Synth 8-3886] merging instance 'draw_sq/oled_data_reg[13]' (FDE) to 'draw_sq/oled_data_reg[15]'
INFO: [Synth 8-3886] merging instance 'choose_direction/y_vect_reg[1]' (FDSE) to 'choose_direction/y_vect_reg[2]'
INFO: [Synth 8-3886] merging instance 'choose_direction/y_vect_reg[2]' (FDSE) to 'choose_direction/y_vect_reg[3]'
INFO: [Synth 8-3886] merging instance 'choose_direction/y_vect_reg[3]' (FDSE) to 'choose_direction/y_vect_reg[4]'
INFO: [Synth 8-3886] merging instance 'choose_direction/y_vect_reg[4]' (FDSE) to 'choose_direction/y_vect_reg[5]'
INFO: [Synth 8-3886] merging instance 'choose_direction/y_vect_reg[5]' (FDSE) to 'choose_direction/y_vect_reg[6]'
INFO: [Synth 8-3886] merging instance 'choose_direction/x_vect_reg[6]' (FD) to 'choose_direction/x_vect_reg[1]'
INFO: [Synth 8-3886] merging instance 'choose_direction/x_vect_reg[5]' (FD) to 'choose_direction/x_vect_reg[1]'
INFO: [Synth 8-3886] merging instance 'choose_direction/x_vect_reg[4]' (FD) to 'choose_direction/x_vect_reg[1]'
INFO: [Synth 8-3886] merging instance 'choose_direction/x_vect_reg[3]' (FD) to 'choose_direction/x_vect_reg[1]'
INFO: [Synth 8-3886] merging instance 'choose_direction/x_vect_reg[2]' (FD) to 'choose_direction/x_vect_reg[1]'
INFO: [Synth 8-3886] merging instance 'draw_sq/oled_data_reg[14]' (FDE) to 'draw_sq/oled_data_reg[15]'
WARNING: [Synth 8-3332] Sequential element (center_sq_colour_reg[15]) is unused and will be removed from module animate.
WARNING: [Synth 8-3332] Sequential element (center_sq_colour_reg[14]) is unused and will be removed from module animate.
WARNING: [Synth 8-3332] Sequential element (center_sq_colour_reg[13]) is unused and will be removed from module animate.
WARNING: [Synth 8-3332] Sequential element (center_sq_colour_reg[12]) is unused and will be removed from module animate.
WARNING: [Synth 8-3332] Sequential element (center_sq_colour_reg[11]) is unused and will be removed from module animate.
WARNING: [Synth 8-3332] Sequential element (center_sq_colour_reg[10]) is unused and will be removed from module animate.
WARNING: [Synth 8-3332] Sequential element (center_sq_colour_reg[9]) is unused and will be removed from module animate.
WARNING: [Synth 8-3332] Sequential element (center_sq_colour_reg[8]) is unused and will be removed from module animate.
WARNING: [Synth 8-3332] Sequential element (center_sq_colour_reg[7]) is unused and will be removed from module animate.
WARNING: [Synth 8-3332] Sequential element (center_sq_colour_reg[6]) is unused and will be removed from module animate.
WARNING: [Synth 8-3332] Sequential element (center_sq_colour_reg[5]) is unused and will be removed from module animate.
WARNING: [Synth 8-3332] Sequential element (center_sq_colour_reg[4]) is unused and will be removed from module animate.
WARNING: [Synth 8-3332] Sequential element (center_sq_colour_reg[3]) is unused and will be removed from module animate.
WARNING: [Synth 8-3332] Sequential element (center_sq_colour_reg[2]) is unused and will be removed from module animate.
WARNING: [Synth 8-3332] Sequential element (center_sq_colour_reg[1]) is unused and will be removed from module animate.
WARNING: [Synth 8-3332] Sequential element (center_sq_colour_reg[0]) is unused and will be removed from module animate.
WARNING: [Synth 8-3332] Sequential element (sprite_no_reg[1]) is unused and will be removed from module animate.
WARNING: [Synth 8-3332] Sequential element (sprite_no_reg[0]) is unused and will be removed from module animate.
WARNING: [Synth 8-3332] Sequential element (jump_time_reg[31]) is unused and will be removed from module enimate.
WARNING: [Synth 8-3332] Sequential element (jump_time_reg[30]) is unused and will be removed from module enimate.
WARNING: [Synth 8-3332] Sequential element (jump_time_reg[29]) is unused and will be removed from module enimate.
WARNING: [Synth 8-3332] Sequential element (jump_time_reg[28]) is unused and will be removed from module enimate.
WARNING: [Synth 8-3332] Sequential element (jump_time_reg[27]) is unused and will be removed from module enimate.
WARNING: [Synth 8-3332] Sequential element (jump_time_reg[26]) is unused and will be removed from module enimate.
WARNING: [Synth 8-3332] Sequential element (jump_time_reg[25]) is unused and will be removed from module enimate.
WARNING: [Synth 8-3332] Sequential element (jump_time_reg[24]) is unused and will be removed from module enimate.
WARNING: [Synth 8-3332] Sequential element (jump_time_reg[23]) is unused and will be removed from module enimate.
WARNING: [Synth 8-3332] Sequential element (jump_time_reg[22]) is unused and will be removed from module enimate.
WARNING: [Synth 8-3332] Sequential element (jump_time_reg[21]) is unused and will be removed from module enimate.
WARNING: [Synth 8-3332] Sequential element (jump_time_reg[20]) is unused and will be removed from module enimate.
WARNING: [Synth 8-3332] Sequential element (jump_time_reg[19]) is unused and will be removed from module enimate.
WARNING: [Synth 8-3332] Sequential element (jump_time_reg[18]) is unused and will be removed from module enimate.
WARNING: [Synth 8-3332] Sequential element (jump_time_reg[17]) is unused and will be removed from module enimate.
WARNING: [Synth 8-3332] Sequential element (jump_time_reg[16]) is unused and will be removed from module enimate.
WARNING: [Synth 8-3332] Sequential element (jump_time_reg[15]) is unused and will be removed from module enimate.
WARNING: [Synth 8-3332] Sequential element (jump_time_reg[14]) is unused and will be removed from module enimate.
WARNING: [Synth 8-3332] Sequential element (jump_time_reg[13]) is unused and will be removed from module enimate.
WARNING: [Synth 8-3332] Sequential element (jump_time_reg[12]) is unused and will be removed from module enimate.
WARNING: [Synth 8-3332] Sequential element (jump_time_reg[11]) is unused and will be removed from module enimate.
WARNING: [Synth 8-3332] Sequential element (jump_time_reg[10]) is unused and will be removed from module enimate.
WARNING: [Synth 8-3332] Sequential element (jump_time_reg[9]) is unused and will be removed from module enimate.
WARNING: [Synth 8-3332] Sequential element (jump_time_reg[8]) is unused and will be removed from module enimate.
WARNING: [Synth 8-3332] Sequential element (jump_time_reg[7]) is unused and will be removed from module enimate.
WARNING: [Synth 8-3332] Sequential element (jump_time_reg[6]) is unused and will be removed from module enimate.
WARNING: [Synth 8-3332] Sequential element (jump_time_reg[5]) is unused and will be removed from module enimate.
WARNING: [Synth 8-3332] Sequential element (jump_time_reg[4]) is unused and will be removed from module enimate.
WARNING: [Synth 8-3332] Sequential element (jump_time_reg[3]) is unused and will be removed from module enimate.
WARNING: [Synth 8-3332] Sequential element (jump_time_reg[2]) is unused and will be removed from module enimate.
WARNING: [Synth 8-3332] Sequential element (jump_time_reg[1]) is unused and will be removed from module enimate.
WARNING: [Synth 8-3332] Sequential element (jump_time_reg[0]) is unused and will be removed from module enimate.
WARNING: [Synth 8-3332] Sequential element (center_sq_colour_reg[15]) is unused and will be removed from module enimate.
WARNING: [Synth 8-3332] Sequential element (center_sq_colour_reg[14]) is unused and will be removed from module enimate.
WARNING: [Synth 8-3332] Sequential element (center_sq_colour_reg[13]) is unused and will be removed from module enimate.
WARNING: [Synth 8-3332] Sequential element (center_sq_colour_reg[12]) is unused and will be removed from module enimate.
WARNING: [Synth 8-3332] Sequential element (center_sq_colour_reg[11]) is unused and will be removed from module enimate.
WARNING: [Synth 8-3332] Sequential element (center_sq_colour_reg[10]) is unused and will be removed from module enimate.
WARNING: [Synth 8-3332] Sequential element (center_sq_colour_reg[9]) is unused and will be removed from module enimate.
WARNING: [Synth 8-3332] Sequential element (center_sq_colour_reg[8]) is unused and will be removed from module enimate.
WARNING: [Synth 8-3332] Sequential element (center_sq_colour_reg[7]) is unused and will be removed from module enimate.
WARNING: [Synth 8-3332] Sequential element (center_sq_colour_reg[6]) is unused and will be removed from module enimate.
WARNING: [Synth 8-3332] Sequential element (center_sq_colour_reg[5]) is unused and will be removed from module enimate.
WARNING: [Synth 8-3332] Sequential element (center_sq_colour_reg[4]) is unused and will be removed from module enimate.
WARNING: [Synth 8-3332] Sequential element (center_sq_colour_reg[3]) is unused and will be removed from module enimate.
WARNING: [Synth 8-3332] Sequential element (center_sq_colour_reg[2]) is unused and will be removed from module enimate.
WARNING: [Synth 8-3332] Sequential element (center_sq_colour_reg[1]) is unused and will be removed from module enimate.
WARNING: [Synth 8-3332] Sequential element (center_sq_colour_reg[0]) is unused and will be removed from module enimate.
WARNING: [Synth 8-3332] Sequential element (center_sq_colour_reg[15]) is unused and will be removed from module muffinimate.
WARNING: [Synth 8-3332] Sequential element (center_sq_colour_reg[14]) is unused and will be removed from module muffinimate.
WARNING: [Synth 8-3332] Sequential element (center_sq_colour_reg[13]) is unused and will be removed from module muffinimate.
WARNING: [Synth 8-3332] Sequential element (center_sq_colour_reg[12]) is unused and will be removed from module muffinimate.
WARNING: [Synth 8-3332] Sequential element (center_sq_colour_reg[11]) is unused and will be removed from module muffinimate.
WARNING: [Synth 8-3332] Sequential element (center_sq_colour_reg[10]) is unused and will be removed from module muffinimate.
WARNING: [Synth 8-3332] Sequential element (center_sq_colour_reg[9]) is unused and will be removed from module muffinimate.
WARNING: [Synth 8-3332] Sequential element (center_sq_colour_reg[8]) is unused and will be removed from module muffinimate.
WARNING: [Synth 8-3332] Sequential element (center_sq_colour_reg[7]) is unused and will be removed from module muffinimate.
WARNING: [Synth 8-3332] Sequential element (center_sq_colour_reg[6]) is unused and will be removed from module muffinimate.
WARNING: [Synth 8-3332] Sequential element (center_sq_colour_reg[5]) is unused and will be removed from module muffinimate.
WARNING: [Synth 8-3332] Sequential element (center_sq_colour_reg[4]) is unused and will be removed from module muffinimate.
WARNING: [Synth 8-3332] Sequential element (center_sq_colour_reg[3]) is unused and will be removed from module muffinimate.
WARNING: [Synth 8-3332] Sequential element (center_sq_colour_reg[2]) is unused and will be removed from module muffinimate.
WARNING: [Synth 8-3332] Sequential element (center_sq_colour_reg[1]) is unused and will be removed from module muffinimate.
WARNING: [Synth 8-3332] Sequential element (center_sq_colour_reg[0]) is unused and will be removed from module muffinimate.
---------------------------------------------------------------------------------
Finished Cross Boundary and Area Optimization : Time (s): cpu = 00:00:14 ; elapsed = 00:00:27 . Memory (MB): peak = 762.488 ; gain = 502.508
---------------------------------------------------------------------------------

Report RTL Partitions: 
+-+--------------+------------+----------+
| |RTL Partition |Replication |Instances |
+-+--------------+------------+----------+
+-+--------------+------------+----------+
---------------------------------------------------------------------------------
Start Applying XDC Timing Constraints
---------------------------------------------------------------------------------
---------------------------------------------------------------------------------
Finished Applying XDC Timing Constraints : Time (s): cpu = 00:00:18 ; elapsed = 00:00:34 . Memory (MB): peak = 762.488 ; gain = 502.508
---------------------------------------------------------------------------------
---------------------------------------------------------------------------------
Start Timing Optimization
---------------------------------------------------------------------------------
---------------------------------------------------------------------------------
Finished Timing Optimization : Time (s): cpu = 00:00:18 ; elapsed = 00:00:34 . Memory (MB): peak = 783.832 ; gain = 523.852
---------------------------------------------------------------------------------

Report RTL Partitions: 
+-+--------------+------------+----------+
| |RTL Partition |Replication |Instances |
+-+--------------+------------+----------+
+-+--------------+------------+----------+
---------------------------------------------------------------------------------
Start Technology Mapping
---------------------------------------------------------------------------------
WARNING: [Synth 8-3332] Sequential element (animate_hero/jump_time_reg[31]) is unused and will be removed from module Top_Student.
WARNING: [Synth 8-3332] Sequential element (animate_hero/jump_time_reg[30]) is unused and will be removed from module Top_Student.
WARNING: [Synth 8-3332] Sequential element (animate_hero/jump_time_reg[29]) is unused and will be removed from module Top_Student.
WARNING: [Synth 8-3332] Sequential element (animate_hero/jump_time_reg[28]) is unused and will be removed from module Top_Student.
WARNING: [Synth 8-3332] Sequential element (animate_hero/jump_time_reg[27]) is unused and will be removed from module Top_Student.
WARNING: [Synth 8-3332] Sequential element (animate_hero/jump_time_reg[26]) is unused and will be removed from module Top_Student.
WARNING: [Synth 8-3332] Sequential element (animate_hero/jump_time_reg[25]) is unused and will be removed from module Top_Student.
WARNING: [Synth 8-3332] Sequential element (animate_hero/jump_time_reg[24]) is unused and will be removed from module Top_Student.
WARNING: [Synth 8-3332] Sequential element (animate_hero/jump_time_reg[23]) is unused and will be removed from module Top_Student.
WARNING: [Synth 8-3332] Sequential element (animate_hero/jump_time_reg[22]) is unused and will be removed from module Top_Student.
WARNING: [Synth 8-3332] Sequential element (animate_hero/jump_time_reg[21]) is unused and will be removed from module Top_Student.
WARNING: [Synth 8-3332] Sequential element (animate_hero/jump_time_reg[20]) is unused and will be removed from module Top_Student.
WARNING: [Synth 8-3332] Sequential element (animate_hero/jump_time_reg[19]) is unused and will be removed from module Top_Student.
WARNING: [Synth 8-3332] Sequential element (animate_hero/jump_time_reg[18]) is unused and will be removed from module Top_Student.
WARNING: [Synth 8-3332] Sequential element (animate_hero/jump_time_reg[17]) is unused and will be removed from module Top_Student.
WARNING: [Synth 8-3332] Sequential element (animate_hero/jump_time_reg[16]) is unused and will be removed from module Top_Student.
WARNING: [Synth 8-3332] Sequential element (animate_hero/jump_time_reg[15]) is unused and will be removed from module Top_Student.
WARNING: [Synth 8-3332] Sequential element (animate_hero/jump_time_reg[14]) is unused and will be removed from module Top_Student.
INFO: [Common 17-14] Message 'Synth 8-3332' appears 100 times and further instances of the messages will be disabled. Use the Tcl command set_msg_config to change the current settings.
---------------------------------------------------------------------------------
Finished Technology Mapping : Time (s): cpu = 00:00:19 ; elapsed = 00:00:36 . Memory (MB): peak = 876.277 ; gain = 616.297
---------------------------------------------------------------------------------

Report RTL Partitions: 
+-+--------------+------------+----------+
| |RTL Partition |Replication |Instances |
+-+--------------+------------+----------+
+-+--------------+------------+----------+
---------------------------------------------------------------------------------
Start IO Insertion
---------------------------------------------------------------------------------
---------------------------------------------------------------------------------
Start Flattening Before IO Insertion
---------------------------------------------------------------------------------
---------------------------------------------------------------------------------
Finished Flattening Before IO Insertion
---------------------------------------------------------------------------------
---------------------------------------------------------------------------------
Start Final Netlist Cleanup
---------------------------------------------------------------------------------
---------------------------------------------------------------------------------
Finished Final Netlist Cleanup
---------------------------------------------------------------------------------
---------------------------------------------------------------------------------
Finished IO Insertion : Time (s): cpu = 00:00:19 ; elapsed = 00:00:37 . Memory (MB): peak = 876.277 ; gain = 616.297
---------------------------------------------------------------------------------

Report Check Netlist: 
+------+------------------+-------+---------+-------+------------------+
|      |Item              |Errors |Warnings |Status |Description       |
+------+------------------+-------+---------+-------+------------------+
|1     |multi_driven_nets |      0|        0|Passed |Multi driven nets |
+------+------------------+-------+---------+-------+------------------+
---------------------------------------------------------------------------------
Start Renaming Generated Instances
---------------------------------------------------------------------------------
---------------------------------------------------------------------------------
Finished Renaming Generated Instances : Time (s): cpu = 00:00:19 ; elapsed = 00:00:37 . Memory (MB): peak = 876.277 ; gain = 616.297
---------------------------------------------------------------------------------

Report RTL Partitions: 
+-+--------------+------------+----------+
| |RTL Partition |Replication |Instances |
+-+--------------+------------+----------+
+-+--------------+------------+----------+
---------------------------------------------------------------------------------
Start Rebuilding User Hierarchy
---------------------------------------------------------------------------------
---------------------------------------------------------------------------------
Finished Rebuilding User Hierarchy : Time (s): cpu = 00:00:20 ; elapsed = 00:00:37 . Memory (MB): peak = 876.277 ; gain = 616.297
---------------------------------------------------------------------------------
---------------------------------------------------------------------------------
Start Renaming Generated Ports
---------------------------------------------------------------------------------
---------------------------------------------------------------------------------
Finished Renaming Generated Ports : Time (s): cpu = 00:00:20 ; elapsed = 00:00:37 . Memory (MB): peak = 876.277 ; gain = 616.297
---------------------------------------------------------------------------------
---------------------------------------------------------------------------------
Start Handling Custom Attributes
---------------------------------------------------------------------------------
---------------------------------------------------------------------------------
Finished Handling Custom Attributes : Time (s): cpu = 00:00:20 ; elapsed = 00:00:37 . Memory (MB): peak = 876.277 ; gain = 616.297
---------------------------------------------------------------------------------
---------------------------------------------------------------------------------
Start Renaming Generated Nets
---------------------------------------------------------------------------------
---------------------------------------------------------------------------------
Finished Renaming Generated Nets : Time (s): cpu = 00:00:20 ; elapsed = 00:00:37 . Memory (MB): peak = 876.277 ; gain = 616.297
---------------------------------------------------------------------------------
---------------------------------------------------------------------------------
Start Writing Synthesis Report
---------------------------------------------------------------------------------

Report BlackBoxes: 
+-+--------------+----------+
| |BlackBox name |Instances |
+-+--------------+----------+
+-+--------------+----------+

Report Cell Usage: 
+------+-------+------+
|      |Cell   |Count |
+------+-------+------+
|1     |BUFG   |     6|
|2     |CARRY4 |   833|
|3     |LUT1   |   176|
|4     |LUT2   |   788|
|5     |LUT3   |   707|
|6     |LUT4   |   666|
|7     |LUT5   |   896|
|8     |LUT6   |  1755|
|9     |MUXF7  |     2|
|10    |FDE_1  |    32|
|11    |FDRE   |   610|
|12    |IBUF   |     6|
|13    |OBUF   |    10|
|14    |OBUFT  |     1|
+------+-------+------+

Report Instance Areas: 
+------+---------------------+-------------------+------+
|      |Instance             |Module             |Cells |
+------+---------------------+-------------------+------+
|1     |top                  |                   |  6488|
|2     |  Q3A1               |Oled_Display       |   640|
|3     |  animate_enemy      |enimate            |  1943|
|4     |    get_fps_clock    |flexy_clock_5      |    63|
|5     |  animate_hero       |animate            |  2150|
|6     |    get_fps_clock    |flexy_clock_4      |    63|
|7     |  animate_muffin     |muffinimate        |  1095|
|8     |    get_fps_clock    |flexy_clock_3      |    55|
|9     |  animate_projectile |projectile_animate |   183|
|10    |    get_fps_clock    |flexy_clock_2      |    54|
|11    |  choose_direction   |direction_mux      |    88|
|12    |  clk_6p25MHz        |flexy_clock        |    64|
|13    |  draw_sq            |make_square        |    67|
|14    |    draw_sprite_1    |sprite_1           |     4|
|15    |    draw_sprite_2    |sprite_2           |     3|
|16    |    draw_sprite_3    |sprite_3           |     5|
|17    |  nolabel_line86     |hero_damage        |   151|
|18    |    nolabel_line36   |flexy_clock_1      |    54|
|19    |  nolabel_line87     |touch_muff         |    72|
|20    |    nolabel_line29   |flexy_clock_0      |    54|
+------+---------------------+-------------------+------+
---------------------------------------------------------------------------------
Finished Writing Synthesis Report : Time (s): cpu = 00:00:20 ; elapsed = 00:00:37 . Memory (MB): peak = 876.277 ; gain = 616.297
---------------------------------------------------------------------------------
Synthesis finished with 0 errors, 0 critical warnings and 502 warnings.
Synthesis Optimization Runtime : Time (s): cpu = 00:00:15 ; elapsed = 00:00:31 . Memory (MB): peak = 876.277 ; gain = 268.188
Synthesis Optimization Complete : Time (s): cpu = 00:00:20 ; elapsed = 00:00:37 . Memory (MB): peak = 876.277 ; gain = 616.297
INFO: [Project 1-571] Translating synthesized netlist
INFO: [Netlist 29-17] Analyzing 873 Unisim elements for replacement
INFO: [Netlist 29-28] Unisim Transformation completed in 0 CPU seconds
INFO: [Project 1-570] Preparing netlist for logic optimization
INFO: [Opt 31-138] Pushed 0 inverter(s) to 0 load pin(s).
INFO: [Project 1-111] Unisim Transformation Summary:
  A total of 32 instances were transformed.
  FDE_1 => FDRE (inverted pins: C): 32 instances

INFO: [Common 17-83] Releasing license: Synthesis
94 Infos, 236 Warnings, 2 Critical Warnings and 0 Errors encountered.
synth_design completed successfully
synth_design: Time (s): cpu = 00:00:21 ; elapsed = 00:00:41 . Memory (MB): peak = 876.277 ; gain = 629.184
WARNING: [Constraints 18-5210] No constraint will be written out.
INFO: [Common 17-1381] The checkpoint 'C:/Users/cyber/Desktop/Kashfy-EE2026-Vivado/MODS/MODS.runs/synth_1/Top_Student.dcp' has been generated.
INFO: [runtcl-4] Executing : report_utilization -file Top_Student_utilization_synth.rpt -pb Top_Student_utilization_synth.pb
report_utilization: Time (s): cpu = 00:00:00 ; elapsed = 00:00:00.050 . Memory (MB): peak = 876.277 ; gain = 0.000
INFO: [Common 17-206] Exiting Vivado at Thu Oct 31 22:16:54 2024...

*** Running vivado
    with args -log Top_Student.vds -m64 -product Vivado -mode batch -messageDb vivado.pb -notrace -source Top_Student.tcl


****** Vivado v2018.2 (64-bit)
  **** SW Build 2258646 on Thu Jun 14 20:03:12 MDT 2018
  **** IP Build 2256618 on Thu Jun 14 22:10:49 MDT 2018
    ** Copyright 1986-2018 Xilinx, Inc. All Rights Reserved.

source Top_Student.tcl -notrace
Command: synth_design -top Top_Student -part xc7a35tcpg236-1
Starting synth_design
Attempting to get a license for feature 'Synthesis' and/or device 'xc7a35t'
INFO: [Common 17-349] Got license for feature 'Synthesis' and/or device 'xc7a35t'
INFO: Launching helper process for spawning children vivado processes
INFO: Helper process launched with PID 38380 
WARNING: [Synth 8-976] YELLOW has already been declared [C:/Users/cyber/Desktop/Kashfy-EE2026-Vivado/MODS/MODS.srcs/sources_1/new/make_square.v:134]
WARNING: [Synth 8-2654] second declaration of YELLOW ignored [C:/Users/cyber/Desktop/Kashfy-EE2026-Vivado/MODS/MODS.srcs/sources_1/new/make_square.v:134]
INFO: [Synth 8-994] YELLOW is declared here [C:/Users/cyber/Desktop/Kashfy-EE2026-Vivado/MODS/MODS.srcs/sources_1/new/make_square.v:130]
---------------------------------------------------------------------------------
Starting RTL Elaboration : Time (s): cpu = 00:00:01 ; elapsed = 00:00:02 . Memory (MB): peak = 371.832 ; gain = 111.695
---------------------------------------------------------------------------------
INFO: [Synth 8-6157] synthesizing module 'Top_Student' [C:/Users/cyber/Desktop/Kashfy-EE2026-Vivado/MODS/MODS.srcs/sources_1/new/Top_Student.v:14]
INFO: [Synth 8-6157] synthesizing module 'flexy_clock' [C:/Users/cyber/Desktop/Kashfy-EE2026-Vivado/MODS/MODS.srcs/sources_1/new/flexy_clock.v:23]
INFO: [Synth 8-6155] done synthesizing module 'flexy_clock' (1#1) [C:/Users/cyber/Desktop/Kashfy-EE2026-Vivado/MODS/MODS.srcs/sources_1/new/flexy_clock.v:23]
INFO: [Synth 8-6157] synthesizing module 'direction_mux' [C:/Users/cyber/Desktop/Kashfy-EE2026-Vivado/MODS/MODS.srcs/sources_1/new/direction_mux.v:23]
INFO: [Synth 8-6155] done synthesizing module 'direction_mux' (2#1) [C:/Users/cyber/Desktop/Kashfy-EE2026-Vivado/MODS/MODS.srcs/sources_1/new/direction_mux.v:23]
INFO: [Synth 8-6157] synthesizing module 'animate' [C:/Users/cyber/Desktop/Kashfy-EE2026-Vivado/MODS/MODS.srcs/sources_1/new/animate.v:23]
WARNING: [Synth 8-311] ignoring non-constant assignment in initial block [C:/Users/cyber/Desktop/Kashfy-EE2026-Vivado/MODS/MODS.srcs/sources_1/new/animate.v:42]
WARNING: [Synth 8-311] ignoring non-constant assignment in initial block [C:/Users/cyber/Desktop/Kashfy-EE2026-Vivado/MODS/MODS.srcs/sources_1/new/animate.v:43]
WARNING: [Synth 8-6014] Unused sequential element x_increment_reg was removed.  [C:/Users/cyber/Desktop/Kashfy-EE2026-Vivado/MODS/MODS.srcs/sources_1/new/animate.v:69]
INFO: [Synth 8-6155] done synthesizing module 'animate' (3#1) [C:/Users/cyber/Desktop/Kashfy-EE2026-Vivado/MODS/MODS.srcs/sources_1/new/animate.v:23]
WARNING: [Synth 8-689] width (4) of port connection 'sq_width' does not match port width (7) of module 'animate' [C:/Users/cyber/Desktop/Kashfy-EE2026-Vivado/MODS/MODS.srcs/sources_1/new/Top_Student.v:76]
WARNING: [Synth 8-689] width (4) of port connection 'sq_height' does not match port width (7) of module 'animate' [C:/Users/cyber/Desktop/Kashfy-EE2026-Vivado/MODS/MODS.srcs/sources_1/new/Top_Student.v:76]
WARNING: [Synth 8-689] width (1) of port connection 'reset' does not match port width (7) of module 'animate' [C:/Users/cyber/Desktop/Kashfy-EE2026-Vivado/MODS/MODS.srcs/sources_1/new/Top_Student.v:79]
WARNING: [Synth 8-350] instance 'animate_hero' of module 'animate' requires 29 connections, but only 21 given [C:/Users/cyber/Desktop/Kashfy-EE2026-Vivado/MODS/MODS.srcs/sources_1/new/Top_Student.v:75]
INFO: [Synth 8-6157] synthesizing module 'hero_damage' [C:/Users/cyber/Desktop/Kashfy-EE2026-Vivado/MODS/MODS.srcs/sources_1/new/hero_damage.v:23]
INFO: [Synth 8-6155] done synthesizing module 'hero_damage' (4#1) [C:/Users/cyber/Desktop/Kashfy-EE2026-Vivado/MODS/MODS.srcs/sources_1/new/hero_damage.v:23]
INFO: [Synth 8-6157] synthesizing module 'touch_muff' [C:/Users/cyber/Desktop/Kashfy-EE2026-Vivado/MODS/MODS.srcs/sources_1/new/touch_muff.v:23]
WARNING: [Synth 8-311] ignoring non-constant assignment in initial block [C:/Users/cyber/Desktop/Kashfy-EE2026-Vivado/MODS/MODS.srcs/sources_1/new/touch_muff.v:36]
WARNING: [Synth 8-6014] Unused sequential element muff_count_reg was removed.  [C:/Users/cyber/Desktop/Kashfy-EE2026-Vivado/MODS/MODS.srcs/sources_1/new/touch_muff.v:42]
INFO: [Synth 8-6155] done synthesizing module 'touch_muff' (5#1) [C:/Users/cyber/Desktop/Kashfy-EE2026-Vivado/MODS/MODS.srcs/sources_1/new/touch_muff.v:23]
INFO: [Synth 8-6157] synthesizing module 'projectile_animate' [C:/Users/cyber/Desktop/Kashfy-EE2026-Vivado/MODS/MODS.srcs/sources_1/new/projectile_animate.v:23]
INFO: [Synth 8-6157] synthesizing module 'single_shot' [C:/Users/cyber/Desktop/Kashfy-EE2026-Vivado/MODS/MODS.srcs/sources_1/new/projectile_animate.v:54]
WARNING: [Synth 8-6014] Unused sequential element y_increment_reg was removed.  [C:/Users/cyber/Desktop/Kashfy-EE2026-Vivado/MODS/MODS.srcs/sources_1/new/projectile_animate.v:94]
WARNING: [Synth 8-3848] Net proj_hit_enemy in module/entity single_shot does not have driver. [C:/Users/cyber/Desktop/Kashfy-EE2026-Vivado/MODS/MODS.srcs/sources_1/new/projectile_animate.v:62]
INFO: [Synth 8-6155] done synthesizing module 'single_shot' (6#1) [C:/Users/cyber/Desktop/Kashfy-EE2026-Vivado/MODS/MODS.srcs/sources_1/new/projectile_animate.v:54]
WARNING: [Synth 8-689] width (7) of port connection 'proj_move' does not match port width (1) of module 'single_shot' [C:/Users/cyber/Desktop/Kashfy-EE2026-Vivado/MODS/MODS.srcs/sources_1/new/projectile_animate.v:41]
WARNING: [Synth 8-689] width (7) of port connection 'proj_hit_enemy' does not match port width (1) of module 'single_shot' [C:/Users/cyber/Desktop/Kashfy-EE2026-Vivado/MODS/MODS.srcs/sources_1/new/projectile_animate.v:41]
INFO: [Synth 8-6155] done synthesizing module 'projectile_animate' (7#1) [C:/Users/cyber/Desktop/Kashfy-EE2026-Vivado/MODS/MODS.srcs/sources_1/new/projectile_animate.v:23]
WARNING: [Synth 8-689] width (4) of port connection 'sq_width' does not match port width (7) of module 'projectile_animate' [C:/Users/cyber/Desktop/Kashfy-EE2026-Vivado/MODS/MODS.srcs/sources_1/new/Top_Student.v:94]
WARNING: [Synth 8-689] width (4) of port connection 'sq_height' does not match port width (7) of module 'projectile_animate' [C:/Users/cyber/Desktop/Kashfy-EE2026-Vivado/MODS/MODS.srcs/sources_1/new/Top_Student.v:94]
WARNING: [Synth 8-689] width (1) of port connection 'reset' does not match port width (7) of module 'projectile_animate' [C:/Users/cyber/Desktop/Kashfy-EE2026-Vivado/MODS/MODS.srcs/sources_1/new/Top_Student.v:97]
WARNING: [Synth 8-689] width (1) of port connection 'proj_move' does not match port width (7) of module 'projectile_animate' [C:/Users/cyber/Desktop/Kashfy-EE2026-Vivado/MODS/MODS.srcs/sources_1/new/Top_Student.v:98]
WARNING: [Synth 8-689] width (1) of port connection 'proj_hit_enemy' does not match port width (7) of module 'projectile_animate' [C:/Users/cyber/Desktop/Kashfy-EE2026-Vivado/MODS/MODS.srcs/sources_1/new/Top_Student.v:98]
INFO: [Synth 8-6157] synthesizing module 'enimate' [C:/Users/cyber/Desktop/Kashfy-EE2026-Vivado/MODS/MODS.srcs/sources_1/new/enimate.v:23]
WARNING: [Synth 8-6014] Unused sequential element x_increment_reg was removed.  [C:/Users/cyber/Desktop/Kashfy-EE2026-Vivado/MODS/MODS.srcs/sources_1/new/enimate.v:66]
WARNING: [Synth 8-6014] Unused sequential element y_increment_reg was removed.  [C:/Users/cyber/Desktop/Kashfy-EE2026-Vivado/MODS/MODS.srcs/sources_1/new/enimate.v:67]
INFO: [Synth 8-6155] done synthesizing module 'enimate' (8#1) [C:/Users/cyber/Desktop/Kashfy-EE2026-Vivado/MODS/MODS.srcs/sources_1/new/enimate.v:23]
WARNING: [Synth 8-689] width (4) of port connection 'sq_width' does not match port width (7) of module 'enimate' [C:/Users/cyber/Desktop/Kashfy-EE2026-Vivado/MODS/MODS.srcs/sources_1/new/Top_Student.v:103]
WARNING: [Synth 8-689] width (4) of port connection 'sq_height' does not match port width (7) of module 'enimate' [C:/Users/cyber/Desktop/Kashfy-EE2026-Vivado/MODS/MODS.srcs/sources_1/new/Top_Student.v:103]
WARNING: [Synth 8-689] width (1) of port connection 'reset' does not match port width (7) of module 'enimate' [C:/Users/cyber/Desktop/Kashfy-EE2026-Vivado/MODS/MODS.srcs/sources_1/new/Top_Student.v:107]
WARNING: [Synth 8-350] instance 'animate_enemy' of module 'enimate' requires 28 connections, but only 24 given [C:/Users/cyber/Desktop/Kashfy-EE2026-Vivado/MODS/MODS.srcs/sources_1/new/Top_Student.v:102]
INFO: [Synth 8-6157] synthesizing module 'muffinimate' [C:/Users/cyber/Desktop/Kashfy-EE2026-Vivado/MODS/MODS.srcs/sources_1/new/muffinimate.v:23]
WARNING: [Synth 8-311] ignoring non-constant assignment in initial block [C:/Users/cyber/Desktop/Kashfy-EE2026-Vivado/MODS/MODS.srcs/sources_1/new/muffinimate.v:41]
WARNING: [Synth 8-311] ignoring non-constant assignment in initial block [C:/Users/cyber/Desktop/Kashfy-EE2026-Vivado/MODS/MODS.srcs/sources_1/new/muffinimate.v:42]
WARNING: [Synth 8-6014] Unused sequential element x_increment_reg was removed.  [C:/Users/cyber/Desktop/Kashfy-EE2026-Vivado/MODS/MODS.srcs/sources_1/new/muffinimate.v:64]
INFO: [Synth 8-6155] done synthesizing module 'muffinimate' (9#1) [C:/Users/cyber/Desktop/Kashfy-EE2026-Vivado/MODS/MODS.srcs/sources_1/new/muffinimate.v:23]
WARNING: [Synth 8-689] width (4) of port connection 'sq_width' does not match port width (7) of module 'muffinimate' [C:/Users/cyber/Desktop/Kashfy-EE2026-Vivado/MODS/MODS.srcs/sources_1/new/Top_Student.v:112]
WARNING: [Synth 8-689] width (4) of port connection 'sq_height' does not match port width (7) of module 'muffinimate' [C:/Users/cyber/Desktop/Kashfy-EE2026-Vivado/MODS/MODS.srcs/sources_1/new/Top_Student.v:112]
WARNING: [Synth 8-689] width (1) of port connection 'reset' does not match port width (7) of module 'muffinimate' [C:/Users/cyber/Desktop/Kashfy-EE2026-Vivado/MODS/MODS.srcs/sources_1/new/Top_Student.v:116]
WARNING: [Synth 8-350] instance 'animate_muffin' of module 'muffinimate' requires 28 connections, but only 24 given [C:/Users/cyber/Desktop/Kashfy-EE2026-Vivado/MODS/MODS.srcs/sources_1/new/Top_Student.v:111]
INFO: [Synth 8-6157] synthesizing module 'make_square' [C:/Users/cyber/Desktop/Kashfy-EE2026-Vivado/MODS/MODS.srcs/sources_1/new/make_square.v:23]
INFO: [Synth 8-6157] synthesizing module 'sprite_1' [C:/Users/cyber/Desktop/Kashfy-EE2026-Vivado/MODS/MODS.srcs/sources_1/new/make_square.v:83]
WARNING: [Synth 8-85] always block has no event control specified [C:/Users/cyber/Desktop/Kashfy-EE2026-Vivado/MODS/MODS.srcs/sources_1/new/make_square.v:92]
INFO: [Synth 8-6155] done synthesizing module 'sprite_1' (10#1) [C:/Users/cyber/Desktop/Kashfy-EE2026-Vivado/MODS/MODS.srcs/sources_1/new/make_square.v:83]
INFO: [Synth 8-6157] synthesizing module 'sprite_2' [C:/Users/cyber/Desktop/Kashfy-EE2026-Vivado/MODS/MODS.srcs/sources_1/new/make_square.v:104]
WARNING: [Synth 8-85] always block has no event control specified [C:/Users/cyber/Desktop/Kashfy-EE2026-Vivado/MODS/MODS.srcs/sources_1/new/make_square.v:113]
INFO: [Synth 8-6155] done synthesizing module 'sprite_2' (11#1) [C:/Users/cyber/Desktop/Kashfy-EE2026-Vivado/MODS/MODS.srcs/sources_1/new/make_square.v:104]
INFO: [Synth 8-6157] synthesizing module 'sprite_3' [C:/Users/cyber/Desktop/Kashfy-EE2026-Vivado/MODS/MODS.srcs/sources_1/new/make_square.v:125]
WARNING: [Synth 8-85] always block has no event control specified [C:/Users/cyber/Desktop/Kashfy-EE2026-Vivado/MODS/MODS.srcs/sources_1/new/make_square.v:155]
INFO: [Synth 8-6155] done synthesizing module 'sprite_3' (12#1) [C:/Users/cyber/Desktop/Kashfy-EE2026-Vivado/MODS/MODS.srcs/sources_1/new/make_square.v:125]
INFO: [Synth 8-6155] done synthesizing module 'make_square' (13#1) [C:/Users/cyber/Desktop/Kashfy-EE2026-Vivado/MODS/MODS.srcs/sources_1/new/make_square.v:23]
WARNING: [Synth 8-689] width (1) of port connection 'proj_move' does not match port width (3) of module 'make_square' [C:/Users/cyber/Desktop/Kashfy-EE2026-Vivado/MODS/MODS.srcs/sources_1/new/Top_Student.v:121]
INFO: [Synth 8-6157] synthesizing module 'Oled_Display' [C:/Users/cyber/Desktop/Kashfy-EE2026-Vivado/MODS/MODS.srcs/sources_1/imports/Desktop/Oled_Display.v:36]
	Parameter Width bound to: 96 - type: integer 
	Parameter Height bound to: 64 - type: integer 
	Parameter PixelCount bound to: 6144 - type: integer 
	Parameter PixelCountWidth bound to: 13 - type: integer 
	Parameter ClkFreq bound to: 6250000 - type: integer 
	Parameter FrameFreq bound to: 60 - type: integer 
	Parameter FrameDiv bound to: 104166 - type: integer 
	Parameter FrameDivWidth bound to: 17 - type: integer 
	Parameter PowerDelay bound to: 20 - type: integer 
	Parameter ResetDelay bound to: 3 - type: integer 
	Parameter VccEnDelay bound to: 20 - type: integer 
	Parameter StartupCompleteDelay bound to: 100 - type: integer 
	Parameter MaxDelay bound to: 100 - type: integer 
	Parameter MaxDelayCount bound to: 625000 - type: integer 
	Parameter StateCount bound to: 32 - type: integer 
	Parameter StateWidth bound to: 5 - type: integer 
	Parameter PowerUp bound to: 5'b00000 
	Parameter Reset bound to: 5'b00001 
	Parameter ReleaseReset bound to: 5'b00011 
	Parameter EnableDriver bound to: 5'b00010 
	Parameter DisplayOff bound to: 5'b00110 
	Parameter SetRemapDisplayFormat bound to: 5'b00111 
	Parameter SetStartLine bound to: 5'b00101 
	Parameter SetOffset bound to: 5'b00100 
	Parameter SetNormalDisplay bound to: 5'b01100 
	Parameter SetMultiplexRatio bound to: 5'b01101 
	Parameter SetMasterConfiguration bound to: 5'b01111 
	Parameter DisablePowerSave bound to: 5'b01110 
	Parameter SetPhaseAdjust bound to: 5'b01010 
	Parameter SetDisplayClock bound to: 5'b01011 
	Parameter SetSecondPrechargeA bound to: 5'b01001 
	Parameter SetSecondPrechargeB bound to: 5'b01000 
	Parameter SetSecondPrechargeC bound to: 5'b11000 
	Parameter SetPrechargeLevel bound to: 5'b11001 
	Parameter SetVCOMH bound to: 5'b11011 
	Parameter SetMasterCurrent bound to: 5'b11010 
	Parameter SetContrastA bound to: 5'b11110 
	Parameter SetContrastB bound to: 5'b11111 
	Parameter SetContrastC bound to: 5'b11101 
	Parameter DisableScrolling bound to: 5'b11100 
	Parameter ClearScreen bound to: 5'b10100 
	Parameter VccEn bound to: 5'b10101 
	Parameter DisplayOn bound to: 5'b10111 
	Parameter PrepareNextFrame bound to: 5'b10110 
	Parameter SetColAddress bound to: 5'b10010 
	Parameter SetRowAddress bound to: 5'b10011 
	Parameter WaitNextFrame bound to: 5'b10001 
	Parameter SendPixel bound to: 5'b10000 
	Parameter SpiCommandMaxWidth bound to: 40 - type: integer 
	Parameter SpiCommandBitCountWidth bound to: 6 - type: integer 
INFO: [Synth 8-226] default block is never used [C:/Users/cyber/Desktop/Kashfy-EE2026-Vivado/MODS/MODS.srcs/sources_1/imports/Desktop/Oled_Display.v:123]
INFO: [Synth 8-226] default block is never used [C:/Users/cyber/Desktop/Kashfy-EE2026-Vivado/MODS/MODS.srcs/sources_1/imports/Desktop/Oled_Display.v:198]
WARNING: [Synth 8-693] zero replication count - replication ignored [C:/Users/cyber/Desktop/Kashfy-EE2026-Vivado/MODS/MODS.srcs/sources_1/imports/Desktop/Oled_Display.v:346]
INFO: [Synth 8-6155] done synthesizing module 'Oled_Display' (14#1) [C:/Users/cyber/Desktop/Kashfy-EE2026-Vivado/MODS/MODS.srcs/sources_1/imports/Desktop/Oled_Display.v:36]
INFO: [Synth 8-6155] done synthesizing module 'Top_Student' (15#1) [C:/Users/cyber/Desktop/Kashfy-EE2026-Vivado/MODS/MODS.srcs/sources_1/new/Top_Student.v:14]
WARNING: [Synth 8-3331] design sprite_3 has unconnected port y_oled[6]
WARNING: [Synth 8-3331] design sprite_3 has unconnected port y_oled[5]
WARNING: [Synth 8-3331] design sprite_3 has unconnected port y_oled[4]
WARNING: [Synth 8-3331] design sprite_3 has unconnected port y_oled[3]
WARNING: [Synth 8-3331] design sprite_3 has unconnected port y_oled[2]
WARNING: [Synth 8-3331] design sprite_3 has unconnected port y_oled[1]
WARNING: [Synth 8-3331] design sprite_3 has unconnected port y_oled[0]
WARNING: [Synth 8-3331] design sprite_3 has unconnected port y_ref[6]
WARNING: [Synth 8-3331] design sprite_3 has unconnected port y_ref[5]
WARNING: [Synth 8-3331] design sprite_3 has unconnected port y_ref[4]
WARNING: [Synth 8-3331] design sprite_3 has unconnected port y_ref[3]
WARNING: [Synth 8-3331] design sprite_3 has unconnected port y_ref[2]
WARNING: [Synth 8-3331] design sprite_3 has unconnected port y_ref[1]
WARNING: [Synth 8-3331] design sprite_3 has unconnected port y_ref[0]
WARNING: [Synth 8-3331] design sprite_3 has unconnected port sprite_height[6]
WARNING: [Synth 8-3331] design sprite_3 has unconnected port sprite_height[5]
WARNING: [Synth 8-3331] design sprite_3 has unconnected port sprite_height[4]
WARNING: [Synth 8-3331] design sprite_3 has unconnected port sprite_height[3]
WARNING: [Synth 8-3331] design sprite_3 has unconnected port sprite_height[2]
WARNING: [Synth 8-3331] design sprite_3 has unconnected port sprite_height[1]
WARNING: [Synth 8-3331] design sprite_3 has unconnected port sprite_height[0]
WARNING: [Synth 8-3331] design sprite_2 has unconnected port y_oled[6]
WARNING: [Synth 8-3331] design sprite_2 has unconnected port y_oled[5]
WARNING: [Synth 8-3331] design sprite_2 has unconnected port y_oled[4]
WARNING: [Synth 8-3331] design sprite_2 has unconnected port y_oled[3]
WARNING: [Synth 8-3331] design sprite_2 has unconnected port y_oled[2]
WARNING: [Synth 8-3331] design sprite_2 has unconnected port y_oled[1]
WARNING: [Synth 8-3331] design sprite_2 has unconnected port y_oled[0]
WARNING: [Synth 8-3331] design sprite_2 has unconnected port y_ref[6]
WARNING: [Synth 8-3331] design sprite_2 has unconnected port y_ref[5]
WARNING: [Synth 8-3331] design sprite_2 has unconnected port y_ref[4]
WARNING: [Synth 8-3331] design sprite_2 has unconnected port y_ref[3]
WARNING: [Synth 8-3331] design sprite_2 has unconnected port y_ref[2]
WARNING: [Synth 8-3331] design sprite_2 has unconnected port y_ref[1]
WARNING: [Synth 8-3331] design sprite_2 has unconnected port y_ref[0]
WARNING: [Synth 8-3331] design sprite_2 has unconnected port sprite_height[6]
WARNING: [Synth 8-3331] design sprite_2 has unconnected port sprite_height[5]
WARNING: [Synth 8-3331] design sprite_2 has unconnected port sprite_height[4]
WARNING: [Synth 8-3331] design sprite_2 has unconnected port sprite_height[3]
WARNING: [Synth 8-3331] design sprite_2 has unconnected port sprite_height[2]
WARNING: [Synth 8-3331] design sprite_2 has unconnected port sprite_height[1]
WARNING: [Synth 8-3331] design sprite_2 has unconnected port sprite_height[0]
WARNING: [Synth 8-3331] design sprite_1 has unconnected port x_oled[6]
WARNING: [Synth 8-3331] design sprite_1 has unconnected port x_oled[5]
WARNING: [Synth 8-3331] design sprite_1 has unconnected port x_oled[4]
WARNING: [Synth 8-3331] design sprite_1 has unconnected port x_oled[3]
WARNING: [Synth 8-3331] design sprite_1 has unconnected port x_oled[2]
WARNING: [Synth 8-3331] design sprite_1 has unconnected port x_oled[1]
WARNING: [Synth 8-3331] design sprite_1 has unconnected port x_oled[0]
WARNING: [Synth 8-3331] design sprite_1 has unconnected port x_ref[6]
WARNING: [Synth 8-3331] design sprite_1 has unconnected port x_ref[5]
WARNING: [Synth 8-3331] design sprite_1 has unconnected port x_ref[4]
WARNING: [Synth 8-3331] design sprite_1 has unconnected port x_ref[3]
WARNING: [Synth 8-3331] design sprite_1 has unconnected port x_ref[2]
WARNING: [Synth 8-3331] design sprite_1 has unconnected port x_ref[1]
WARNING: [Synth 8-3331] design sprite_1 has unconnected port x_ref[0]
WARNING: [Synth 8-3331] design sprite_1 has unconnected port sprite_width[6]
WARNING: [Synth 8-3331] design sprite_1 has unconnected port sprite_width[5]
WARNING: [Synth 8-3331] design sprite_1 has unconnected port sprite_width[4]
WARNING: [Synth 8-3331] design sprite_1 has unconnected port sprite_width[3]
WARNING: [Synth 8-3331] design sprite_1 has unconnected port sprite_width[2]
WARNING: [Synth 8-3331] design sprite_1 has unconnected port sprite_width[1]
WARNING: [Synth 8-3331] design sprite_1 has unconnected port sprite_width[0]
WARNING: [Synth 8-3331] design make_square has unconnected port sprite_no[3]
WARNING: [Synth 8-3331] design make_square has unconnected port sprite_no[2]
WARNING: [Synth 8-3331] design make_square has unconnected port sprite_no[1]
WARNING: [Synth 8-3331] design make_square has unconnected port sprite_no[0]
WARNING: [Synth 8-3331] design make_square has unconnected port sq_colour[15]
WARNING: [Synth 8-3331] design make_square has unconnected port sq_colour[14]
WARNING: [Synth 8-3331] design make_square has unconnected port sq_colour[13]
WARNING: [Synth 8-3331] design make_square has unconnected port sq_colour[12]
WARNING: [Synth 8-3331] design make_square has unconnected port sq_colour[11]
WARNING: [Synth 8-3331] design make_square has unconnected port sq_colour[10]
WARNING: [Synth 8-3331] design make_square has unconnected port sq_colour[9]
WARNING: [Synth 8-3331] design make_square has unconnected port sq_colour[8]
WARNING: [Synth 8-3331] design make_square has unconnected port sq_colour[7]
WARNING: [Synth 8-3331] design make_square has unconnected port sq_colour[6]
WARNING: [Synth 8-3331] design make_square has unconnected port sq_colour[5]
WARNING: [Synth 8-3331] design make_square has unconnected port sq_colour[4]
WARNING: [Synth 8-3331] design make_square has unconnected port sq_colour[3]
WARNING: [Synth 8-3331] design make_square has unconnected port sq_colour[2]
WARNING: [Synth 8-3331] design make_square has unconnected port sq_colour[1]
WARNING: [Synth 8-3331] design make_square has unconnected port sq_colour[0]
WARNING: [Synth 8-3331] design make_square has unconnected port sq_colour2[15]
WARNING: [Synth 8-3331] design make_square has unconnected port sq_colour2[14]
WARNING: [Synth 8-3331] design make_square has unconnected port sq_colour2[13]
WARNING: [Synth 8-3331] design make_square has unconnected port sq_colour2[12]
WARNING: [Synth 8-3331] design make_square has unconnected port sq_colour2[11]
WARNING: [Synth 8-3331] design make_square has unconnected port sq_colour2[10]
WARNING: [Synth 8-3331] design make_square has unconnected port sq_colour2[9]
WARNING: [Synth 8-3331] design make_square has unconnected port sq_colour2[8]
WARNING: [Synth 8-3331] design make_square has unconnected port sq_colour2[7]
WARNING: [Synth 8-3331] design make_square has unconnected port sq_colour2[6]
WARNING: [Synth 8-3331] design make_square has unconnected port sq_colour2[5]
WARNING: [Synth 8-3331] design make_square has unconnected port sq_colour2[4]
WARNING: [Synth 8-3331] design make_square has unconnected port sq_colour2[3]
WARNING: [Synth 8-3331] design make_square has unconnected port sq_colour2[2]
WARNING: [Synth 8-3331] design make_square has unconnected port sq_colour2[1]
WARNING: [Synth 8-3331] design make_square has unconnected port sq_colour2[0]
WARNING: [Synth 8-3331] design make_square has unconnected port sq_colour3[15]
INFO: [Common 17-14] Message 'Synth 8-3331' appears 100 times and further instances of the messages will be disabled. Use the Tcl command set_msg_config to change the current settings.
---------------------------------------------------------------------------------
Finished RTL Elaboration : Time (s): cpu = 00:00:02 ; elapsed = 00:00:03 . Memory (MB): peak = 414.238 ; gain = 154.102
---------------------------------------------------------------------------------

Report Check Netlist: 
+------+------------------+-------+---------+-------+------------------+
|      |Item              |Errors |Warnings |Status |Description       |
+------+------------------+-------+---------+-------+------------------+
|1     |multi_driven_nets |      0|        0|Passed |Multi driven nets |
+------+------------------+-------+---------+-------+------------------+
---------------------------------------------------------------------------------
Start Handling Custom Attributes
---------------------------------------------------------------------------------
---------------------------------------------------------------------------------
Finished Handling Custom Attributes : Time (s): cpu = 00:00:02 ; elapsed = 00:00:03 . Memory (MB): peak = 414.238 ; gain = 154.102
---------------------------------------------------------------------------------
---------------------------------------------------------------------------------
Finished RTL Optimization Phase 1 : Time (s): cpu = 00:00:02 ; elapsed = 00:00:03 . Memory (MB): peak = 414.238 ; gain = 154.102
---------------------------------------------------------------------------------
INFO: [Device 21-403] Loading part xc7a35tcpg236-1
INFO: [Project 1-570] Preparing netlist for logic optimization

Processing XDC Constraints
Initializing timing engine
Parsing XDC File [C:/Users/cyber/Desktop/Kashfy-EE2026-Vivado/MODS/MODS.srcs/constrs_1/new/konstrens.xdc]
WARNING: [Vivado 12-584] No ports matched 'PS2Clk'. [C:/Users/cyber/Desktop/Kashfy-EE2026-Vivado/MODS/MODS.srcs/constrs_1/new/konstrens.xdc:138]
CRITICAL WARNING: [Common 17-55] 'set_property' expects at least one object. [C:/Users/cyber/Desktop/Kashfy-EE2026-Vivado/MODS/MODS.srcs/constrs_1/new/konstrens.xdc:138]
Resolution: If [get_<value>] was used to populate the object, check to make sure this command returns at least one valid object.
WARNING: [Vivado 12-584] No ports matched 'PS2Data'. [C:/Users/cyber/Desktop/Kashfy-EE2026-Vivado/MODS/MODS.srcs/constrs_1/new/konstrens.xdc:139]
CRITICAL WARNING: [Common 17-55] 'set_property' expects at least one object. [C:/Users/cyber/Desktop/Kashfy-EE2026-Vivado/MODS/MODS.srcs/constrs_1/new/konstrens.xdc:139]
Resolution: If [get_<value>] was used to populate the object, check to make sure this command returns at least one valid object.
Finished Parsing XDC File [C:/Users/cyber/Desktop/Kashfy-EE2026-Vivado/MODS/MODS.srcs/constrs_1/new/konstrens.xdc]
INFO: [Project 1-236] Implementation specific constraints were found while reading constraint file [C:/Users/cyber/Desktop/Kashfy-EE2026-Vivado/MODS/MODS.srcs/constrs_1/new/konstrens.xdc]. These constraints will be ignored for synthesis but will be used in implementation. Impacted constraints are listed in the file [.Xil/Top_Student_propImpl.xdc].
Resolution: To avoid this warning, move constraints listed in [.Xil/Top_Student_propImpl.xdc] to another XDC file and exclude this new file from synthesis with the used_in_synthesis property (File Properties dialog in GUI) and re-run elaboration/synthesis.
Completed Processing XDC Constraints

INFO: [Project 1-111] Unisim Transformation Summary:
No Unisim elements were transformed.

Constraint Validation Runtime : Time (s): cpu = 00:00:00 ; elapsed = 00:00:00.006 . Memory (MB): peak = 762.387 ; gain = 0.000
---------------------------------------------------------------------------------
Finished Constraint Validation : Time (s): cpu = 00:00:06 ; elapsed = 00:00:12 . Memory (MB): peak = 762.387 ; gain = 502.250
---------------------------------------------------------------------------------
---------------------------------------------------------------------------------
Start Loading Part and Timing Information
---------------------------------------------------------------------------------
Loading part: xc7a35tcpg236-1
---------------------------------------------------------------------------------
Finished Loading Part and Timing Information : Time (s): cpu = 00:00:06 ; elapsed = 00:00:12 . Memory (MB): peak = 762.387 ; gain = 502.250
---------------------------------------------------------------------------------
---------------------------------------------------------------------------------
Start Applying 'set_property' XDC Constraints
---------------------------------------------------------------------------------
---------------------------------------------------------------------------------
Finished applying 'set_property' XDC Constraints : Time (s): cpu = 00:00:06 ; elapsed = 00:00:12 . Memory (MB): peak = 762.387 ; gain = 502.250
---------------------------------------------------------------------------------
INFO: [Synth 8-5545] ROM "slow_clk0" won't be mapped to RAM because address size (32) is larger than maximum supported(25)
INFO: [Synth 8-5546] ROM "is_y_stat0" won't be mapped to RAM because it is too sparse
INFO: [Synth 8-5546] ROM "is_y_stat0" won't be mapped to RAM because it is too sparse
INFO: [Synth 8-5544] ROM "sprite_no" won't be mapped to Block RAM because address size (1) smaller than threshold (5)
INFO: [Synth 8-5544] ROM "proj_move0" won't be mapped to Block RAM because address size (1) smaller than threshold (5)
INFO: [Synth 8-5546] ROM "is_y_stat0" won't be mapped to RAM because it is too sparse
INFO: [Synth 8-5546] ROM "is_y_stat0" won't be mapped to RAM because it is too sparse
INFO: [Synth 8-5546] ROM "stop_falling" won't be mapped to RAM because it is too sparse
INFO: [Synth 8-5546] ROM "stop_falling" won't be mapped to RAM because it is too sparse
INFO: [Synth 8-802] inferred FSM for state register 'state_reg' in module 'Oled_Display'
INFO: [Synth 8-5546] ROM "fsm_next_state0" won't be mapped to RAM because it is too sparse
INFO: [Synth 8-5544] ROM "fsm_next_state0" won't be mapped to Block RAM because address size (1) smaller than threshold (5)
INFO: [Synth 8-5546] ROM "fsm_next_state0" won't be mapped to RAM because it is too sparse
---------------------------------------------------------------------------------------------------
                   State |                     New Encoding |                Previous Encoding 
---------------------------------------------------------------------------------------------------
                 PowerUp | 00000000100000000000000000000000 |                            00000
                   Reset | 00000000000100000000000000000000 |                            00001
            ReleaseReset | 00000000000000000000100000000000 |                            00011
            EnableDriver | 00000000000000000001000000000000 |                            00010
              DisplayOff | 00000000000000000100000000000000 |                            00110
   SetRemapDisplayFormat | 00000100000000000000000000000000 |                            00111
            SetStartLine | 00001000000000000000000000000000 |                            00101
               SetOffset | 10000000000000000000000000000000 |                            00100
        SetNormalDisplay | 00000000000000000000000010000000 |                            01100
       SetMultiplexRatio | 00000000000000000000000000100000 |                            01101
  SetMasterConfiguration | 00000000000000000000000001000000 |                            01111
        DisablePowerSave | 00000000000000000000000000000100 |                            01110
          SetPhaseAdjust | 00000000000000000000000000001000 |                            01010
         SetDisplayClock | 00000000001000000000000000000000 |                            01011
     SetSecondPrechargeA | 00000000010000000000000000000000 |                            01001
     SetSecondPrechargeB | 01000000000000000000000000000000 |                            01000
     SetSecondPrechargeC | 00000010000000000000000000000000 |                            11000
       SetPrechargeLevel | 00000001000000000000000000000000 |                            11001
                SetVCOMH | 00000000000000010000000000000000 |                            11011
        SetMasterCurrent | 00000000000000100000000000000000 |                            11010
            SetContrastA | 00000000000001000000000000000000 |                            11110
            SetContrastB | 00100000000000000000000000000000 |                            11111
            SetContrastC | 00000000000000000000000000000001 |                            11101
        DisableScrolling | 00000000000000000000000000000010 |                            11100
             ClearScreen | 00000000000000000000000000010000 |                            10100
                   VccEn | 00010000000000000000000000000000 |                            10101
               DisplayOn | 00000000000010000000000000000000 |                            10111
        PrepareNextFrame | 00000000000000001000000000000000 |                            10110
           SetColAddress | 00000000000000000000010000000000 |                            10010
           SetRowAddress | 00000000000000000000000100000000 |                            10011
           WaitNextFrame | 00000000000000000000001000000000 |                            10001
               SendPixel | 00000000000000000010000000000000 |                            10000
---------------------------------------------------------------------------------------------------
INFO: [Synth 8-3354] encoded FSM with state register 'state_reg' using encoding 'one-hot' in module 'Oled_Display'
---------------------------------------------------------------------------------
Finished RTL Optimization Phase 2 : Time (s): cpu = 00:00:06 ; elapsed = 00:00:13 . Memory (MB): peak = 762.387 ; gain = 502.250
---------------------------------------------------------------------------------
INFO: [Synth 8-223] decloning instance 'clk_6p25MHz' (flexy_clock) to 'clk_25MHz'

Report RTL Partitions: 
+-+--------------+------------+----------+
| |RTL Partition |Replication |Instances |
+-+--------------+------------+----------+
+-+--------------+------------+----------+
---------------------------------------------------------------------------------
Start RTL Component Statistics 
---------------------------------------------------------------------------------
Detailed RTL Component Info : 
+---Adders : 
	   4 Input     33 Bit       Adders := 3     
	   2 Input     32 Bit       Adders := 11    
	   3 Input     32 Bit       Adders := 8     
	   2 Input     17 Bit       Adders := 1     
	   2 Input      9 Bit       Adders := 5     
	   3 Input      9 Bit       Adders := 1     
	   4 Input      9 Bit       Adders := 1     
	   2 Input      8 Bit       Adders := 11    
	   3 Input      8 Bit       Adders := 19    
	   2 Input      7 Bit       Adders := 59    
	   3 Input      7 Bit       Adders := 1     
	   2 Input      6 Bit       Adders := 1     
	   2 Input      3 Bit       Adders := 1     
+---Registers : 
	               40 Bit    Registers := 1     
	               32 Bit    Registers := 8     
	               17 Bit    Registers := 1     
	               16 Bit    Registers := 4     
	                7 Bit    Registers := 13    
	                6 Bit    Registers := 1     
	                3 Bit    Registers := 3     
	                2 Bit    Registers := 1     
	                1 Bit    Registers := 15    
+---Muxes : 
	   2 Input     40 Bit        Muxes := 3     
	   2 Input     32 Bit        Muxes := 22    
	   3 Input     32 Bit        Muxes := 1     
	  32 Input     32 Bit        Muxes := 1     
	  32 Input     20 Bit        Muxes := 1     
	   2 Input     17 Bit        Muxes := 1     
	   2 Input     16 Bit        Muxes := 11    
	   3 Input     16 Bit        Muxes := 1     
	   2 Input     11 Bit        Muxes := 2     
	   2 Input      7 Bit        Muxes := 53    
	  10 Input      7 Bit        Muxes := 2     
	   6 Input      7 Bit        Muxes := 1     
	   3 Input      7 Bit        Muxes := 1     
	   7 Input      7 Bit        Muxes := 1     
	  32 Input      6 Bit        Muxes := 1     
	   2 Input      6 Bit        Muxes := 1     
	   2 Input      5 Bit        Muxes := 2     
	  32 Input      5 Bit        Muxes := 1     
	   2 Input      3 Bit        Muxes := 4     
	   2 Input      2 Bit        Muxes := 4     
	   3 Input      2 Bit        Muxes := 3     
	   2 Input      1 Bit        Muxes := 9     
	   3 Input      1 Bit        Muxes := 1     
	   5 Input      1 Bit        Muxes := 1     
---------------------------------------------------------------------------------
Finished RTL Component Statistics 
---------------------------------------------------------------------------------
---------------------------------------------------------------------------------
Start RTL Hierarchical Component Statistics 
---------------------------------------------------------------------------------
Hierarchical RTL Component report 
Module flexy_clock 
Detailed RTL Component Info : 
+---Registers : 
	                1 Bit    Registers := 1     
+---Muxes : 
	   2 Input      1 Bit        Muxes := 1     
Module direction_mux 
Detailed RTL Component Info : 
+---Registers : 
	                7 Bit    Registers := 2     
+---Muxes : 
	   2 Input      7 Bit        Muxes := 3     
Module animate 
Detailed RTL Component Info : 
+---Adders : 
	   4 Input     33 Bit       Adders := 1     
	   2 Input     32 Bit       Adders := 4     
	   3 Input     32 Bit       Adders := 3     
	   2 Input      9 Bit       Adders := 2     
	   2 Input      8 Bit       Adders := 3     
	   2 Input      7 Bit       Adders := 11    
+---Registers : 
	               32 Bit    Registers := 3     
	               16 Bit    Registers := 1     
	                7 Bit    Registers := 3     
	                2 Bit    Registers := 1     
	                1 Bit    Registers := 2     
+---Muxes : 
	   2 Input     32 Bit        Muxes := 13    
	   2 Input      7 Bit        Muxes := 10    
	  10 Input      7 Bit        Muxes := 1     
	   6 Input      7 Bit        Muxes := 1     
	   2 Input      2 Bit        Muxes := 2     
	   3 Input      2 Bit        Muxes := 1     
Module hero_damage 
Detailed RTL Component Info : 
+---Adders : 
	   2 Input     32 Bit       Adders := 1     
+---Registers : 
	               32 Bit    Registers := 1     
	                3 Bit    Registers := 1     
+---Muxes : 
	   3 Input     32 Bit        Muxes := 1     
	   2 Input     32 Bit        Muxes := 1     
	   2 Input      3 Bit        Muxes := 3     
	   3 Input      2 Bit        Muxes := 1     
Module touch_muff 
Detailed RTL Component Info : 
+---Adders : 
	   2 Input      3 Bit       Adders := 1     
+---Registers : 
	                3 Bit    Registers := 2     
+---Muxes : 
	   2 Input      3 Bit        Muxes := 1     
Module single_shot 
Detailed RTL Component Info : 
+---Adders : 
	   3 Input     32 Bit       Adders := 1     
	   3 Input      9 Bit       Adders := 1     
	   3 Input      8 Bit       Adders := 2     
	   2 Input      7 Bit       Adders := 9     
	   3 Input      7 Bit       Adders := 1     
+---Registers : 
	                7 Bit    Registers := 3     
	                1 Bit    Registers := 1     
+---Muxes : 
	   2 Input      7 Bit        Muxes := 12    
	   3 Input      7 Bit        Muxes := 1     
	   3 Input      2 Bit        Muxes := 1     
Module enimate 
Detailed RTL Component Info : 
+---Adders : 
	   4 Input     33 Bit       Adders := 1     
	   2 Input     32 Bit       Adders := 4     
	   3 Input     32 Bit       Adders := 3     
	   2 Input      9 Bit       Adders := 2     
	   2 Input      8 Bit       Adders := 3     
	   3 Input      8 Bit       Adders := 2     
	   2 Input      7 Bit       Adders := 16    
+---Registers : 
	               32 Bit    Registers := 3     
	               16 Bit    Registers := 1     
	                7 Bit    Registers := 2     
	                1 Bit    Registers := 2     
+---Muxes : 
	   2 Input     32 Bit        Muxes := 5     
	   2 Input      7 Bit        Muxes := 4     
	  10 Input      7 Bit        Muxes := 1     
	   7 Input      7 Bit        Muxes := 1     
	   2 Input      2 Bit        Muxes := 2     
Module muffinimate 
Detailed RTL Component Info : 
+---Adders : 
	   4 Input     33 Bit       Adders := 1     
	   2 Input     32 Bit       Adders := 2     
	   3 Input     32 Bit       Adders := 1     
	   2 Input      9 Bit       Adders := 1     
	   2 Input      8 Bit       Adders := 2     
	   3 Input      8 Bit       Adders := 3     
	   2 Input      7 Bit       Adders := 11    
+---Registers : 
	               32 Bit    Registers := 1     
	               16 Bit    Registers := 1     
	                7 Bit    Registers := 3     
	                1 Bit    Registers := 3     
+---Muxes : 
	   2 Input     32 Bit        Muxes := 1     
	   2 Input      7 Bit        Muxes := 24    
	   3 Input      1 Bit        Muxes := 1     
Module sprite_1 
Detailed RTL Component Info : 
+---Adders : 
	   4 Input      9 Bit       Adders := 1     
	   2 Input      8 Bit       Adders := 1     
+---Muxes : 
	   2 Input     16 Bit        Muxes := 1     
	   2 Input     11 Bit        Muxes := 1     
Module sprite_2 
Detailed RTL Component Info : 
+---Adders : 
	   2 Input      8 Bit       Adders := 1     
+---Muxes : 
	   3 Input     16 Bit        Muxes := 1     
Module sprite_3 
Detailed RTL Component Info : 
+---Adders : 
	   2 Input      8 Bit       Adders := 1     
+---Muxes : 
	   2 Input     16 Bit        Muxes := 2     
	   2 Input     11 Bit        Muxes := 1     
Module make_square 
Detailed RTL Component Info : 
+---Adders : 
	   3 Input      8 Bit       Adders := 12    
	   2 Input      7 Bit       Adders := 12    
+---Registers : 
	               16 Bit    Registers := 1     
+---Muxes : 
	   2 Input     16 Bit        Muxes := 8     
	   5 Input      1 Bit        Muxes := 1     
Module Oled_Display 
Detailed RTL Component Info : 
+---Adders : 
	   2 Input     17 Bit       Adders := 1     
	   2 Input      6 Bit       Adders := 1     
+---Registers : 
	               40 Bit    Registers := 1     
	               17 Bit    Registers := 1     
	                6 Bit    Registers := 1     
+---Muxes : 
	   2 Input     40 Bit        Muxes := 3     
	  32 Input     32 Bit        Muxes := 1     
	   2 Input     32 Bit        Muxes := 2     
	  32 Input     20 Bit        Muxes := 1     
	   2 Input     17 Bit        Muxes := 1     
	  32 Input      6 Bit        Muxes := 1     
	   2 Input      6 Bit        Muxes := 1     
	   2 Input      5 Bit        Muxes := 2     
	  32 Input      5 Bit        Muxes := 1     
	   2 Input      1 Bit        Muxes := 2     
---------------------------------------------------------------------------------
Finished RTL Hierarchical Component Statistics
---------------------------------------------------------------------------------
---------------------------------------------------------------------------------
Start Part Resource Summary
---------------------------------------------------------------------------------
Part Resources:
DSPs: 90 (col length:60)
BRAMs: 100 (col length: RAMB18 60 RAMB36 30)
---------------------------------------------------------------------------------
Finished Part Resource Summary
---------------------------------------------------------------------------------
---------------------------------------------------------------------------------
Start Cross Boundary and Area Optimization
---------------------------------------------------------------------------------
Warning: Parallel synthesis criteria is not met 
INFO: [Synth 8-5545] ROM "slow_clk0" won't be mapped to RAM because address size (32) is larger than maximum supported(25)
INFO: [Synth 8-5545] ROM "slow_clk0" won't be mapped to RAM because address size (32) is larger than maximum supported(25)
INFO: [Synth 8-5546] ROM "is_y_stat0" won't be mapped to RAM because it is too sparse
INFO: [Synth 8-5545] ROM "nolabel_line36/slow_clk0" won't be mapped to RAM because address size (32) is larger than maximum supported(25)
INFO: [Synth 8-5545] ROM "nolabel_line29/slow_clk0" won't be mapped to RAM because address size (32) is larger than maximum supported(25)
INFO: [Synth 8-5545] ROM "nolabel_line36/get_fps_clock/slow_clk0" won't be mapped to RAM because address size (32) is larger than maximum supported(25)
INFO: [Synth 8-5545] ROM "slow_clk0" won't be mapped to RAM because address size (32) is larger than maximum supported(25)
INFO: [Synth 8-5546] ROM "is_y_stat0" won't be mapped to RAM because it is too sparse
INFO: [Synth 8-5545] ROM "get_fps_clock/slow_clk0" won't be mapped to RAM because address size (32) is larger than maximum supported(25)
INFO: [Synth 8-5546] ROM "fsm_next_state0" won't be mapped to RAM because it is too sparse
INFO: [Synth 8-5546] ROM "fsm_next_state0" won't be mapped to RAM because it is too sparse
INFO: [Synth 8-3886] merging instance 'draw_sq/oled_data_reg[0]' (FDE) to 'draw_sq/oled_data_reg[4]'
INFO: [Synth 8-3886] merging instance 'draw_sq/oled_data_reg[1]' (FDE) to 'draw_sq/oled_data_reg[4]'
INFO: [Synth 8-3886] merging instance 'draw_sq/oled_data_reg[2]' (FDE) to 'draw_sq/oled_data_reg[4]'
INFO: [Synth 8-3886] merging instance 'draw_sq/oled_data_reg[3]' (FDE) to 'draw_sq/oled_data_reg[4]'
INFO: [Synth 8-3886] merging instance 'draw_sq/oled_data_reg[5]' (FDE) to 'draw_sq/oled_data_reg[10]'
INFO: [Synth 8-3886] merging instance 'draw_sq/oled_data_reg[6]' (FDE) to 'draw_sq/oled_data_reg[10]'
INFO: [Synth 8-3886] merging instance 'draw_sq/oled_data_reg[7]' (FDE) to 'draw_sq/oled_data_reg[10]'
INFO: [Synth 8-3886] merging instance 'draw_sq/oled_data_reg[8]' (FDE) to 'draw_sq/oled_data_reg[10]'
INFO: [Synth 8-3886] merging instance 'draw_sq/oled_data_reg[9]' (FDE) to 'draw_sq/oled_data_reg[10]'
INFO: [Synth 8-3886] merging instance 'draw_sq/oled_data_reg[11]' (FDE) to 'draw_sq/oled_data_reg[15]'
INFO: [Synth 8-3886] merging instance 'draw_sq/oled_data_reg[12]' (FDE) to 'draw_sq/oled_data_reg[15]'
INFO: [Synth 8-3886] merging instance 'draw_sq/oled_data_reg[13]' (FDE) to 'draw_sq/oled_data_reg[15]'
INFO: [Synth 8-3886] merging instance 'choose_direction/y_vect_reg[1]' (FDSE) to 'choose_direction/y_vect_reg[2]'
INFO: [Synth 8-3886] merging instance 'choose_direction/y_vect_reg[2]' (FDSE) to 'choose_direction/y_vect_reg[3]'
INFO: [Synth 8-3886] merging instance 'choose_direction/y_vect_reg[3]' (FDSE) to 'choose_direction/y_vect_reg[4]'
INFO: [Synth 8-3886] merging instance 'choose_direction/y_vect_reg[4]' (FDSE) to 'choose_direction/y_vect_reg[5]'
INFO: [Synth 8-3886] merging instance 'choose_direction/y_vect_reg[5]' (FDSE) to 'choose_direction/y_vect_reg[6]'
INFO: [Synth 8-3886] merging instance 'choose_direction/x_vect_reg[6]' (FD) to 'choose_direction/x_vect_reg[1]'
INFO: [Synth 8-3886] merging instance 'choose_direction/x_vect_reg[5]' (FD) to 'choose_direction/x_vect_reg[1]'
INFO: [Synth 8-3886] merging instance 'choose_direction/x_vect_reg[4]' (FD) to 'choose_direction/x_vect_reg[1]'
INFO: [Synth 8-3886] merging instance 'choose_direction/x_vect_reg[3]' (FD) to 'choose_direction/x_vect_reg[1]'
INFO: [Synth 8-3886] merging instance 'choose_direction/x_vect_reg[2]' (FD) to 'choose_direction/x_vect_reg[1]'
INFO: [Synth 8-3886] merging instance 'draw_sq/oled_data_reg[14]' (FDE) to 'draw_sq/oled_data_reg[15]'
WARNING: [Synth 8-3332] Sequential element (center_sq_colour_reg[15]) is unused and will be removed from module animate.
WARNING: [Synth 8-3332] Sequential element (center_sq_colour_reg[14]) is unused and will be removed from module animate.
WARNING: [Synth 8-3332] Sequential element (center_sq_colour_reg[13]) is unused and will be removed from module animate.
WARNING: [Synth 8-3332] Sequential element (center_sq_colour_reg[12]) is unused and will be removed from module animate.
WARNING: [Synth 8-3332] Sequential element (center_sq_colour_reg[11]) is unused and will be removed from module animate.
WARNING: [Synth 8-3332] Sequential element (center_sq_colour_reg[10]) is unused and will be removed from module animate.
WARNING: [Synth 8-3332] Sequential element (center_sq_colour_reg[9]) is unused and will be removed from module animate.
WARNING: [Synth 8-3332] Sequential element (center_sq_colour_reg[8]) is unused and will be removed from module animate.
WARNING: [Synth 8-3332] Sequential element (center_sq_colour_reg[7]) is unused and will be removed from module animate.
WARNING: [Synth 8-3332] Sequential element (center_sq_colour_reg[6]) is unused and will be removed from module animate.
WARNING: [Synth 8-3332] Sequential element (center_sq_colour_reg[5]) is unused and will be removed from module animate.
WARNING: [Synth 8-3332] Sequential element (center_sq_colour_reg[4]) is unused and will be removed from module animate.
WARNING: [Synth 8-3332] Sequential element (center_sq_colour_reg[3]) is unused and will be removed from module animate.
WARNING: [Synth 8-3332] Sequential element (center_sq_colour_reg[2]) is unused and will be removed from module animate.
WARNING: [Synth 8-3332] Sequential element (center_sq_colour_reg[1]) is unused and will be removed from module animate.
WARNING: [Synth 8-3332] Sequential element (center_sq_colour_reg[0]) is unused and will be removed from module animate.
WARNING: [Synth 8-3332] Sequential element (sprite_no_reg[1]) is unused and will be removed from module animate.
WARNING: [Synth 8-3332] Sequential element (sprite_no_reg[0]) is unused and will be removed from module animate.
WARNING: [Synth 8-3332] Sequential element (jump_time_reg[31]) is unused and will be removed from module enimate.
WARNING: [Synth 8-3332] Sequential element (jump_time_reg[30]) is unused and will be removed from module enimate.
WARNING: [Synth 8-3332] Sequential element (jump_time_reg[29]) is unused and will be removed from module enimate.
WARNING: [Synth 8-3332] Sequential element (jump_time_reg[28]) is unused and will be removed from module enimate.
WARNING: [Synth 8-3332] Sequential element (jump_time_reg[27]) is unused and will be removed from module enimate.
WARNING: [Synth 8-3332] Sequential element (jump_time_reg[26]) is unused and will be removed from module enimate.
WARNING: [Synth 8-3332] Sequential element (jump_time_reg[25]) is unused and will be removed from module enimate.
WARNING: [Synth 8-3332] Sequential element (jump_time_reg[24]) is unused and will be removed from module enimate.
WARNING: [Synth 8-3332] Sequential element (jump_time_reg[23]) is unused and will be removed from module enimate.
WARNING: [Synth 8-3332] Sequential element (jump_time_reg[22]) is unused and will be removed from module enimate.
WARNING: [Synth 8-3332] Sequential element (jump_time_reg[21]) is unused and will be removed from module enimate.
WARNING: [Synth 8-3332] Sequential element (jump_time_reg[20]) is unused and will be removed from module enimate.
WARNING: [Synth 8-3332] Sequential element (jump_time_reg[19]) is unused and will be removed from module enimate.
WARNING: [Synth 8-3332] Sequential element (jump_time_reg[18]) is unused and will be removed from module enimate.
WARNING: [Synth 8-3332] Sequential element (jump_time_reg[17]) is unused and will be removed from module enimate.
WARNING: [Synth 8-3332] Sequential element (jump_time_reg[16]) is unused and will be removed from module enimate.
WARNING: [Synth 8-3332] Sequential element (jump_time_reg[15]) is unused and will be removed from module enimate.
WARNING: [Synth 8-3332] Sequential element (jump_time_reg[14]) is unused and will be removed from module enimate.
WARNING: [Synth 8-3332] Sequential element (jump_time_reg[13]) is unused and will be removed from module enimate.
WARNING: [Synth 8-3332] Sequential element (jump_time_reg[12]) is unused and will be removed from module enimate.
WARNING: [Synth 8-3332] Sequential element (jump_time_reg[11]) is unused and will be removed from module enimate.
WARNING: [Synth 8-3332] Sequential element (jump_time_reg[10]) is unused and will be removed from module enimate.
WARNING: [Synth 8-3332] Sequential element (jump_time_reg[9]) is unused and will be removed from module enimate.
WARNING: [Synth 8-3332] Sequential element (jump_time_reg[8]) is unused and will be removed from module enimate.
WARNING: [Synth 8-3332] Sequential element (jump_time_reg[7]) is unused and will be removed from module enimate.
WARNING: [Synth 8-3332] Sequential element (jump_time_reg[6]) is unused and will be removed from module enimate.
WARNING: [Synth 8-3332] Sequential element (jump_time_reg[5]) is unused and will be removed from module enimate.
WARNING: [Synth 8-3332] Sequential element (jump_time_reg[4]) is unused and will be removed from module enimate.
WARNING: [Synth 8-3332] Sequential element (jump_time_reg[3]) is unused and will be removed from module enimate.
WARNING: [Synth 8-3332] Sequential element (jump_time_reg[2]) is unused and will be removed from module enimate.
WARNING: [Synth 8-3332] Sequential element (jump_time_reg[1]) is unused and will be removed from module enimate.
WARNING: [Synth 8-3332] Sequential element (jump_time_reg[0]) is unused and will be removed from module enimate.
WARNING: [Synth 8-3332] Sequential element (center_sq_colour_reg[15]) is unused and will be removed from module enimate.
WARNING: [Synth 8-3332] Sequential element (center_sq_colour_reg[14]) is unused and will be removed from module enimate.
WARNING: [Synth 8-3332] Sequential element (center_sq_colour_reg[13]) is unused and will be removed from module enimate.
WARNING: [Synth 8-3332] Sequential element (center_sq_colour_reg[12]) is unused and will be removed from module enimate.
WARNING: [Synth 8-3332] Sequential element (center_sq_colour_reg[11]) is unused and will be removed from module enimate.
WARNING: [Synth 8-3332] Sequential element (center_sq_colour_reg[10]) is unused and will be removed from module enimate.
WARNING: [Synth 8-3332] Sequential element (center_sq_colour_reg[9]) is unused and will be removed from module enimate.
WARNING: [Synth 8-3332] Sequential element (center_sq_colour_reg[8]) is unused and will be removed from module enimate.
WARNING: [Synth 8-3332] Sequential element (center_sq_colour_reg[7]) is unused and will be removed from module enimate.
WARNING: [Synth 8-3332] Sequential element (center_sq_colour_reg[6]) is unused and will be removed from module enimate.
WARNING: [Synth 8-3332] Sequential element (center_sq_colour_reg[5]) is unused and will be removed from module enimate.
WARNING: [Synth 8-3332] Sequential element (center_sq_colour_reg[4]) is unused and will be removed from module enimate.
WARNING: [Synth 8-3332] Sequential element (center_sq_colour_reg[3]) is unused and will be removed from module enimate.
WARNING: [Synth 8-3332] Sequential element (center_sq_colour_reg[2]) is unused and will be removed from module enimate.
WARNING: [Synth 8-3332] Sequential element (center_sq_colour_reg[1]) is unused and will be removed from module enimate.
WARNING: [Synth 8-3332] Sequential element (center_sq_colour_reg[0]) is unused and will be removed from module enimate.
WARNING: [Synth 8-3332] Sequential element (center_sq_colour_reg[15]) is unused and will be removed from module muffinimate.
WARNING: [Synth 8-3332] Sequential element (center_sq_colour_reg[14]) is unused and will be removed from module muffinimate.
WARNING: [Synth 8-3332] Sequential element (center_sq_colour_reg[13]) is unused and will be removed from module muffinimate.
WARNING: [Synth 8-3332] Sequential element (center_sq_colour_reg[12]) is unused and will be removed from module muffinimate.
WARNING: [Synth 8-3332] Sequential element (center_sq_colour_reg[11]) is unused and will be removed from module muffinimate.
WARNING: [Synth 8-3332] Sequential element (center_sq_colour_reg[10]) is unused and will be removed from module muffinimate.
WARNING: [Synth 8-3332] Sequential element (center_sq_colour_reg[9]) is unused and will be removed from module muffinimate.
WARNING: [Synth 8-3332] Sequential element (center_sq_colour_reg[8]) is unused and will be removed from module muffinimate.
WARNING: [Synth 8-3332] Sequential element (center_sq_colour_reg[7]) is unused and will be removed from module muffinimate.
WARNING: [Synth 8-3332] Sequential element (center_sq_colour_reg[6]) is unused and will be removed from module muffinimate.
WARNING: [Synth 8-3332] Sequential element (center_sq_colour_reg[5]) is unused and will be removed from module muffinimate.
WARNING: [Synth 8-3332] Sequential element (center_sq_colour_reg[4]) is unused and will be removed from module muffinimate.
WARNING: [Synth 8-3332] Sequential element (center_sq_colour_reg[3]) is unused and will be removed from module muffinimate.
WARNING: [Synth 8-3332] Sequential element (center_sq_colour_reg[2]) is unused and will be removed from module muffinimate.
WARNING: [Synth 8-3332] Sequential element (center_sq_colour_reg[1]) is unused and will be removed from module muffinimate.
WARNING: [Synth 8-3332] Sequential element (center_sq_colour_reg[0]) is unused and will be removed from module muffinimate.
---------------------------------------------------------------------------------
Finished Cross Boundary and Area Optimization : Time (s): cpu = 00:00:13 ; elapsed = 00:00:26 . Memory (MB): peak = 762.387 ; gain = 502.250
---------------------------------------------------------------------------------

Report RTL Partitions: 
+-+--------------+------------+----------+
| |RTL Partition |Replication |Instances |
+-+--------------+------------+----------+
+-+--------------+------------+----------+
---------------------------------------------------------------------------------
Start Applying XDC Timing Constraints
---------------------------------------------------------------------------------
---------------------------------------------------------------------------------
Finished Applying XDC Timing Constraints : Time (s): cpu = 00:00:17 ; elapsed = 00:00:32 . Memory (MB): peak = 762.387 ; gain = 502.250
---------------------------------------------------------------------------------
---------------------------------------------------------------------------------
Start Timing Optimization
---------------------------------------------------------------------------------
---------------------------------------------------------------------------------
Finished Timing Optimization : Time (s): cpu = 00:00:17 ; elapsed = 00:00:33 . Memory (MB): peak = 785.570 ; gain = 525.434
---------------------------------------------------------------------------------

Report RTL Partitions: 
+-+--------------+------------+----------+
| |RTL Partition |Replication |Instances |
+-+--------------+------------+----------+
+-+--------------+------------+----------+
---------------------------------------------------------------------------------
Start Technology Mapping
---------------------------------------------------------------------------------
WARNING: [Synth 8-3332] Sequential element (animate_hero/jump_time_reg[31]) is unused and will be removed from module Top_Student.
WARNING: [Synth 8-3332] Sequential element (animate_hero/jump_time_reg[30]) is unused and will be removed from module Top_Student.
WARNING: [Synth 8-3332] Sequential element (animate_hero/jump_time_reg[29]) is unused and will be removed from module Top_Student.
WARNING: [Synth 8-3332] Sequential element (animate_hero/jump_time_reg[28]) is unused and will be removed from module Top_Student.
WARNING: [Synth 8-3332] Sequential element (animate_hero/jump_time_reg[27]) is unused and will be removed from module Top_Student.
WARNING: [Synth 8-3332] Sequential element (animate_hero/jump_time_reg[26]) is unused and will be removed from module Top_Student.
WARNING: [Synth 8-3332] Sequential element (animate_hero/jump_time_reg[25]) is unused and will be removed from module Top_Student.
WARNING: [Synth 8-3332] Sequential element (animate_hero/jump_time_reg[24]) is unused and will be removed from module Top_Student.
WARNING: [Synth 8-3332] Sequential element (animate_hero/jump_time_reg[23]) is unused and will be removed from module Top_Student.
WARNING: [Synth 8-3332] Sequential element (animate_hero/jump_time_reg[22]) is unused and will be removed from module Top_Student.
WARNING: [Synth 8-3332] Sequential element (animate_hero/jump_time_reg[21]) is unused and will be removed from module Top_Student.
WARNING: [Synth 8-3332] Sequential element (animate_hero/jump_time_reg[20]) is unused and will be removed from module Top_Student.
WARNING: [Synth 8-3332] Sequential element (animate_hero/jump_time_reg[19]) is unused and will be removed from module Top_Student.
WARNING: [Synth 8-3332] Sequential element (animate_hero/jump_time_reg[18]) is unused and will be removed from module Top_Student.
WARNING: [Synth 8-3332] Sequential element (animate_hero/jump_time_reg[17]) is unused and will be removed from module Top_Student.
WARNING: [Synth 8-3332] Sequential element (animate_hero/jump_time_reg[16]) is unused and will be removed from module Top_Student.
WARNING: [Synth 8-3332] Sequential element (animate_hero/jump_time_reg[15]) is unused and will be removed from module Top_Student.
WARNING: [Synth 8-3332] Sequential element (animate_hero/jump_time_reg[14]) is unused and will be removed from module Top_Student.
INFO: [Common 17-14] Message 'Synth 8-3332' appears 100 times and further instances of the messages will be disabled. Use the Tcl command set_msg_config to change the current settings.
---------------------------------------------------------------------------------
Finished Technology Mapping : Time (s): cpu = 00:00:18 ; elapsed = 00:00:35 . Memory (MB): peak = 859.406 ; gain = 599.270
---------------------------------------------------------------------------------

Report RTL Partitions: 
+-+--------------+------------+----------+
| |RTL Partition |Replication |Instances |
+-+--------------+------------+----------+
+-+--------------+------------+----------+
---------------------------------------------------------------------------------
Start IO Insertion
---------------------------------------------------------------------------------
---------------------------------------------------------------------------------
Start Flattening Before IO Insertion
---------------------------------------------------------------------------------
---------------------------------------------------------------------------------
Finished Flattening Before IO Insertion
---------------------------------------------------------------------------------
---------------------------------------------------------------------------------
Start Final Netlist Cleanup
---------------------------------------------------------------------------------
---------------------------------------------------------------------------------
Finished Final Netlist Cleanup
---------------------------------------------------------------------------------
---------------------------------------------------------------------------------
Finished IO Insertion : Time (s): cpu = 00:00:18 ; elapsed = 00:00:36 . Memory (MB): peak = 859.406 ; gain = 599.270
---------------------------------------------------------------------------------

Report Check Netlist: 
+------+------------------+-------+---------+-------+------------------+
|      |Item              |Errors |Warnings |Status |Description       |
+------+------------------+-------+---------+-------+------------------+
|1     |multi_driven_nets |      0|        0|Passed |Multi driven nets |
+------+------------------+-------+---------+-------+------------------+
---------------------------------------------------------------------------------
Start Renaming Generated Instances
---------------------------------------------------------------------------------
---------------------------------------------------------------------------------
Finished Renaming Generated Instances : Time (s): cpu = 00:00:18 ; elapsed = 00:00:36 . Memory (MB): peak = 859.406 ; gain = 599.270
---------------------------------------------------------------------------------

Report RTL Partitions: 
+-+--------------+------------+----------+
| |RTL Partition |Replication |Instances |
+-+--------------+------------+----------+
+-+--------------+------------+----------+
---------------------------------------------------------------------------------
Start Rebuilding User Hierarchy
---------------------------------------------------------------------------------
---------------------------------------------------------------------------------
Finished Rebuilding User Hierarchy : Time (s): cpu = 00:00:19 ; elapsed = 00:00:36 . Memory (MB): peak = 859.406 ; gain = 599.270
---------------------------------------------------------------------------------
---------------------------------------------------------------------------------
Start Renaming Generated Ports
---------------------------------------------------------------------------------
---------------------------------------------------------------------------------
Finished Renaming Generated Ports : Time (s): cpu = 00:00:19 ; elapsed = 00:00:36 . Memory (MB): peak = 859.406 ; gain = 599.270
---------------------------------------------------------------------------------
---------------------------------------------------------------------------------
Start Handling Custom Attributes
---------------------------------------------------------------------------------
---------------------------------------------------------------------------------
Finished Handling Custom Attributes : Time (s): cpu = 00:00:19 ; elapsed = 00:00:36 . Memory (MB): peak = 859.406 ; gain = 599.270
---------------------------------------------------------------------------------
---------------------------------------------------------------------------------
Start Renaming Generated Nets
---------------------------------------------------------------------------------
---------------------------------------------------------------------------------
Finished Renaming Generated Nets : Time (s): cpu = 00:00:19 ; elapsed = 00:00:36 . Memory (MB): peak = 859.406 ; gain = 599.270
---------------------------------------------------------------------------------
---------------------------------------------------------------------------------
Start Writing Synthesis Report
---------------------------------------------------------------------------------

Report BlackBoxes: 
+-+--------------+----------+
| |BlackBox name |Instances |
+-+--------------+----------+
+-+--------------+----------+

Report Cell Usage: 
+------+-------+------+
|      |Cell   |Count |
+------+-------+------+
|1     |BUFG   |     6|
|2     |CARRY4 |   833|
|3     |LUT1   |   176|
|4     |LUT2   |   788|
|5     |LUT3   |   707|
|6     |LUT4   |   666|
|7     |LUT5   |   896|
|8     |LUT6   |  1755|
|9     |MUXF7  |     2|
|10    |FDE_1  |    32|
|11    |FDRE   |   610|
|12    |IBUF   |     6|
|13    |OBUF   |    10|
|14    |OBUFT  |     1|
+------+-------+------+

Report Instance Areas: 
+------+---------------------+-------------------+------+
|      |Instance             |Module             |Cells |
+------+---------------------+-------------------+------+
|1     |top                  |                   |  6488|
|2     |  Q3A1               |Oled_Display       |   640|
|3     |  animate_enemy      |enimate            |  1943|
|4     |    get_fps_clock    |flexy_clock_5      |    63|
|5     |  animate_hero       |animate            |  2138|
|6     |    get_fps_clock    |flexy_clock_4      |    63|
|7     |  animate_muffin     |muffinimate        |  1095|
|8     |    get_fps_clock    |flexy_clock_3      |    55|
|9     |  animate_projectile |projectile_animate |   201|
|10    |    nolabel_line36   |single_shot        |   201|
|11    |      get_fps_clock  |flexy_clock_2      |    54|
|12    |  choose_direction   |direction_mux      |    82|
|13    |  clk_6p25MHz        |flexy_clock        |    64|
|14    |  draw_sq            |make_square        |    67|
|15    |    draw_sprite_1    |sprite_1           |     4|
|16    |    draw_sprite_2    |sprite_2           |     3|
|17    |    draw_sprite_3    |sprite_3           |     5|
|18    |  nolabel_line86     |hero_damage        |   151|
|19    |    nolabel_line36   |flexy_clock_1      |    54|
|20    |  nolabel_line87     |touch_muff         |    72|
|21    |    nolabel_line29   |flexy_clock_0      |    54|
+------+---------------------+-------------------+------+
---------------------------------------------------------------------------------
Finished Writing Synthesis Report : Time (s): cpu = 00:00:19 ; elapsed = 00:00:36 . Memory (MB): peak = 859.406 ; gain = 599.270
---------------------------------------------------------------------------------
Synthesis finished with 0 errors, 0 critical warnings and 502 warnings.
Synthesis Optimization Runtime : Time (s): cpu = 00:00:14 ; elapsed = 00:00:30 . Memory (MB): peak = 859.406 ; gain = 251.121
Synthesis Optimization Complete : Time (s): cpu = 00:00:19 ; elapsed = 00:00:37 . Memory (MB): peak = 859.406 ; gain = 599.270
INFO: [Project 1-571] Translating synthesized netlist
INFO: [Netlist 29-17] Analyzing 873 Unisim elements for replacement
INFO: [Netlist 29-28] Unisim Transformation completed in 0 CPU seconds
INFO: [Project 1-570] Preparing netlist for logic optimization
INFO: [Opt 31-138] Pushed 0 inverter(s) to 0 load pin(s).
INFO: [Project 1-111] Unisim Transformation Summary:
  A total of 32 instances were transformed.
  FDE_1 => FDRE (inverted pins: C): 32 instances

INFO: [Common 17-83] Releasing license: Synthesis
96 Infos, 240 Warnings, 2 Critical Warnings and 0 Errors encountered.
synth_design completed successfully
synth_design: Time (s): cpu = 00:00:19 ; elapsed = 00:00:40 . Memory (MB): peak = 859.406 ; gain = 612.281
WARNING: [Constraints 18-5210] No constraint will be written out.
INFO: [Common 17-1381] The checkpoint 'C:/Users/cyber/Desktop/Kashfy-EE2026-Vivado/MODS/MODS.runs/synth_1/Top_Student.dcp' has been generated.
INFO: [runtcl-4] Executing : report_utilization -file Top_Student_utilization_synth.rpt -pb Top_Student_utilization_synth.pb
report_utilization: Time (s): cpu = 00:00:00 ; elapsed = 00:00:00.044 . Memory (MB): peak = 859.406 ; gain = 0.000
INFO: [Common 17-206] Exiting Vivado at Thu Oct 31 22:22:45 2024...

*** Running vivado
    with args -log Top_Student.vds -m64 -product Vivado -mode batch -messageDb vivado.pb -notrace -source Top_Student.tcl


****** Vivado v2018.2 (64-bit)
  **** SW Build 2258646 on Thu Jun 14 20:03:12 MDT 2018
  **** IP Build 2256618 on Thu Jun 14 22:10:49 MDT 2018
    ** Copyright 1986-2018 Xilinx, Inc. All Rights Reserved.

source Top_Student.tcl -notrace
Command: synth_design -top Top_Student -part xc7a35tcpg236-1
Starting synth_design
Attempting to get a license for feature 'Synthesis' and/or device 'xc7a35t'
INFO: [Common 17-349] Got license for feature 'Synthesis' and/or device 'xc7a35t'
INFO: Launching helper process for spawning children vivado processes
INFO: Helper process launched with PID 17204 
WARNING: [Synth 8-976] YELLOW has already been declared [C:/Users/cyber/Desktop/Kashfy-EE2026-Vivado/MODS/MODS.srcs/sources_1/new/make_square.v:134]
WARNING: [Synth 8-2654] second declaration of YELLOW ignored [C:/Users/cyber/Desktop/Kashfy-EE2026-Vivado/MODS/MODS.srcs/sources_1/new/make_square.v:134]
INFO: [Synth 8-994] YELLOW is declared here [C:/Users/cyber/Desktop/Kashfy-EE2026-Vivado/MODS/MODS.srcs/sources_1/new/make_square.v:130]
---------------------------------------------------------------------------------
Starting RTL Elaboration : Time (s): cpu = 00:00:01 ; elapsed = 00:00:02 . Memory (MB): peak = 371.465 ; gain = 111.566
---------------------------------------------------------------------------------
INFO: [Synth 8-6157] synthesizing module 'Top_Student' [C:/Users/cyber/Desktop/Kashfy-EE2026-Vivado/MODS/MODS.srcs/sources_1/new/Top_Student.v:14]
INFO: [Synth 8-6157] synthesizing module 'flexy_clock' [C:/Users/cyber/Desktop/Kashfy-EE2026-Vivado/MODS/MODS.srcs/sources_1/new/flexy_clock.v:23]
INFO: [Synth 8-6155] done synthesizing module 'flexy_clock' (1#1) [C:/Users/cyber/Desktop/Kashfy-EE2026-Vivado/MODS/MODS.srcs/sources_1/new/flexy_clock.v:23]
INFO: [Synth 8-6157] synthesizing module 'direction_mux' [C:/Users/cyber/Desktop/Kashfy-EE2026-Vivado/MODS/MODS.srcs/sources_1/new/direction_mux.v:23]
INFO: [Synth 8-6155] done synthesizing module 'direction_mux' (2#1) [C:/Users/cyber/Desktop/Kashfy-EE2026-Vivado/MODS/MODS.srcs/sources_1/new/direction_mux.v:23]
INFO: [Synth 8-6157] synthesizing module 'animate' [C:/Users/cyber/Desktop/Kashfy-EE2026-Vivado/MODS/MODS.srcs/sources_1/new/animate.v:23]
WARNING: [Synth 8-311] ignoring non-constant assignment in initial block [C:/Users/cyber/Desktop/Kashfy-EE2026-Vivado/MODS/MODS.srcs/sources_1/new/animate.v:42]
WARNING: [Synth 8-311] ignoring non-constant assignment in initial block [C:/Users/cyber/Desktop/Kashfy-EE2026-Vivado/MODS/MODS.srcs/sources_1/new/animate.v:43]
WARNING: [Synth 8-6014] Unused sequential element x_increment_reg was removed.  [C:/Users/cyber/Desktop/Kashfy-EE2026-Vivado/MODS/MODS.srcs/sources_1/new/animate.v:69]
INFO: [Synth 8-6155] done synthesizing module 'animate' (3#1) [C:/Users/cyber/Desktop/Kashfy-EE2026-Vivado/MODS/MODS.srcs/sources_1/new/animate.v:23]
WARNING: [Synth 8-689] width (4) of port connection 'sq_width' does not match port width (7) of module 'animate' [C:/Users/cyber/Desktop/Kashfy-EE2026-Vivado/MODS/MODS.srcs/sources_1/new/Top_Student.v:76]
WARNING: [Synth 8-689] width (4) of port connection 'sq_height' does not match port width (7) of module 'animate' [C:/Users/cyber/Desktop/Kashfy-EE2026-Vivado/MODS/MODS.srcs/sources_1/new/Top_Student.v:76]
WARNING: [Synth 8-689] width (1) of port connection 'reset' does not match port width (7) of module 'animate' [C:/Users/cyber/Desktop/Kashfy-EE2026-Vivado/MODS/MODS.srcs/sources_1/new/Top_Student.v:79]
WARNING: [Synth 8-350] instance 'animate_hero' of module 'animate' requires 29 connections, but only 21 given [C:/Users/cyber/Desktop/Kashfy-EE2026-Vivado/MODS/MODS.srcs/sources_1/new/Top_Student.v:75]
INFO: [Synth 8-6157] synthesizing module 'hero_damage' [C:/Users/cyber/Desktop/Kashfy-EE2026-Vivado/MODS/MODS.srcs/sources_1/new/hero_damage.v:23]
INFO: [Synth 8-6155] done synthesizing module 'hero_damage' (4#1) [C:/Users/cyber/Desktop/Kashfy-EE2026-Vivado/MODS/MODS.srcs/sources_1/new/hero_damage.v:23]
INFO: [Synth 8-6157] synthesizing module 'touch_muff' [C:/Users/cyber/Desktop/Kashfy-EE2026-Vivado/MODS/MODS.srcs/sources_1/new/touch_muff.v:23]
WARNING: [Synth 8-311] ignoring non-constant assignment in initial block [C:/Users/cyber/Desktop/Kashfy-EE2026-Vivado/MODS/MODS.srcs/sources_1/new/touch_muff.v:36]
WARNING: [Synth 8-6014] Unused sequential element muff_count_reg was removed.  [C:/Users/cyber/Desktop/Kashfy-EE2026-Vivado/MODS/MODS.srcs/sources_1/new/touch_muff.v:42]
INFO: [Synth 8-6155] done synthesizing module 'touch_muff' (5#1) [C:/Users/cyber/Desktop/Kashfy-EE2026-Vivado/MODS/MODS.srcs/sources_1/new/touch_muff.v:23]
INFO: [Synth 8-6157] synthesizing module 'projectile_animate' [C:/Users/cyber/Desktop/Kashfy-EE2026-Vivado/MODS/MODS.srcs/sources_1/new/projectile_animate.v:23]
INFO: [Synth 8-6157] synthesizing module 'laser_shot' [C:/Users/cyber/Desktop/Kashfy-EE2026-Vivado/MODS/MODS.srcs/sources_1/new/projectile_animate.v:144]
WARNING: [Synth 8-311] ignoring non-constant assignment in initial block [C:/Users/cyber/Desktop/Kashfy-EE2026-Vivado/MODS/MODS.srcs/sources_1/new/projectile_animate.v:171]
WARNING: [Synth 8-6014] Unused sequential element y_increment_reg was removed.  [C:/Users/cyber/Desktop/Kashfy-EE2026-Vivado/MODS/MODS.srcs/sources_1/new/projectile_animate.v:185]
WARNING: [Synth 8-3848] Net proj_hit_enemy in module/entity laser_shot does not have driver. [C:/Users/cyber/Desktop/Kashfy-EE2026-Vivado/MODS/MODS.srcs/sources_1/new/projectile_animate.v:152]
INFO: [Synth 8-6155] done synthesizing module 'laser_shot' (6#1) [C:/Users/cyber/Desktop/Kashfy-EE2026-Vivado/MODS/MODS.srcs/sources_1/new/projectile_animate.v:144]
WARNING: [Synth 8-689] width (7) of port connection 'proj_move' does not match port width (1) of module 'laser_shot' [C:/Users/cyber/Desktop/Kashfy-EE2026-Vivado/MODS/MODS.srcs/sources_1/new/projectile_animate.v:49]
WARNING: [Synth 8-689] width (7) of port connection 'proj_hit_enemy' does not match port width (1) of module 'laser_shot' [C:/Users/cyber/Desktop/Kashfy-EE2026-Vivado/MODS/MODS.srcs/sources_1/new/projectile_animate.v:49]
WARNING: [Synth 8-350] instance 'nolabel_line44' of module 'laser_shot' requires 25 connections, but only 24 given [C:/Users/cyber/Desktop/Kashfy-EE2026-Vivado/MODS/MODS.srcs/sources_1/new/projectile_animate.v:44]
INFO: [Synth 8-6155] done synthesizing module 'projectile_animate' (7#1) [C:/Users/cyber/Desktop/Kashfy-EE2026-Vivado/MODS/MODS.srcs/sources_1/new/projectile_animate.v:23]
WARNING: [Synth 8-689] width (4) of port connection 'sq_width' does not match port width (7) of module 'projectile_animate' [C:/Users/cyber/Desktop/Kashfy-EE2026-Vivado/MODS/MODS.srcs/sources_1/new/Top_Student.v:94]
WARNING: [Synth 8-689] width (4) of port connection 'sq_height' does not match port width (7) of module 'projectile_animate' [C:/Users/cyber/Desktop/Kashfy-EE2026-Vivado/MODS/MODS.srcs/sources_1/new/Top_Student.v:94]
WARNING: [Synth 8-689] width (1) of port connection 'reset' does not match port width (7) of module 'projectile_animate' [C:/Users/cyber/Desktop/Kashfy-EE2026-Vivado/MODS/MODS.srcs/sources_1/new/Top_Student.v:97]
WARNING: [Synth 8-689] width (1) of port connection 'proj_move' does not match port width (7) of module 'projectile_animate' [C:/Users/cyber/Desktop/Kashfy-EE2026-Vivado/MODS/MODS.srcs/sources_1/new/Top_Student.v:98]
WARNING: [Synth 8-689] width (1) of port connection 'proj_hit_enemy' does not match port width (7) of module 'projectile_animate' [C:/Users/cyber/Desktop/Kashfy-EE2026-Vivado/MODS/MODS.srcs/sources_1/new/Top_Student.v:98]
INFO: [Synth 8-6157] synthesizing module 'enimate' [C:/Users/cyber/Desktop/Kashfy-EE2026-Vivado/MODS/MODS.srcs/sources_1/new/enimate.v:23]
WARNING: [Synth 8-6014] Unused sequential element x_increment_reg was removed.  [C:/Users/cyber/Desktop/Kashfy-EE2026-Vivado/MODS/MODS.srcs/sources_1/new/enimate.v:66]
WARNING: [Synth 8-6014] Unused sequential element y_increment_reg was removed.  [C:/Users/cyber/Desktop/Kashfy-EE2026-Vivado/MODS/MODS.srcs/sources_1/new/enimate.v:67]
INFO: [Synth 8-6155] done synthesizing module 'enimate' (8#1) [C:/Users/cyber/Desktop/Kashfy-EE2026-Vivado/MODS/MODS.srcs/sources_1/new/enimate.v:23]
WARNING: [Synth 8-689] width (4) of port connection 'sq_width' does not match port width (7) of module 'enimate' [C:/Users/cyber/Desktop/Kashfy-EE2026-Vivado/MODS/MODS.srcs/sources_1/new/Top_Student.v:103]
WARNING: [Synth 8-689] width (4) of port connection 'sq_height' does not match port width (7) of module 'enimate' [C:/Users/cyber/Desktop/Kashfy-EE2026-Vivado/MODS/MODS.srcs/sources_1/new/Top_Student.v:103]
WARNING: [Synth 8-689] width (1) of port connection 'reset' does not match port width (7) of module 'enimate' [C:/Users/cyber/Desktop/Kashfy-EE2026-Vivado/MODS/MODS.srcs/sources_1/new/Top_Student.v:107]
WARNING: [Synth 8-350] instance 'animate_enemy' of module 'enimate' requires 28 connections, but only 24 given [C:/Users/cyber/Desktop/Kashfy-EE2026-Vivado/MODS/MODS.srcs/sources_1/new/Top_Student.v:102]
INFO: [Synth 8-6157] synthesizing module 'muffinimate' [C:/Users/cyber/Desktop/Kashfy-EE2026-Vivado/MODS/MODS.srcs/sources_1/new/muffinimate.v:23]
WARNING: [Synth 8-311] ignoring non-constant assignment in initial block [C:/Users/cyber/Desktop/Kashfy-EE2026-Vivado/MODS/MODS.srcs/sources_1/new/muffinimate.v:41]
WARNING: [Synth 8-311] ignoring non-constant assignment in initial block [C:/Users/cyber/Desktop/Kashfy-EE2026-Vivado/MODS/MODS.srcs/sources_1/new/muffinimate.v:42]
WARNING: [Synth 8-6014] Unused sequential element x_increment_reg was removed.  [C:/Users/cyber/Desktop/Kashfy-EE2026-Vivado/MODS/MODS.srcs/sources_1/new/muffinimate.v:64]
INFO: [Synth 8-6155] done synthesizing module 'muffinimate' (9#1) [C:/Users/cyber/Desktop/Kashfy-EE2026-Vivado/MODS/MODS.srcs/sources_1/new/muffinimate.v:23]
WARNING: [Synth 8-689] width (4) of port connection 'sq_width' does not match port width (7) of module 'muffinimate' [C:/Users/cyber/Desktop/Kashfy-EE2026-Vivado/MODS/MODS.srcs/sources_1/new/Top_Student.v:112]
WARNING: [Synth 8-689] width (4) of port connection 'sq_height' does not match port width (7) of module 'muffinimate' [C:/Users/cyber/Desktop/Kashfy-EE2026-Vivado/MODS/MODS.srcs/sources_1/new/Top_Student.v:112]
WARNING: [Synth 8-689] width (1) of port connection 'reset' does not match port width (7) of module 'muffinimate' [C:/Users/cyber/Desktop/Kashfy-EE2026-Vivado/MODS/MODS.srcs/sources_1/new/Top_Student.v:116]
WARNING: [Synth 8-350] instance 'animate_muffin' of module 'muffinimate' requires 28 connections, but only 24 given [C:/Users/cyber/Desktop/Kashfy-EE2026-Vivado/MODS/MODS.srcs/sources_1/new/Top_Student.v:111]
INFO: [Synth 8-6157] synthesizing module 'make_square' [C:/Users/cyber/Desktop/Kashfy-EE2026-Vivado/MODS/MODS.srcs/sources_1/new/make_square.v:23]
INFO: [Synth 8-6157] synthesizing module 'sprite_1' [C:/Users/cyber/Desktop/Kashfy-EE2026-Vivado/MODS/MODS.srcs/sources_1/new/make_square.v:83]
WARNING: [Synth 8-85] always block has no event control specified [C:/Users/cyber/Desktop/Kashfy-EE2026-Vivado/MODS/MODS.srcs/sources_1/new/make_square.v:92]
INFO: [Synth 8-6155] done synthesizing module 'sprite_1' (10#1) [C:/Users/cyber/Desktop/Kashfy-EE2026-Vivado/MODS/MODS.srcs/sources_1/new/make_square.v:83]
INFO: [Synth 8-6157] synthesizing module 'sprite_2' [C:/Users/cyber/Desktop/Kashfy-EE2026-Vivado/MODS/MODS.srcs/sources_1/new/make_square.v:104]
WARNING: [Synth 8-85] always block has no event control specified [C:/Users/cyber/Desktop/Kashfy-EE2026-Vivado/MODS/MODS.srcs/sources_1/new/make_square.v:113]
INFO: [Synth 8-6155] done synthesizing module 'sprite_2' (11#1) [C:/Users/cyber/Desktop/Kashfy-EE2026-Vivado/MODS/MODS.srcs/sources_1/new/make_square.v:104]
INFO: [Synth 8-6157] synthesizing module 'sprite_3' [C:/Users/cyber/Desktop/Kashfy-EE2026-Vivado/MODS/MODS.srcs/sources_1/new/make_square.v:125]
WARNING: [Synth 8-85] always block has no event control specified [C:/Users/cyber/Desktop/Kashfy-EE2026-Vivado/MODS/MODS.srcs/sources_1/new/make_square.v:155]
INFO: [Synth 8-6155] done synthesizing module 'sprite_3' (12#1) [C:/Users/cyber/Desktop/Kashfy-EE2026-Vivado/MODS/MODS.srcs/sources_1/new/make_square.v:125]
INFO: [Synth 8-6155] done synthesizing module 'make_square' (13#1) [C:/Users/cyber/Desktop/Kashfy-EE2026-Vivado/MODS/MODS.srcs/sources_1/new/make_square.v:23]
WARNING: [Synth 8-689] width (1) of port connection 'proj_move' does not match port width (3) of module 'make_square' [C:/Users/cyber/Desktop/Kashfy-EE2026-Vivado/MODS/MODS.srcs/sources_1/new/Top_Student.v:121]
INFO: [Synth 8-6157] synthesizing module 'Oled_Display' [C:/Users/cyber/Desktop/Kashfy-EE2026-Vivado/MODS/MODS.srcs/sources_1/imports/Desktop/Oled_Display.v:36]
	Parameter Width bound to: 96 - type: integer 
	Parameter Height bound to: 64 - type: integer 
	Parameter PixelCount bound to: 6144 - type: integer 
	Parameter PixelCountWidth bound to: 13 - type: integer 
	Parameter ClkFreq bound to: 6250000 - type: integer 
	Parameter FrameFreq bound to: 60 - type: integer 
	Parameter FrameDiv bound to: 104166 - type: integer 
	Parameter FrameDivWidth bound to: 17 - type: integer 
	Parameter PowerDelay bound to: 20 - type: integer 
	Parameter ResetDelay bound to: 3 - type: integer 
	Parameter VccEnDelay bound to: 20 - type: integer 
	Parameter StartupCompleteDelay bound to: 100 - type: integer 
	Parameter MaxDelay bound to: 100 - type: integer 
	Parameter MaxDelayCount bound to: 625000 - type: integer 
	Parameter StateCount bound to: 32 - type: integer 
	Parameter StateWidth bound to: 5 - type: integer 
	Parameter PowerUp bound to: 5'b00000 
	Parameter Reset bound to: 5'b00001 
	Parameter ReleaseReset bound to: 5'b00011 
	Parameter EnableDriver bound to: 5'b00010 
	Parameter DisplayOff bound to: 5'b00110 
	Parameter SetRemapDisplayFormat bound to: 5'b00111 
	Parameter SetStartLine bound to: 5'b00101 
	Parameter SetOffset bound to: 5'b00100 
	Parameter SetNormalDisplay bound to: 5'b01100 
	Parameter SetMultiplexRatio bound to: 5'b01101 
	Parameter SetMasterConfiguration bound to: 5'b01111 
	Parameter DisablePowerSave bound to: 5'b01110 
	Parameter SetPhaseAdjust bound to: 5'b01010 
	Parameter SetDisplayClock bound to: 5'b01011 
	Parameter SetSecondPrechargeA bound to: 5'b01001 
	Parameter SetSecondPrechargeB bound to: 5'b01000 
	Parameter SetSecondPrechargeC bound to: 5'b11000 
	Parameter SetPrechargeLevel bound to: 5'b11001 
	Parameter SetVCOMH bound to: 5'b11011 
	Parameter SetMasterCurrent bound to: 5'b11010 
	Parameter SetContrastA bound to: 5'b11110 
	Parameter SetContrastB bound to: 5'b11111 
	Parameter SetContrastC bound to: 5'b11101 
	Parameter DisableScrolling bound to: 5'b11100 
	Parameter ClearScreen bound to: 5'b10100 
	Parameter VccEn bound to: 5'b10101 
	Parameter DisplayOn bound to: 5'b10111 
	Parameter PrepareNextFrame bound to: 5'b10110 
	Parameter SetColAddress bound to: 5'b10010 
	Parameter SetRowAddress bound to: 5'b10011 
	Parameter WaitNextFrame bound to: 5'b10001 
	Parameter SendPixel bound to: 5'b10000 
	Parameter SpiCommandMaxWidth bound to: 40 - type: integer 
	Parameter SpiCommandBitCountWidth bound to: 6 - type: integer 
INFO: [Synth 8-226] default block is never used [C:/Users/cyber/Desktop/Kashfy-EE2026-Vivado/MODS/MODS.srcs/sources_1/imports/Desktop/Oled_Display.v:123]
INFO: [Synth 8-226] default block is never used [C:/Users/cyber/Desktop/Kashfy-EE2026-Vivado/MODS/MODS.srcs/sources_1/imports/Desktop/Oled_Display.v:198]
WARNING: [Synth 8-693] zero replication count - replication ignored [C:/Users/cyber/Desktop/Kashfy-EE2026-Vivado/MODS/MODS.srcs/sources_1/imports/Desktop/Oled_Display.v:346]
INFO: [Synth 8-6155] done synthesizing module 'Oled_Display' (14#1) [C:/Users/cyber/Desktop/Kashfy-EE2026-Vivado/MODS/MODS.srcs/sources_1/imports/Desktop/Oled_Display.v:36]
INFO: [Synth 8-6155] done synthesizing module 'Top_Student' (15#1) [C:/Users/cyber/Desktop/Kashfy-EE2026-Vivado/MODS/MODS.srcs/sources_1/new/Top_Student.v:14]
WARNING: [Synth 8-3331] design sprite_3 has unconnected port y_oled[6]
WARNING: [Synth 8-3331] design sprite_3 has unconnected port y_oled[5]
WARNING: [Synth 8-3331] design sprite_3 has unconnected port y_oled[4]
WARNING: [Synth 8-3331] design sprite_3 has unconnected port y_oled[3]
WARNING: [Synth 8-3331] design sprite_3 has unconnected port y_oled[2]
WARNING: [Synth 8-3331] design sprite_3 has unconnected port y_oled[1]
WARNING: [Synth 8-3331] design sprite_3 has unconnected port y_oled[0]
WARNING: [Synth 8-3331] design sprite_3 has unconnected port y_ref[6]
WARNING: [Synth 8-3331] design sprite_3 has unconnected port y_ref[5]
WARNING: [Synth 8-3331] design sprite_3 has unconnected port y_ref[4]
WARNING: [Synth 8-3331] design sprite_3 has unconnected port y_ref[3]
WARNING: [Synth 8-3331] design sprite_3 has unconnected port y_ref[2]
WARNING: [Synth 8-3331] design sprite_3 has unconnected port y_ref[1]
WARNING: [Synth 8-3331] design sprite_3 has unconnected port y_ref[0]
WARNING: [Synth 8-3331] design sprite_3 has unconnected port sprite_height[6]
WARNING: [Synth 8-3331] design sprite_3 has unconnected port sprite_height[5]
WARNING: [Synth 8-3331] design sprite_3 has unconnected port sprite_height[4]
WARNING: [Synth 8-3331] design sprite_3 has unconnected port sprite_height[3]
WARNING: [Synth 8-3331] design sprite_3 has unconnected port sprite_height[2]
WARNING: [Synth 8-3331] design sprite_3 has unconnected port sprite_height[1]
WARNING: [Synth 8-3331] design sprite_3 has unconnected port sprite_height[0]
WARNING: [Synth 8-3331] design sprite_2 has unconnected port y_oled[6]
WARNING: [Synth 8-3331] design sprite_2 has unconnected port y_oled[5]
WARNING: [Synth 8-3331] design sprite_2 has unconnected port y_oled[4]
WARNING: [Synth 8-3331] design sprite_2 has unconnected port y_oled[3]
WARNING: [Synth 8-3331] design sprite_2 has unconnected port y_oled[2]
WARNING: [Synth 8-3331] design sprite_2 has unconnected port y_oled[1]
WARNING: [Synth 8-3331] design sprite_2 has unconnected port y_oled[0]
WARNING: [Synth 8-3331] design sprite_2 has unconnected port y_ref[6]
WARNING: [Synth 8-3331] design sprite_2 has unconnected port y_ref[5]
WARNING: [Synth 8-3331] design sprite_2 has unconnected port y_ref[4]
WARNING: [Synth 8-3331] design sprite_2 has unconnected port y_ref[3]
WARNING: [Synth 8-3331] design sprite_2 has unconnected port y_ref[2]
WARNING: [Synth 8-3331] design sprite_2 has unconnected port y_ref[1]
WARNING: [Synth 8-3331] design sprite_2 has unconnected port y_ref[0]
WARNING: [Synth 8-3331] design sprite_2 has unconnected port sprite_height[6]
WARNING: [Synth 8-3331] design sprite_2 has unconnected port sprite_height[5]
WARNING: [Synth 8-3331] design sprite_2 has unconnected port sprite_height[4]
WARNING: [Synth 8-3331] design sprite_2 has unconnected port sprite_height[3]
WARNING: [Synth 8-3331] design sprite_2 has unconnected port sprite_height[2]
WARNING: [Synth 8-3331] design sprite_2 has unconnected port sprite_height[1]
WARNING: [Synth 8-3331] design sprite_2 has unconnected port sprite_height[0]
WARNING: [Synth 8-3331] design sprite_1 has unconnected port x_oled[6]
WARNING: [Synth 8-3331] design sprite_1 has unconnected port x_oled[5]
WARNING: [Synth 8-3331] design sprite_1 has unconnected port x_oled[4]
WARNING: [Synth 8-3331] design sprite_1 has unconnected port x_oled[3]
WARNING: [Synth 8-3331] design sprite_1 has unconnected port x_oled[2]
WARNING: [Synth 8-3331] design sprite_1 has unconnected port x_oled[1]
WARNING: [Synth 8-3331] design sprite_1 has unconnected port x_oled[0]
WARNING: [Synth 8-3331] design sprite_1 has unconnected port x_ref[6]
WARNING: [Synth 8-3331] design sprite_1 has unconnected port x_ref[5]
WARNING: [Synth 8-3331] design sprite_1 has unconnected port x_ref[4]
WARNING: [Synth 8-3331] design sprite_1 has unconnected port x_ref[3]
WARNING: [Synth 8-3331] design sprite_1 has unconnected port x_ref[2]
WARNING: [Synth 8-3331] design sprite_1 has unconnected port x_ref[1]
WARNING: [Synth 8-3331] design sprite_1 has unconnected port x_ref[0]
WARNING: [Synth 8-3331] design sprite_1 has unconnected port sprite_width[6]
WARNING: [Synth 8-3331] design sprite_1 has unconnected port sprite_width[5]
WARNING: [Synth 8-3331] design sprite_1 has unconnected port sprite_width[4]
WARNING: [Synth 8-3331] design sprite_1 has unconnected port sprite_width[3]
WARNING: [Synth 8-3331] design sprite_1 has unconnected port sprite_width[2]
WARNING: [Synth 8-3331] design sprite_1 has unconnected port sprite_width[1]
WARNING: [Synth 8-3331] design sprite_1 has unconnected port sprite_width[0]
WARNING: [Synth 8-3331] design make_square has unconnected port sprite_no[3]
WARNING: [Synth 8-3331] design make_square has unconnected port sprite_no[2]
WARNING: [Synth 8-3331] design make_square has unconnected port sprite_no[1]
WARNING: [Synth 8-3331] design make_square has unconnected port sprite_no[0]
WARNING: [Synth 8-3331] design make_square has unconnected port sq_colour[15]
WARNING: [Synth 8-3331] design make_square has unconnected port sq_colour[14]
WARNING: [Synth 8-3331] design make_square has unconnected port sq_colour[13]
WARNING: [Synth 8-3331] design make_square has unconnected port sq_colour[12]
WARNING: [Synth 8-3331] design make_square has unconnected port sq_colour[11]
WARNING: [Synth 8-3331] design make_square has unconnected port sq_colour[10]
WARNING: [Synth 8-3331] design make_square has unconnected port sq_colour[9]
WARNING: [Synth 8-3331] design make_square has unconnected port sq_colour[8]
WARNING: [Synth 8-3331] design make_square has unconnected port sq_colour[7]
WARNING: [Synth 8-3331] design make_square has unconnected port sq_colour[6]
WARNING: [Synth 8-3331] design make_square has unconnected port sq_colour[5]
WARNING: [Synth 8-3331] design make_square has unconnected port sq_colour[4]
WARNING: [Synth 8-3331] design make_square has unconnected port sq_colour[3]
WARNING: [Synth 8-3331] design make_square has unconnected port sq_colour[2]
WARNING: [Synth 8-3331] design make_square has unconnected port sq_colour[1]
WARNING: [Synth 8-3331] design make_square has unconnected port sq_colour[0]
WARNING: [Synth 8-3331] design make_square has unconnected port sq_colour2[15]
WARNING: [Synth 8-3331] design make_square has unconnected port sq_colour2[14]
WARNING: [Synth 8-3331] design make_square has unconnected port sq_colour2[13]
WARNING: [Synth 8-3331] design make_square has unconnected port sq_colour2[12]
WARNING: [Synth 8-3331] design make_square has unconnected port sq_colour2[11]
WARNING: [Synth 8-3331] design make_square has unconnected port sq_colour2[10]
WARNING: [Synth 8-3331] design make_square has unconnected port sq_colour2[9]
WARNING: [Synth 8-3331] design make_square has unconnected port sq_colour2[8]
WARNING: [Synth 8-3331] design make_square has unconnected port sq_colour2[7]
WARNING: [Synth 8-3331] design make_square has unconnected port sq_colour2[6]
WARNING: [Synth 8-3331] design make_square has unconnected port sq_colour2[5]
WARNING: [Synth 8-3331] design make_square has unconnected port sq_colour2[4]
WARNING: [Synth 8-3331] design make_square has unconnected port sq_colour2[3]
WARNING: [Synth 8-3331] design make_square has unconnected port sq_colour2[2]
WARNING: [Synth 8-3331] design make_square has unconnected port sq_colour2[1]
WARNING: [Synth 8-3331] design make_square has unconnected port sq_colour2[0]
WARNING: [Synth 8-3331] design make_square has unconnected port sq_colour3[15]
INFO: [Common 17-14] Message 'Synth 8-3331' appears 100 times and further instances of the messages will be disabled. Use the Tcl command set_msg_config to change the current settings.
---------------------------------------------------------------------------------
Finished RTL Elaboration : Time (s): cpu = 00:00:01 ; elapsed = 00:00:03 . Memory (MB): peak = 414.215 ; gain = 154.316
---------------------------------------------------------------------------------

Report Check Netlist: 
+------+------------------+-------+---------+-------+------------------+
|      |Item              |Errors |Warnings |Status |Description       |
+------+------------------+-------+---------+-------+------------------+
|1     |multi_driven_nets |      0|        0|Passed |Multi driven nets |
+------+------------------+-------+---------+-------+------------------+
---------------------------------------------------------------------------------
Start Handling Custom Attributes
---------------------------------------------------------------------------------
---------------------------------------------------------------------------------
Finished Handling Custom Attributes : Time (s): cpu = 00:00:02 ; elapsed = 00:00:03 . Memory (MB): peak = 414.215 ; gain = 154.316
---------------------------------------------------------------------------------
---------------------------------------------------------------------------------
Finished RTL Optimization Phase 1 : Time (s): cpu = 00:00:02 ; elapsed = 00:00:03 . Memory (MB): peak = 414.215 ; gain = 154.316
---------------------------------------------------------------------------------
INFO: [Device 21-403] Loading part xc7a35tcpg236-1
INFO: [Project 1-570] Preparing netlist for logic optimization

Processing XDC Constraints
Initializing timing engine
Parsing XDC File [C:/Users/cyber/Desktop/Kashfy-EE2026-Vivado/MODS/MODS.srcs/constrs_1/new/konstrens.xdc]
WARNING: [Vivado 12-584] No ports matched 'PS2Clk'. [C:/Users/cyber/Desktop/Kashfy-EE2026-Vivado/MODS/MODS.srcs/constrs_1/new/konstrens.xdc:138]
CRITICAL WARNING: [Common 17-55] 'set_property' expects at least one object. [C:/Users/cyber/Desktop/Kashfy-EE2026-Vivado/MODS/MODS.srcs/constrs_1/new/konstrens.xdc:138]
Resolution: If [get_<value>] was used to populate the object, check to make sure this command returns at least one valid object.
WARNING: [Vivado 12-584] No ports matched 'PS2Data'. [C:/Users/cyber/Desktop/Kashfy-EE2026-Vivado/MODS/MODS.srcs/constrs_1/new/konstrens.xdc:139]
CRITICAL WARNING: [Common 17-55] 'set_property' expects at least one object. [C:/Users/cyber/Desktop/Kashfy-EE2026-Vivado/MODS/MODS.srcs/constrs_1/new/konstrens.xdc:139]
Resolution: If [get_<value>] was used to populate the object, check to make sure this command returns at least one valid object.
Finished Parsing XDC File [C:/Users/cyber/Desktop/Kashfy-EE2026-Vivado/MODS/MODS.srcs/constrs_1/new/konstrens.xdc]
INFO: [Project 1-236] Implementation specific constraints were found while reading constraint file [C:/Users/cyber/Desktop/Kashfy-EE2026-Vivado/MODS/MODS.srcs/constrs_1/new/konstrens.xdc]. These constraints will be ignored for synthesis but will be used in implementation. Impacted constraints are listed in the file [.Xil/Top_Student_propImpl.xdc].
Resolution: To avoid this warning, move constraints listed in [.Xil/Top_Student_propImpl.xdc] to another XDC file and exclude this new file from synthesis with the used_in_synthesis property (File Properties dialog in GUI) and re-run elaboration/synthesis.
Completed Processing XDC Constraints

INFO: [Project 1-111] Unisim Transformation Summary:
No Unisim elements were transformed.

Constraint Validation Runtime : Time (s): cpu = 00:00:00 ; elapsed = 00:00:00.006 . Memory (MB): peak = 762.512 ; gain = 0.000
---------------------------------------------------------------------------------
Finished Constraint Validation : Time (s): cpu = 00:00:06 ; elapsed = 00:00:12 . Memory (MB): peak = 762.512 ; gain = 502.613
---------------------------------------------------------------------------------
---------------------------------------------------------------------------------
Start Loading Part and Timing Information
---------------------------------------------------------------------------------
Loading part: xc7a35tcpg236-1
---------------------------------------------------------------------------------
Finished Loading Part and Timing Information : Time (s): cpu = 00:00:06 ; elapsed = 00:00:12 . Memory (MB): peak = 762.512 ; gain = 502.613
---------------------------------------------------------------------------------
---------------------------------------------------------------------------------
Start Applying 'set_property' XDC Constraints
---------------------------------------------------------------------------------
---------------------------------------------------------------------------------
Finished applying 'set_property' XDC Constraints : Time (s): cpu = 00:00:06 ; elapsed = 00:00:12 . Memory (MB): peak = 762.512 ; gain = 502.613
---------------------------------------------------------------------------------
INFO: [Synth 8-5545] ROM "slow_clk0" won't be mapped to RAM because address size (32) is larger than maximum supported(25)
INFO: [Synth 8-5546] ROM "is_y_stat0" won't be mapped to RAM because it is too sparse
INFO: [Synth 8-5546] ROM "is_y_stat0" won't be mapped to RAM because it is too sparse
INFO: [Synth 8-5544] ROM "sprite_no" won't be mapped to Block RAM because address size (1) smaller than threshold (5)
INFO: [Synth 8-5546] ROM "is_y_stat0" won't be mapped to RAM because it is too sparse
INFO: [Synth 8-5546] ROM "is_y_stat0" won't be mapped to RAM because it is too sparse
INFO: [Synth 8-5546] ROM "stop_falling" won't be mapped to RAM because it is too sparse
INFO: [Synth 8-5546] ROM "stop_falling" won't be mapped to RAM because it is too sparse
INFO: [Synth 8-802] inferred FSM for state register 'state_reg' in module 'Oled_Display'
INFO: [Synth 8-5546] ROM "fsm_next_state0" won't be mapped to RAM because it is too sparse
INFO: [Synth 8-5544] ROM "fsm_next_state0" won't be mapped to Block RAM because address size (1) smaller than threshold (5)
INFO: [Synth 8-5546] ROM "fsm_next_state0" won't be mapped to RAM because it is too sparse
---------------------------------------------------------------------------------------------------
                   State |                     New Encoding |                Previous Encoding 
---------------------------------------------------------------------------------------------------
                 PowerUp | 00000000100000000000000000000000 |                            00000
                   Reset | 00000000000100000000000000000000 |                            00001
            ReleaseReset | 00000000000000000000100000000000 |                            00011
            EnableDriver | 00000000000000000001000000000000 |                            00010
              DisplayOff | 00000000000000000100000000000000 |                            00110
   SetRemapDisplayFormat | 00000100000000000000000000000000 |                            00111
            SetStartLine | 00001000000000000000000000000000 |                            00101
               SetOffset | 10000000000000000000000000000000 |                            00100
        SetNormalDisplay | 00000000000000000000000010000000 |                            01100
       SetMultiplexRatio | 00000000000000000000000000100000 |                            01101
  SetMasterConfiguration | 00000000000000000000000001000000 |                            01111
        DisablePowerSave | 00000000000000000000000000000100 |                            01110
          SetPhaseAdjust | 00000000000000000000000000001000 |                            01010
         SetDisplayClock | 00000000001000000000000000000000 |                            01011
     SetSecondPrechargeA | 00000000010000000000000000000000 |                            01001
     SetSecondPrechargeB | 01000000000000000000000000000000 |                            01000
     SetSecondPrechargeC | 00000010000000000000000000000000 |                            11000
       SetPrechargeLevel | 00000001000000000000000000000000 |                            11001
                SetVCOMH | 00000000000000010000000000000000 |                            11011
        SetMasterCurrent | 00000000000000100000000000000000 |                            11010
            SetContrastA | 00000000000001000000000000000000 |                            11110
            SetContrastB | 00100000000000000000000000000000 |                            11111
            SetContrastC | 00000000000000000000000000000001 |                            11101
        DisableScrolling | 00000000000000000000000000000010 |                            11100
             ClearScreen | 00000000000000000000000000010000 |                            10100
                   VccEn | 00010000000000000000000000000000 |                            10101
               DisplayOn | 00000000000010000000000000000000 |                            10111
        PrepareNextFrame | 00000000000000001000000000000000 |                            10110
           SetColAddress | 00000000000000000000010000000000 |                            10010
           SetRowAddress | 00000000000000000000000100000000 |                            10011
           WaitNextFrame | 00000000000000000000001000000000 |                            10001
               SendPixel | 00000000000000000010000000000000 |                            10000
---------------------------------------------------------------------------------------------------
INFO: [Synth 8-3354] encoded FSM with state register 'state_reg' using encoding 'one-hot' in module 'Oled_Display'
---------------------------------------------------------------------------------
Finished RTL Optimization Phase 2 : Time (s): cpu = 00:00:07 ; elapsed = 00:00:13 . Memory (MB): peak = 762.512 ; gain = 502.613
---------------------------------------------------------------------------------
INFO: [Synth 8-223] decloning instance 'clk_6p25MHz' (flexy_clock) to 'clk_25MHz'

Report RTL Partitions: 
+-+--------------+------------+----------+
| |RTL Partition |Replication |Instances |
+-+--------------+------------+----------+
+-+--------------+------------+----------+
---------------------------------------------------------------------------------
Start RTL Component Statistics 
---------------------------------------------------------------------------------
Detailed RTL Component Info : 
+---Adders : 
	   4 Input     33 Bit       Adders := 3     
	   2 Input     32 Bit       Adders := 11    
	   3 Input     32 Bit       Adders := 8     
	   2 Input     17 Bit       Adders := 1     
	   2 Input      9 Bit       Adders := 5     
	   3 Input      9 Bit       Adders := 1     
	   4 Input      9 Bit       Adders := 1     
	   2 Input      8 Bit       Adders := 11    
	   3 Input      8 Bit       Adders := 19    
	   2 Input      7 Bit       Adders := 60    
	   3 Input      7 Bit       Adders := 1     
	   2 Input      6 Bit       Adders := 1     
	   2 Input      3 Bit       Adders := 1     
+---Registers : 
	               40 Bit    Registers := 1     
	               32 Bit    Registers := 8     
	               17 Bit    Registers := 1     
	               16 Bit    Registers := 4     
	                7 Bit    Registers := 14    
	                6 Bit    Registers := 1     
	                3 Bit    Registers := 3     
	                2 Bit    Registers := 1     
	                1 Bit    Registers := 15    
+---Muxes : 
	   2 Input     40 Bit        Muxes := 3     
	   2 Input     32 Bit        Muxes := 22    
	   3 Input     32 Bit        Muxes := 1     
	  32 Input     32 Bit        Muxes := 1     
	  32 Input     20 Bit        Muxes := 1     
	   2 Input     17 Bit        Muxes := 1     
	   2 Input     16 Bit        Muxes := 11    
	   3 Input     16 Bit        Muxes := 1     
	   2 Input     11 Bit        Muxes := 2     
	   2 Input      7 Bit        Muxes := 54    
	  10 Input      7 Bit        Muxes := 2     
	   6 Input      7 Bit        Muxes := 1     
	   3 Input      7 Bit        Muxes := 1     
	   7 Input      7 Bit        Muxes := 1     
	  32 Input      6 Bit        Muxes := 1     
	   2 Input      6 Bit        Muxes := 1     
	   2 Input      5 Bit        Muxes := 2     
	  32 Input      5 Bit        Muxes := 1     
	   2 Input      3 Bit        Muxes := 4     
	   2 Input      2 Bit        Muxes := 4     
	   3 Input      2 Bit        Muxes := 3     
	   2 Input      1 Bit        Muxes := 9     
	   3 Input      1 Bit        Muxes := 1     
	   5 Input      1 Bit        Muxes := 1     
---------------------------------------------------------------------------------
Finished RTL Component Statistics 
---------------------------------------------------------------------------------
---------------------------------------------------------------------------------
Start RTL Hierarchical Component Statistics 
---------------------------------------------------------------------------------
Hierarchical RTL Component report 
Module flexy_clock 
Detailed RTL Component Info : 
+---Registers : 
	                1 Bit    Registers := 1     
+---Muxes : 
	   2 Input      1 Bit        Muxes := 1     
Module direction_mux 
Detailed RTL Component Info : 
+---Registers : 
	                7 Bit    Registers := 2     
+---Muxes : 
	   2 Input      7 Bit        Muxes := 3     
Module animate 
Detailed RTL Component Info : 
+---Adders : 
	   4 Input     33 Bit       Adders := 1     
	   2 Input     32 Bit       Adders := 4     
	   3 Input     32 Bit       Adders := 3     
	   2 Input      9 Bit       Adders := 2     
	   2 Input      8 Bit       Adders := 3     
	   2 Input      7 Bit       Adders := 11    
+---Registers : 
	               32 Bit    Registers := 3     
	               16 Bit    Registers := 1     
	                7 Bit    Registers := 3     
	                2 Bit    Registers := 1     
	                1 Bit    Registers := 2     
+---Muxes : 
	   2 Input     32 Bit        Muxes := 13    
	   2 Input      7 Bit        Muxes := 10    
	  10 Input      7 Bit        Muxes := 1     
	   6 Input      7 Bit        Muxes := 1     
	   2 Input      2 Bit        Muxes := 2     
	   3 Input      2 Bit        Muxes := 1     
Module hero_damage 
Detailed RTL Component Info : 
+---Adders : 
	   2 Input     32 Bit       Adders := 1     
+---Registers : 
	               32 Bit    Registers := 1     
	                3 Bit    Registers := 1     
+---Muxes : 
	   3 Input     32 Bit        Muxes := 1     
	   2 Input     32 Bit        Muxes := 1     
	   2 Input      3 Bit        Muxes := 3     
	   3 Input      2 Bit        Muxes := 1     
Module touch_muff 
Detailed RTL Component Info : 
+---Adders : 
	   2 Input      3 Bit       Adders := 1     
+---Registers : 
	                3 Bit    Registers := 2     
+---Muxes : 
	   2 Input      3 Bit        Muxes := 1     
Module laser_shot 
Detailed RTL Component Info : 
+---Adders : 
	   3 Input     32 Bit       Adders := 1     
	   3 Input      9 Bit       Adders := 1     
	   3 Input      8 Bit       Adders := 2     
	   2 Input      7 Bit       Adders := 10    
	   3 Input      7 Bit       Adders := 1     
+---Registers : 
	                7 Bit    Registers := 4     
	                1 Bit    Registers := 1     
+---Muxes : 
	   2 Input      7 Bit        Muxes := 13    
	   3 Input      7 Bit        Muxes := 1     
	   3 Input      2 Bit        Muxes := 1     
Module enimate 
Detailed RTL Component Info : 
+---Adders : 
	   4 Input     33 Bit       Adders := 1     
	   2 Input     32 Bit       Adders := 4     
	   3 Input     32 Bit       Adders := 3     
	   2 Input      9 Bit       Adders := 2     
	   2 Input      8 Bit       Adders := 3     
	   3 Input      8 Bit       Adders := 2     
	   2 Input      7 Bit       Adders := 16    
+---Registers : 
	               32 Bit    Registers := 3     
	               16 Bit    Registers := 1     
	                7 Bit    Registers := 2     
	                1 Bit    Registers := 2     
+---Muxes : 
	   2 Input     32 Bit        Muxes := 5     
	   2 Input      7 Bit        Muxes := 4     
	  10 Input      7 Bit        Muxes := 1     
	   7 Input      7 Bit        Muxes := 1     
	   2 Input      2 Bit        Muxes := 2     
Module muffinimate 
Detailed RTL Component Info : 
+---Adders : 
	   4 Input     33 Bit       Adders := 1     
	   2 Input     32 Bit       Adders := 2     
	   3 Input     32 Bit       Adders := 1     
	   2 Input      9 Bit       Adders := 1     
	   2 Input      8 Bit       Adders := 2     
	   3 Input      8 Bit       Adders := 3     
	   2 Input      7 Bit       Adders := 11    
+---Registers : 
	               32 Bit    Registers := 1     
	               16 Bit    Registers := 1     
	                7 Bit    Registers := 3     
	                1 Bit    Registers := 3     
+---Muxes : 
	   2 Input     32 Bit        Muxes := 1     
	   2 Input      7 Bit        Muxes := 24    
	   3 Input      1 Bit        Muxes := 1     
Module sprite_1 
Detailed RTL Component Info : 
+---Adders : 
	   4 Input      9 Bit       Adders := 1     
	   2 Input      8 Bit       Adders := 1     
+---Muxes : 
	   2 Input     16 Bit        Muxes := 1     
	   2 Input     11 Bit        Muxes := 1     
Module sprite_2 
Detailed RTL Component Info : 
+---Adders : 
	   2 Input      8 Bit       Adders := 1     
+---Muxes : 
	   3 Input     16 Bit        Muxes := 1     
Module sprite_3 
Detailed RTL Component Info : 
+---Adders : 
	   2 Input      8 Bit       Adders := 1     
+---Muxes : 
	   2 Input     16 Bit        Muxes := 2     
	   2 Input     11 Bit        Muxes := 1     
Module make_square 
Detailed RTL Component Info : 
+---Adders : 
	   3 Input      8 Bit       Adders := 12    
	   2 Input      7 Bit       Adders := 12    
+---Registers : 
	               16 Bit    Registers := 1     
+---Muxes : 
	   2 Input     16 Bit        Muxes := 8     
	   5 Input      1 Bit        Muxes := 1     
Module Oled_Display 
Detailed RTL Component Info : 
+---Adders : 
	   2 Input     17 Bit       Adders := 1     
	   2 Input      6 Bit       Adders := 1     
+---Registers : 
	               40 Bit    Registers := 1     
	               17 Bit    Registers := 1     
	                6 Bit    Registers := 1     
+---Muxes : 
	   2 Input     40 Bit        Muxes := 3     
	  32 Input     32 Bit        Muxes := 1     
	   2 Input     32 Bit        Muxes := 2     
	  32 Input     20 Bit        Muxes := 1     
	   2 Input     17 Bit        Muxes := 1     
	  32 Input      6 Bit        Muxes := 1     
	   2 Input      6 Bit        Muxes := 1     
	   2 Input      5 Bit        Muxes := 2     
	  32 Input      5 Bit        Muxes := 1     
	   2 Input      1 Bit        Muxes := 2     
---------------------------------------------------------------------------------
Finished RTL Hierarchical Component Statistics
---------------------------------------------------------------------------------
---------------------------------------------------------------------------------
Start Part Resource Summary
---------------------------------------------------------------------------------
Part Resources:
DSPs: 90 (col length:60)
BRAMs: 100 (col length: RAMB18 60 RAMB36 30)
---------------------------------------------------------------------------------
Finished Part Resource Summary
---------------------------------------------------------------------------------
---------------------------------------------------------------------------------
Start Cross Boundary and Area Optimization
---------------------------------------------------------------------------------
Warning: Parallel synthesis criteria is not met 
INFO: [Synth 8-5545] ROM "slow_clk0" won't be mapped to RAM because address size (32) is larger than maximum supported(25)
INFO: [Synth 8-5545] ROM "slow_clk0" won't be mapped to RAM because address size (32) is larger than maximum supported(25)
INFO: [Synth 8-5546] ROM "is_y_stat0" won't be mapped to RAM because it is too sparse
INFO: [Synth 8-5545] ROM "nolabel_line36/slow_clk0" won't be mapped to RAM because address size (32) is larger than maximum supported(25)
INFO: [Synth 8-5545] ROM "nolabel_line29/slow_clk0" won't be mapped to RAM because address size (32) is larger than maximum supported(25)
INFO: [Synth 8-5545] ROM "nolabel_line44/get_fps_clock/slow_clk0" won't be mapped to RAM because address size (32) is larger than maximum supported(25)
INFO: [Synth 8-5545] ROM "slow_clk0" won't be mapped to RAM because address size (32) is larger than maximum supported(25)
INFO: [Synth 8-5546] ROM "is_y_stat0" won't be mapped to RAM because it is too sparse
INFO: [Synth 8-5545] ROM "get_fps_clock/slow_clk0" won't be mapped to RAM because address size (32) is larger than maximum supported(25)
INFO: [Synth 8-5546] ROM "fsm_next_state0" won't be mapped to RAM because it is too sparse
INFO: [Synth 8-5546] ROM "fsm_next_state0" won't be mapped to RAM because it is too sparse
INFO: [Synth 8-3886] merging instance 'draw_sq/oled_data_reg[0]' (FDE) to 'draw_sq/oled_data_reg[4]'
INFO: [Synth 8-3886] merging instance 'draw_sq/oled_data_reg[1]' (FDE) to 'draw_sq/oled_data_reg[4]'
INFO: [Synth 8-3886] merging instance 'draw_sq/oled_data_reg[2]' (FDE) to 'draw_sq/oled_data_reg[4]'
INFO: [Synth 8-3886] merging instance 'draw_sq/oled_data_reg[3]' (FDE) to 'draw_sq/oled_data_reg[4]'
INFO: [Synth 8-3886] merging instance 'draw_sq/oled_data_reg[5]' (FDE) to 'draw_sq/oled_data_reg[10]'
INFO: [Synth 8-3886] merging instance 'draw_sq/oled_data_reg[6]' (FDE) to 'draw_sq/oled_data_reg[10]'
INFO: [Synth 8-3886] merging instance 'draw_sq/oled_data_reg[7]' (FDE) to 'draw_sq/oled_data_reg[10]'
INFO: [Synth 8-3886] merging instance 'draw_sq/oled_data_reg[8]' (FDE) to 'draw_sq/oled_data_reg[10]'
INFO: [Synth 8-3886] merging instance 'draw_sq/oled_data_reg[9]' (FDE) to 'draw_sq/oled_data_reg[10]'
INFO: [Synth 8-3886] merging instance 'draw_sq/oled_data_reg[11]' (FDE) to 'draw_sq/oled_data_reg[15]'
INFO: [Synth 8-3886] merging instance 'draw_sq/oled_data_reg[12]' (FDE) to 'draw_sq/oled_data_reg[15]'
INFO: [Synth 8-3886] merging instance 'draw_sq/oled_data_reg[13]' (FDE) to 'draw_sq/oled_data_reg[15]'
INFO: [Synth 8-3886] merging instance 'choose_direction/y_vect_reg[1]' (FDSE) to 'choose_direction/y_vect_reg[2]'
INFO: [Synth 8-3886] merging instance 'choose_direction/y_vect_reg[2]' (FDSE) to 'choose_direction/y_vect_reg[3]'
INFO: [Synth 8-3886] merging instance 'choose_direction/y_vect_reg[3]' (FDSE) to 'choose_direction/y_vect_reg[4]'
INFO: [Synth 8-3886] merging instance 'choose_direction/y_vect_reg[4]' (FDSE) to 'choose_direction/y_vect_reg[5]'
INFO: [Synth 8-3886] merging instance 'choose_direction/y_vect_reg[5]' (FDSE) to 'choose_direction/y_vect_reg[6]'
INFO: [Synth 8-3886] merging instance 'choose_direction/x_vect_reg[6]' (FD) to 'choose_direction/x_vect_reg[1]'
INFO: [Synth 8-3886] merging instance 'choose_direction/x_vect_reg[5]' (FD) to 'choose_direction/x_vect_reg[1]'
INFO: [Synth 8-3886] merging instance 'choose_direction/x_vect_reg[4]' (FD) to 'choose_direction/x_vect_reg[1]'
INFO: [Synth 8-3886] merging instance 'choose_direction/x_vect_reg[3]' (FD) to 'choose_direction/x_vect_reg[1]'
INFO: [Synth 8-3886] merging instance 'choose_direction/x_vect_reg[2]' (FD) to 'choose_direction/x_vect_reg[1]'
INFO: [Synth 8-3886] merging instance 'draw_sq/oled_data_reg[14]' (FDE) to 'draw_sq/oled_data_reg[15]'
WARNING: [Synth 8-3332] Sequential element (center_sq_colour_reg[15]) is unused and will be removed from module animate.
WARNING: [Synth 8-3332] Sequential element (center_sq_colour_reg[14]) is unused and will be removed from module animate.
WARNING: [Synth 8-3332] Sequential element (center_sq_colour_reg[13]) is unused and will be removed from module animate.
WARNING: [Synth 8-3332] Sequential element (center_sq_colour_reg[12]) is unused and will be removed from module animate.
WARNING: [Synth 8-3332] Sequential element (center_sq_colour_reg[11]) is unused and will be removed from module animate.
WARNING: [Synth 8-3332] Sequential element (center_sq_colour_reg[10]) is unused and will be removed from module animate.
WARNING: [Synth 8-3332] Sequential element (center_sq_colour_reg[9]) is unused and will be removed from module animate.
WARNING: [Synth 8-3332] Sequential element (center_sq_colour_reg[8]) is unused and will be removed from module animate.
WARNING: [Synth 8-3332] Sequential element (center_sq_colour_reg[7]) is unused and will be removed from module animate.
WARNING: [Synth 8-3332] Sequential element (center_sq_colour_reg[6]) is unused and will be removed from module animate.
WARNING: [Synth 8-3332] Sequential element (center_sq_colour_reg[5]) is unused and will be removed from module animate.
WARNING: [Synth 8-3332] Sequential element (center_sq_colour_reg[4]) is unused and will be removed from module animate.
WARNING: [Synth 8-3332] Sequential element (center_sq_colour_reg[3]) is unused and will be removed from module animate.
WARNING: [Synth 8-3332] Sequential element (center_sq_colour_reg[2]) is unused and will be removed from module animate.
WARNING: [Synth 8-3332] Sequential element (center_sq_colour_reg[1]) is unused and will be removed from module animate.
WARNING: [Synth 8-3332] Sequential element (center_sq_colour_reg[0]) is unused and will be removed from module animate.
WARNING: [Synth 8-3332] Sequential element (sprite_no_reg[1]) is unused and will be removed from module animate.
WARNING: [Synth 8-3332] Sequential element (sprite_no_reg[0]) is unused and will be removed from module animate.
WARNING: [Synth 8-3332] Sequential element (jump_time_reg[31]) is unused and will be removed from module enimate.
WARNING: [Synth 8-3332] Sequential element (jump_time_reg[30]) is unused and will be removed from module enimate.
WARNING: [Synth 8-3332] Sequential element (jump_time_reg[29]) is unused and will be removed from module enimate.
WARNING: [Synth 8-3332] Sequential element (jump_time_reg[28]) is unused and will be removed from module enimate.
WARNING: [Synth 8-3332] Sequential element (jump_time_reg[27]) is unused and will be removed from module enimate.
WARNING: [Synth 8-3332] Sequential element (jump_time_reg[26]) is unused and will be removed from module enimate.
WARNING: [Synth 8-3332] Sequential element (jump_time_reg[25]) is unused and will be removed from module enimate.
WARNING: [Synth 8-3332] Sequential element (jump_time_reg[24]) is unused and will be removed from module enimate.
WARNING: [Synth 8-3332] Sequential element (jump_time_reg[23]) is unused and will be removed from module enimate.
WARNING: [Synth 8-3332] Sequential element (jump_time_reg[22]) is unused and will be removed from module enimate.
WARNING: [Synth 8-3332] Sequential element (jump_time_reg[21]) is unused and will be removed from module enimate.
WARNING: [Synth 8-3332] Sequential element (jump_time_reg[20]) is unused and will be removed from module enimate.
WARNING: [Synth 8-3332] Sequential element (jump_time_reg[19]) is unused and will be removed from module enimate.
WARNING: [Synth 8-3332] Sequential element (jump_time_reg[18]) is unused and will be removed from module enimate.
WARNING: [Synth 8-3332] Sequential element (jump_time_reg[17]) is unused and will be removed from module enimate.
WARNING: [Synth 8-3332] Sequential element (jump_time_reg[16]) is unused and will be removed from module enimate.
WARNING: [Synth 8-3332] Sequential element (jump_time_reg[15]) is unused and will be removed from module enimate.
WARNING: [Synth 8-3332] Sequential element (jump_time_reg[14]) is unused and will be removed from module enimate.
WARNING: [Synth 8-3332] Sequential element (jump_time_reg[13]) is unused and will be removed from module enimate.
WARNING: [Synth 8-3332] Sequential element (jump_time_reg[12]) is unused and will be removed from module enimate.
WARNING: [Synth 8-3332] Sequential element (jump_time_reg[11]) is unused and will be removed from module enimate.
WARNING: [Synth 8-3332] Sequential element (jump_time_reg[10]) is unused and will be removed from module enimate.
WARNING: [Synth 8-3332] Sequential element (jump_time_reg[9]) is unused and will be removed from module enimate.
WARNING: [Synth 8-3332] Sequential element (jump_time_reg[8]) is unused and will be removed from module enimate.
WARNING: [Synth 8-3332] Sequential element (jump_time_reg[7]) is unused and will be removed from module enimate.
WARNING: [Synth 8-3332] Sequential element (jump_time_reg[6]) is unused and will be removed from module enimate.
WARNING: [Synth 8-3332] Sequential element (jump_time_reg[5]) is unused and will be removed from module enimate.
WARNING: [Synth 8-3332] Sequential element (jump_time_reg[4]) is unused and will be removed from module enimate.
WARNING: [Synth 8-3332] Sequential element (jump_time_reg[3]) is unused and will be removed from module enimate.
WARNING: [Synth 8-3332] Sequential element (jump_time_reg[2]) is unused and will be removed from module enimate.
WARNING: [Synth 8-3332] Sequential element (jump_time_reg[1]) is unused and will be removed from module enimate.
WARNING: [Synth 8-3332] Sequential element (jump_time_reg[0]) is unused and will be removed from module enimate.
WARNING: [Synth 8-3332] Sequential element (center_sq_colour_reg[15]) is unused and will be removed from module enimate.
WARNING: [Synth 8-3332] Sequential element (center_sq_colour_reg[14]) is unused and will be removed from module enimate.
WARNING: [Synth 8-3332] Sequential element (center_sq_colour_reg[13]) is unused and will be removed from module enimate.
WARNING: [Synth 8-3332] Sequential element (center_sq_colour_reg[12]) is unused and will be removed from module enimate.
WARNING: [Synth 8-3332] Sequential element (center_sq_colour_reg[11]) is unused and will be removed from module enimate.
WARNING: [Synth 8-3332] Sequential element (center_sq_colour_reg[10]) is unused and will be removed from module enimate.
WARNING: [Synth 8-3332] Sequential element (center_sq_colour_reg[9]) is unused and will be removed from module enimate.
WARNING: [Synth 8-3332] Sequential element (center_sq_colour_reg[8]) is unused and will be removed from module enimate.
WARNING: [Synth 8-3332] Sequential element (center_sq_colour_reg[7]) is unused and will be removed from module enimate.
WARNING: [Synth 8-3332] Sequential element (center_sq_colour_reg[6]) is unused and will be removed from module enimate.
WARNING: [Synth 8-3332] Sequential element (center_sq_colour_reg[5]) is unused and will be removed from module enimate.
WARNING: [Synth 8-3332] Sequential element (center_sq_colour_reg[4]) is unused and will be removed from module enimate.
WARNING: [Synth 8-3332] Sequential element (center_sq_colour_reg[3]) is unused and will be removed from module enimate.
WARNING: [Synth 8-3332] Sequential element (center_sq_colour_reg[2]) is unused and will be removed from module enimate.
WARNING: [Synth 8-3332] Sequential element (center_sq_colour_reg[1]) is unused and will be removed from module enimate.
WARNING: [Synth 8-3332] Sequential element (center_sq_colour_reg[0]) is unused and will be removed from module enimate.
WARNING: [Synth 8-3332] Sequential element (center_sq_colour_reg[15]) is unused and will be removed from module muffinimate.
WARNING: [Synth 8-3332] Sequential element (center_sq_colour_reg[14]) is unused and will be removed from module muffinimate.
WARNING: [Synth 8-3332] Sequential element (center_sq_colour_reg[13]) is unused and will be removed from module muffinimate.
WARNING: [Synth 8-3332] Sequential element (center_sq_colour_reg[12]) is unused and will be removed from module muffinimate.
WARNING: [Synth 8-3332] Sequential element (center_sq_colour_reg[11]) is unused and will be removed from module muffinimate.
WARNING: [Synth 8-3332] Sequential element (center_sq_colour_reg[10]) is unused and will be removed from module muffinimate.
WARNING: [Synth 8-3332] Sequential element (center_sq_colour_reg[9]) is unused and will be removed from module muffinimate.
WARNING: [Synth 8-3332] Sequential element (center_sq_colour_reg[8]) is unused and will be removed from module muffinimate.
WARNING: [Synth 8-3332] Sequential element (center_sq_colour_reg[7]) is unused and will be removed from module muffinimate.
WARNING: [Synth 8-3332] Sequential element (center_sq_colour_reg[6]) is unused and will be removed from module muffinimate.
WARNING: [Synth 8-3332] Sequential element (center_sq_colour_reg[5]) is unused and will be removed from module muffinimate.
WARNING: [Synth 8-3332] Sequential element (center_sq_colour_reg[4]) is unused and will be removed from module muffinimate.
WARNING: [Synth 8-3332] Sequential element (center_sq_colour_reg[3]) is unused and will be removed from module muffinimate.
WARNING: [Synth 8-3332] Sequential element (center_sq_colour_reg[2]) is unused and will be removed from module muffinimate.
WARNING: [Synth 8-3332] Sequential element (center_sq_colour_reg[1]) is unused and will be removed from module muffinimate.
WARNING: [Synth 8-3332] Sequential element (center_sq_colour_reg[0]) is unused and will be removed from module muffinimate.
---------------------------------------------------------------------------------
Finished Cross Boundary and Area Optimization : Time (s): cpu = 00:00:15 ; elapsed = 00:00:26 . Memory (MB): peak = 762.512 ; gain = 502.613
---------------------------------------------------------------------------------

Report RTL Partitions: 
+-+--------------+------------+----------+
| |RTL Partition |Replication |Instances |
+-+--------------+------------+----------+
+-+--------------+------------+----------+
---------------------------------------------------------------------------------
Start Applying XDC Timing Constraints
---------------------------------------------------------------------------------
---------------------------------------------------------------------------------
Finished Applying XDC Timing Constraints : Time (s): cpu = 00:00:18 ; elapsed = 00:00:33 . Memory (MB): peak = 765.051 ; gain = 505.152
---------------------------------------------------------------------------------
---------------------------------------------------------------------------------
Start Timing Optimization
---------------------------------------------------------------------------------
---------------------------------------------------------------------------------
Finished Timing Optimization : Time (s): cpu = 00:00:18 ; elapsed = 00:00:33 . Memory (MB): peak = 788.250 ; gain = 528.352
---------------------------------------------------------------------------------

Report RTL Partitions: 
+-+--------------+------------+----------+
| |RTL Partition |Replication |Instances |
+-+--------------+------------+----------+
+-+--------------+------------+----------+
---------------------------------------------------------------------------------
Start Technology Mapping
---------------------------------------------------------------------------------
WARNING: [Synth 8-3332] Sequential element (animate_hero/jump_time_reg[31]) is unused and will be removed from module Top_Student.
WARNING: [Synth 8-3332] Sequential element (animate_hero/jump_time_reg[30]) is unused and will be removed from module Top_Student.
WARNING: [Synth 8-3332] Sequential element (animate_hero/jump_time_reg[29]) is unused and will be removed from module Top_Student.
WARNING: [Synth 8-3332] Sequential element (animate_hero/jump_time_reg[28]) is unused and will be removed from module Top_Student.
WARNING: [Synth 8-3332] Sequential element (animate_hero/jump_time_reg[27]) is unused and will be removed from module Top_Student.
WARNING: [Synth 8-3332] Sequential element (animate_hero/jump_time_reg[26]) is unused and will be removed from module Top_Student.
WARNING: [Synth 8-3332] Sequential element (animate_hero/jump_time_reg[25]) is unused and will be removed from module Top_Student.
WARNING: [Synth 8-3332] Sequential element (animate_hero/jump_time_reg[24]) is unused and will be removed from module Top_Student.
WARNING: [Synth 8-3332] Sequential element (animate_hero/jump_time_reg[23]) is unused and will be removed from module Top_Student.
WARNING: [Synth 8-3332] Sequential element (animate_hero/jump_time_reg[22]) is unused and will be removed from module Top_Student.
WARNING: [Synth 8-3332] Sequential element (animate_hero/jump_time_reg[21]) is unused and will be removed from module Top_Student.
WARNING: [Synth 8-3332] Sequential element (animate_hero/jump_time_reg[20]) is unused and will be removed from module Top_Student.
WARNING: [Synth 8-3332] Sequential element (animate_hero/jump_time_reg[19]) is unused and will be removed from module Top_Student.
WARNING: [Synth 8-3332] Sequential element (animate_hero/jump_time_reg[18]) is unused and will be removed from module Top_Student.
WARNING: [Synth 8-3332] Sequential element (animate_hero/jump_time_reg[17]) is unused and will be removed from module Top_Student.
WARNING: [Synth 8-3332] Sequential element (animate_hero/jump_time_reg[16]) is unused and will be removed from module Top_Student.
WARNING: [Synth 8-3332] Sequential element (animate_hero/jump_time_reg[15]) is unused and will be removed from module Top_Student.
WARNING: [Synth 8-3332] Sequential element (animate_hero/jump_time_reg[14]) is unused and will be removed from module Top_Student.
INFO: [Common 17-14] Message 'Synth 8-3332' appears 100 times and further instances of the messages will be disabled. Use the Tcl command set_msg_config to change the current settings.
---------------------------------------------------------------------------------
Finished Technology Mapping : Time (s): cpu = 00:00:19 ; elapsed = 00:00:35 . Memory (MB): peak = 880.039 ; gain = 620.141
---------------------------------------------------------------------------------

Report RTL Partitions: 
+-+--------------+------------+----------+
| |RTL Partition |Replication |Instances |
+-+--------------+------------+----------+
+-+--------------+------------+----------+
---------------------------------------------------------------------------------
Start IO Insertion
---------------------------------------------------------------------------------
---------------------------------------------------------------------------------
Start Flattening Before IO Insertion
---------------------------------------------------------------------------------
---------------------------------------------------------------------------------
Finished Flattening Before IO Insertion
---------------------------------------------------------------------------------
---------------------------------------------------------------------------------
Start Final Netlist Cleanup
---------------------------------------------------------------------------------
---------------------------------------------------------------------------------
Finished Final Netlist Cleanup
---------------------------------------------------------------------------------
---------------------------------------------------------------------------------
Finished IO Insertion : Time (s): cpu = 00:00:20 ; elapsed = 00:00:35 . Memory (MB): peak = 880.039 ; gain = 620.141
---------------------------------------------------------------------------------

Report Check Netlist: 
+------+------------------+-------+---------+-------+------------------+
|      |Item              |Errors |Warnings |Status |Description       |
+------+------------------+-------+---------+-------+------------------+
|1     |multi_driven_nets |      0|        0|Passed |Multi driven nets |
+------+------------------+-------+---------+-------+------------------+
---------------------------------------------------------------------------------
Start Renaming Generated Instances
---------------------------------------------------------------------------------
---------------------------------------------------------------------------------
Finished Renaming Generated Instances : Time (s): cpu = 00:00:20 ; elapsed = 00:00:35 . Memory (MB): peak = 880.039 ; gain = 620.141
---------------------------------------------------------------------------------

Report RTL Partitions: 
+-+--------------+------------+----------+
| |RTL Partition |Replication |Instances |
+-+--------------+------------+----------+
+-+--------------+------------+----------+
---------------------------------------------------------------------------------
Start Rebuilding User Hierarchy
---------------------------------------------------------------------------------
---------------------------------------------------------------------------------
Finished Rebuilding User Hierarchy : Time (s): cpu = 00:00:20 ; elapsed = 00:00:36 . Memory (MB): peak = 880.039 ; gain = 620.141
---------------------------------------------------------------------------------
---------------------------------------------------------------------------------
Start Renaming Generated Ports
---------------------------------------------------------------------------------
---------------------------------------------------------------------------------
Finished Renaming Generated Ports : Time (s): cpu = 00:00:20 ; elapsed = 00:00:36 . Memory (MB): peak = 880.039 ; gain = 620.141
---------------------------------------------------------------------------------
---------------------------------------------------------------------------------
Start Handling Custom Attributes
---------------------------------------------------------------------------------
---------------------------------------------------------------------------------
Finished Handling Custom Attributes : Time (s): cpu = 00:00:20 ; elapsed = 00:00:36 . Memory (MB): peak = 880.039 ; gain = 620.141
---------------------------------------------------------------------------------
---------------------------------------------------------------------------------
Start Renaming Generated Nets
---------------------------------------------------------------------------------
---------------------------------------------------------------------------------
Finished Renaming Generated Nets : Time (s): cpu = 00:00:20 ; elapsed = 00:00:36 . Memory (MB): peak = 880.039 ; gain = 620.141
---------------------------------------------------------------------------------
---------------------------------------------------------------------------------
Start Writing Synthesis Report
---------------------------------------------------------------------------------

Report BlackBoxes: 
+-+--------------+----------+
| |BlackBox name |Instances |
+-+--------------+----------+
+-+--------------+----------+

Report Cell Usage: 
+------+-------+------+
|      |Cell   |Count |
+------+-------+------+
|1     |BUFG   |     6|
|2     |CARRY4 |   833|
|3     |LUT1   |   175|
|4     |LUT2   |   797|
|5     |LUT3   |   708|
|6     |LUT4   |   668|
|7     |LUT5   |   902|
|8     |LUT6   |  1754|
|9     |MUXF7  |     2|
|10    |FDE_1  |    32|
|11    |FDRE   |   617|
|12    |IBUF   |     6|
|13    |OBUF   |    10|
|14    |OBUFT  |     1|
+------+-------+------+

Report Instance Areas: 
+------+---------------------+-------------------+------+
|      |Instance             |Module             |Cells |
+------+---------------------+-------------------+------+
|1     |top                  |                   |  6511|
|2     |  Q3A1               |Oled_Display       |   638|
|3     |  animate_enemy      |enimate            |  1943|
|4     |    get_fps_clock    |flexy_clock_5      |    63|
|5     |  animate_hero       |animate            |  2145|
|6     |    get_fps_clock    |flexy_clock_4      |    63|
|7     |  animate_muffin     |muffinimate        |  1095|
|8     |    get_fps_clock    |flexy_clock_3      |    55|
|9     |  animate_projectile |projectile_animate |   217|
|10    |    nolabel_line44   |laser_shot         |   217|
|11    |      get_fps_clock  |flexy_clock_2      |    53|
|12    |  choose_direction   |direction_mux      |    82|
|13    |  clk_6p25MHz        |flexy_clock        |    64|
|14    |  draw_sq            |make_square        |    69|
|15    |    draw_sprite_1    |sprite_1           |     4|
|16    |    draw_sprite_2    |sprite_2           |     3|
|17    |    draw_sprite_3    |sprite_3           |     5|
|18    |  nolabel_line86     |hero_damage        |   151|
|19    |    nolabel_line36   |flexy_clock_1      |    54|
|20    |  nolabel_line87     |touch_muff         |    72|
|21    |    nolabel_line29   |flexy_clock_0      |    54|
+------+---------------------+-------------------+------+
---------------------------------------------------------------------------------
Finished Writing Synthesis Report : Time (s): cpu = 00:00:20 ; elapsed = 00:00:36 . Memory (MB): peak = 880.039 ; gain = 620.141
---------------------------------------------------------------------------------
Synthesis finished with 0 errors, 0 critical warnings and 502 warnings.
Synthesis Optimization Runtime : Time (s): cpu = 00:00:15 ; elapsed = 00:00:29 . Memory (MB): peak = 880.039 ; gain = 271.844
Synthesis Optimization Complete : Time (s): cpu = 00:00:20 ; elapsed = 00:00:36 . Memory (MB): peak = 880.039 ; gain = 620.141
INFO: [Project 1-571] Translating synthesized netlist
INFO: [Netlist 29-17] Analyzing 873 Unisim elements for replacement
INFO: [Netlist 29-28] Unisim Transformation completed in 0 CPU seconds
INFO: [Project 1-570] Preparing netlist for logic optimization
INFO: [Opt 31-138] Pushed 0 inverter(s) to 0 load pin(s).
INFO: [Project 1-111] Unisim Transformation Summary:
  A total of 32 instances were transformed.
  FDE_1 => FDRE (inverted pins: C): 32 instances

INFO: [Common 17-83] Releasing license: Synthesis
95 Infos, 242 Warnings, 2 Critical Warnings and 0 Errors encountered.
synth_design completed successfully
synth_design: Time (s): cpu = 00:00:21 ; elapsed = 00:00:39 . Memory (MB): peak = 880.039 ; gain = 633.172
WARNING: [Constraints 18-5210] No constraint will be written out.
INFO: [Common 17-1381] The checkpoint 'C:/Users/cyber/Desktop/Kashfy-EE2026-Vivado/MODS/MODS.runs/synth_1/Top_Student.dcp' has been generated.
INFO: [runtcl-4] Executing : report_utilization -file Top_Student_utilization_synth.rpt -pb Top_Student_utilization_synth.pb
report_utilization: Time (s): cpu = 00:00:01 ; elapsed = 00:00:00.036 . Memory (MB): peak = 880.039 ; gain = 0.000
INFO: [Common 17-206] Exiting Vivado at Thu Oct 31 22:27:34 2024...

*** Running vivado
    with args -log Top_Student.vds -m64 -product Vivado -mode batch -messageDb vivado.pb -notrace -source Top_Student.tcl


****** Vivado v2018.2 (64-bit)
  **** SW Build 2258646 on Thu Jun 14 20:03:12 MDT 2018
  **** IP Build 2256618 on Thu Jun 14 22:10:49 MDT 2018
    ** Copyright 1986-2018 Xilinx, Inc. All Rights Reserved.

source Top_Student.tcl -notrace
Command: synth_design -top Top_Student -part xc7a35tcpg236-1
Starting synth_design
Attempting to get a license for feature 'Synthesis' and/or device 'xc7a35t'
INFO: [Common 17-349] Got license for feature 'Synthesis' and/or device 'xc7a35t'
INFO: Launching helper process for spawning children vivado processes
INFO: Helper process launched with PID 42692 
WARNING: [Synth 8-976] YELLOW has already been declared [C:/Users/cyber/Desktop/Kashfy-EE2026-Vivado/MODS/MODS.srcs/sources_1/new/make_square.v:134]
WARNING: [Synth 8-2654] second declaration of YELLOW ignored [C:/Users/cyber/Desktop/Kashfy-EE2026-Vivado/MODS/MODS.srcs/sources_1/new/make_square.v:134]
INFO: [Synth 8-994] YELLOW is declared here [C:/Users/cyber/Desktop/Kashfy-EE2026-Vivado/MODS/MODS.srcs/sources_1/new/make_square.v:130]
---------------------------------------------------------------------------------
Starting RTL Elaboration : Time (s): cpu = 00:00:01 ; elapsed = 00:00:02 . Memory (MB): peak = 371.582 ; gain = 111.289
---------------------------------------------------------------------------------
INFO: [Synth 8-6157] synthesizing module 'Top_Student' [C:/Users/cyber/Desktop/Kashfy-EE2026-Vivado/MODS/MODS.srcs/sources_1/new/Top_Student.v:14]
INFO: [Synth 8-6157] synthesizing module 'flexy_clock' [C:/Users/cyber/Desktop/Kashfy-EE2026-Vivado/MODS/MODS.srcs/sources_1/new/flexy_clock.v:23]
INFO: [Synth 8-6155] done synthesizing module 'flexy_clock' (1#1) [C:/Users/cyber/Desktop/Kashfy-EE2026-Vivado/MODS/MODS.srcs/sources_1/new/flexy_clock.v:23]
INFO: [Synth 8-6157] synthesizing module 'direction_mux' [C:/Users/cyber/Desktop/Kashfy-EE2026-Vivado/MODS/MODS.srcs/sources_1/new/direction_mux.v:23]
INFO: [Synth 8-6155] done synthesizing module 'direction_mux' (2#1) [C:/Users/cyber/Desktop/Kashfy-EE2026-Vivado/MODS/MODS.srcs/sources_1/new/direction_mux.v:23]
INFO: [Synth 8-6157] synthesizing module 'animate' [C:/Users/cyber/Desktop/Kashfy-EE2026-Vivado/MODS/MODS.srcs/sources_1/new/animate.v:23]
WARNING: [Synth 8-311] ignoring non-constant assignment in initial block [C:/Users/cyber/Desktop/Kashfy-EE2026-Vivado/MODS/MODS.srcs/sources_1/new/animate.v:42]
WARNING: [Synth 8-311] ignoring non-constant assignment in initial block [C:/Users/cyber/Desktop/Kashfy-EE2026-Vivado/MODS/MODS.srcs/sources_1/new/animate.v:43]
WARNING: [Synth 8-6014] Unused sequential element x_increment_reg was removed.  [C:/Users/cyber/Desktop/Kashfy-EE2026-Vivado/MODS/MODS.srcs/sources_1/new/animate.v:69]
INFO: [Synth 8-6155] done synthesizing module 'animate' (3#1) [C:/Users/cyber/Desktop/Kashfy-EE2026-Vivado/MODS/MODS.srcs/sources_1/new/animate.v:23]
WARNING: [Synth 8-689] width (4) of port connection 'sq_width' does not match port width (7) of module 'animate' [C:/Users/cyber/Desktop/Kashfy-EE2026-Vivado/MODS/MODS.srcs/sources_1/new/Top_Student.v:76]
WARNING: [Synth 8-689] width (4) of port connection 'sq_height' does not match port width (7) of module 'animate' [C:/Users/cyber/Desktop/Kashfy-EE2026-Vivado/MODS/MODS.srcs/sources_1/new/Top_Student.v:76]
WARNING: [Synth 8-689] width (1) of port connection 'reset' does not match port width (7) of module 'animate' [C:/Users/cyber/Desktop/Kashfy-EE2026-Vivado/MODS/MODS.srcs/sources_1/new/Top_Student.v:79]
WARNING: [Synth 8-350] instance 'animate_hero' of module 'animate' requires 29 connections, but only 21 given [C:/Users/cyber/Desktop/Kashfy-EE2026-Vivado/MODS/MODS.srcs/sources_1/new/Top_Student.v:75]
INFO: [Synth 8-6157] synthesizing module 'hero_damage' [C:/Users/cyber/Desktop/Kashfy-EE2026-Vivado/MODS/MODS.srcs/sources_1/new/hero_damage.v:23]
INFO: [Synth 8-6155] done synthesizing module 'hero_damage' (4#1) [C:/Users/cyber/Desktop/Kashfy-EE2026-Vivado/MODS/MODS.srcs/sources_1/new/hero_damage.v:23]
INFO: [Synth 8-6157] synthesizing module 'touch_muff' [C:/Users/cyber/Desktop/Kashfy-EE2026-Vivado/MODS/MODS.srcs/sources_1/new/touch_muff.v:23]
WARNING: [Synth 8-311] ignoring non-constant assignment in initial block [C:/Users/cyber/Desktop/Kashfy-EE2026-Vivado/MODS/MODS.srcs/sources_1/new/touch_muff.v:36]
WARNING: [Synth 8-6014] Unused sequential element muff_count_reg was removed.  [C:/Users/cyber/Desktop/Kashfy-EE2026-Vivado/MODS/MODS.srcs/sources_1/new/touch_muff.v:42]
INFO: [Synth 8-6155] done synthesizing module 'touch_muff' (5#1) [C:/Users/cyber/Desktop/Kashfy-EE2026-Vivado/MODS/MODS.srcs/sources_1/new/touch_muff.v:23]
INFO: [Synth 8-6157] synthesizing module 'projectile_animate' [C:/Users/cyber/Desktop/Kashfy-EE2026-Vivado/MODS/MODS.srcs/sources_1/new/projectile_animate.v:23]
INFO: [Synth 8-6157] synthesizing module 'laser_shot' [C:/Users/cyber/Desktop/Kashfy-EE2026-Vivado/MODS/MODS.srcs/sources_1/new/projectile_animate.v:144]
WARNING: [Synth 8-311] ignoring non-constant assignment in initial block [C:/Users/cyber/Desktop/Kashfy-EE2026-Vivado/MODS/MODS.srcs/sources_1/new/projectile_animate.v:171]
WARNING: [Synth 8-6014] Unused sequential element y_increment_reg was removed.  [C:/Users/cyber/Desktop/Kashfy-EE2026-Vivado/MODS/MODS.srcs/sources_1/new/projectile_animate.v:185]
WARNING: [Synth 8-3848] Net proj_hit_enemy in module/entity laser_shot does not have driver. [C:/Users/cyber/Desktop/Kashfy-EE2026-Vivado/MODS/MODS.srcs/sources_1/new/projectile_animate.v:152]
INFO: [Synth 8-6155] done synthesizing module 'laser_shot' (6#1) [C:/Users/cyber/Desktop/Kashfy-EE2026-Vivado/MODS/MODS.srcs/sources_1/new/projectile_animate.v:144]
WARNING: [Synth 8-689] width (7) of port connection 'proj_move' does not match port width (1) of module 'laser_shot' [C:/Users/cyber/Desktop/Kashfy-EE2026-Vivado/MODS/MODS.srcs/sources_1/new/projectile_animate.v:49]
WARNING: [Synth 8-689] width (7) of port connection 'proj_hit_enemy' does not match port width (1) of module 'laser_shot' [C:/Users/cyber/Desktop/Kashfy-EE2026-Vivado/MODS/MODS.srcs/sources_1/new/projectile_animate.v:49]
WARNING: [Synth 8-350] instance 'nolabel_line44' of module 'laser_shot' requires 25 connections, but only 24 given [C:/Users/cyber/Desktop/Kashfy-EE2026-Vivado/MODS/MODS.srcs/sources_1/new/projectile_animate.v:44]
INFO: [Synth 8-6155] done synthesizing module 'projectile_animate' (7#1) [C:/Users/cyber/Desktop/Kashfy-EE2026-Vivado/MODS/MODS.srcs/sources_1/new/projectile_animate.v:23]
WARNING: [Synth 8-689] width (4) of port connection 'sq_width' does not match port width (7) of module 'projectile_animate' [C:/Users/cyber/Desktop/Kashfy-EE2026-Vivado/MODS/MODS.srcs/sources_1/new/Top_Student.v:94]
WARNING: [Synth 8-689] width (4) of port connection 'sq_height' does not match port width (7) of module 'projectile_animate' [C:/Users/cyber/Desktop/Kashfy-EE2026-Vivado/MODS/MODS.srcs/sources_1/new/Top_Student.v:94]
WARNING: [Synth 8-689] width (1) of port connection 'reset' does not match port width (7) of module 'projectile_animate' [C:/Users/cyber/Desktop/Kashfy-EE2026-Vivado/MODS/MODS.srcs/sources_1/new/Top_Student.v:97]
WARNING: [Synth 8-689] width (1) of port connection 'proj_move' does not match port width (7) of module 'projectile_animate' [C:/Users/cyber/Desktop/Kashfy-EE2026-Vivado/MODS/MODS.srcs/sources_1/new/Top_Student.v:98]
WARNING: [Synth 8-689] width (1) of port connection 'proj_hit_enemy' does not match port width (7) of module 'projectile_animate' [C:/Users/cyber/Desktop/Kashfy-EE2026-Vivado/MODS/MODS.srcs/sources_1/new/Top_Student.v:98]
INFO: [Synth 8-6157] synthesizing module 'enimate' [C:/Users/cyber/Desktop/Kashfy-EE2026-Vivado/MODS/MODS.srcs/sources_1/new/enimate.v:23]
WARNING: [Synth 8-6014] Unused sequential element x_increment_reg was removed.  [C:/Users/cyber/Desktop/Kashfy-EE2026-Vivado/MODS/MODS.srcs/sources_1/new/enimate.v:66]
WARNING: [Synth 8-6014] Unused sequential element y_increment_reg was removed.  [C:/Users/cyber/Desktop/Kashfy-EE2026-Vivado/MODS/MODS.srcs/sources_1/new/enimate.v:67]
INFO: [Synth 8-6155] done synthesizing module 'enimate' (8#1) [C:/Users/cyber/Desktop/Kashfy-EE2026-Vivado/MODS/MODS.srcs/sources_1/new/enimate.v:23]
WARNING: [Synth 8-689] width (4) of port connection 'sq_width' does not match port width (7) of module 'enimate' [C:/Users/cyber/Desktop/Kashfy-EE2026-Vivado/MODS/MODS.srcs/sources_1/new/Top_Student.v:103]
WARNING: [Synth 8-689] width (4) of port connection 'sq_height' does not match port width (7) of module 'enimate' [C:/Users/cyber/Desktop/Kashfy-EE2026-Vivado/MODS/MODS.srcs/sources_1/new/Top_Student.v:103]
WARNING: [Synth 8-689] width (1) of port connection 'reset' does not match port width (7) of module 'enimate' [C:/Users/cyber/Desktop/Kashfy-EE2026-Vivado/MODS/MODS.srcs/sources_1/new/Top_Student.v:107]
WARNING: [Synth 8-350] instance 'animate_enemy' of module 'enimate' requires 28 connections, but only 24 given [C:/Users/cyber/Desktop/Kashfy-EE2026-Vivado/MODS/MODS.srcs/sources_1/new/Top_Student.v:102]
INFO: [Synth 8-6157] synthesizing module 'muffinimate' [C:/Users/cyber/Desktop/Kashfy-EE2026-Vivado/MODS/MODS.srcs/sources_1/new/muffinimate.v:23]
WARNING: [Synth 8-311] ignoring non-constant assignment in initial block [C:/Users/cyber/Desktop/Kashfy-EE2026-Vivado/MODS/MODS.srcs/sources_1/new/muffinimate.v:41]
WARNING: [Synth 8-311] ignoring non-constant assignment in initial block [C:/Users/cyber/Desktop/Kashfy-EE2026-Vivado/MODS/MODS.srcs/sources_1/new/muffinimate.v:42]
WARNING: [Synth 8-6014] Unused sequential element x_increment_reg was removed.  [C:/Users/cyber/Desktop/Kashfy-EE2026-Vivado/MODS/MODS.srcs/sources_1/new/muffinimate.v:64]
INFO: [Synth 8-6155] done synthesizing module 'muffinimate' (9#1) [C:/Users/cyber/Desktop/Kashfy-EE2026-Vivado/MODS/MODS.srcs/sources_1/new/muffinimate.v:23]
WARNING: [Synth 8-689] width (4) of port connection 'sq_width' does not match port width (7) of module 'muffinimate' [C:/Users/cyber/Desktop/Kashfy-EE2026-Vivado/MODS/MODS.srcs/sources_1/new/Top_Student.v:112]
WARNING: [Synth 8-689] width (4) of port connection 'sq_height' does not match port width (7) of module 'muffinimate' [C:/Users/cyber/Desktop/Kashfy-EE2026-Vivado/MODS/MODS.srcs/sources_1/new/Top_Student.v:112]
WARNING: [Synth 8-689] width (1) of port connection 'reset' does not match port width (7) of module 'muffinimate' [C:/Users/cyber/Desktop/Kashfy-EE2026-Vivado/MODS/MODS.srcs/sources_1/new/Top_Student.v:116]
WARNING: [Synth 8-350] instance 'animate_muffin' of module 'muffinimate' requires 28 connections, but only 24 given [C:/Users/cyber/Desktop/Kashfy-EE2026-Vivado/MODS/MODS.srcs/sources_1/new/Top_Student.v:111]
INFO: [Synth 8-6157] synthesizing module 'make_square' [C:/Users/cyber/Desktop/Kashfy-EE2026-Vivado/MODS/MODS.srcs/sources_1/new/make_square.v:23]
INFO: [Synth 8-6157] synthesizing module 'sprite_1' [C:/Users/cyber/Desktop/Kashfy-EE2026-Vivado/MODS/MODS.srcs/sources_1/new/make_square.v:83]
WARNING: [Synth 8-85] always block has no event control specified [C:/Users/cyber/Desktop/Kashfy-EE2026-Vivado/MODS/MODS.srcs/sources_1/new/make_square.v:92]
INFO: [Synth 8-6155] done synthesizing module 'sprite_1' (10#1) [C:/Users/cyber/Desktop/Kashfy-EE2026-Vivado/MODS/MODS.srcs/sources_1/new/make_square.v:83]
INFO: [Synth 8-6157] synthesizing module 'sprite_2' [C:/Users/cyber/Desktop/Kashfy-EE2026-Vivado/MODS/MODS.srcs/sources_1/new/make_square.v:104]
WARNING: [Synth 8-85] always block has no event control specified [C:/Users/cyber/Desktop/Kashfy-EE2026-Vivado/MODS/MODS.srcs/sources_1/new/make_square.v:113]
INFO: [Synth 8-6155] done synthesizing module 'sprite_2' (11#1) [C:/Users/cyber/Desktop/Kashfy-EE2026-Vivado/MODS/MODS.srcs/sources_1/new/make_square.v:104]
INFO: [Synth 8-6157] synthesizing module 'sprite_3' [C:/Users/cyber/Desktop/Kashfy-EE2026-Vivado/MODS/MODS.srcs/sources_1/new/make_square.v:125]
WARNING: [Synth 8-85] always block has no event control specified [C:/Users/cyber/Desktop/Kashfy-EE2026-Vivado/MODS/MODS.srcs/sources_1/new/make_square.v:155]
INFO: [Synth 8-6155] done synthesizing module 'sprite_3' (12#1) [C:/Users/cyber/Desktop/Kashfy-EE2026-Vivado/MODS/MODS.srcs/sources_1/new/make_square.v:125]
INFO: [Synth 8-6155] done synthesizing module 'make_square' (13#1) [C:/Users/cyber/Desktop/Kashfy-EE2026-Vivado/MODS/MODS.srcs/sources_1/new/make_square.v:23]
WARNING: [Synth 8-689] width (1) of port connection 'proj_move' does not match port width (3) of module 'make_square' [C:/Users/cyber/Desktop/Kashfy-EE2026-Vivado/MODS/MODS.srcs/sources_1/new/Top_Student.v:121]
INFO: [Synth 8-6157] synthesizing module 'Oled_Display' [C:/Users/cyber/Desktop/Kashfy-EE2026-Vivado/MODS/MODS.srcs/sources_1/imports/Desktop/Oled_Display.v:36]
	Parameter Width bound to: 96 - type: integer 
	Parameter Height bound to: 64 - type: integer 
	Parameter PixelCount bound to: 6144 - type: integer 
	Parameter PixelCountWidth bound to: 13 - type: integer 
	Parameter ClkFreq bound to: 6250000 - type: integer 
	Parameter FrameFreq bound to: 60 - type: integer 
	Parameter FrameDiv bound to: 104166 - type: integer 
	Parameter FrameDivWidth bound to: 17 - type: integer 
	Parameter PowerDelay bound to: 20 - type: integer 
	Parameter ResetDelay bound to: 3 - type: integer 
	Parameter VccEnDelay bound to: 20 - type: integer 
	Parameter StartupCompleteDelay bound to: 100 - type: integer 
	Parameter MaxDelay bound to: 100 - type: integer 
	Parameter MaxDelayCount bound to: 625000 - type: integer 
	Parameter StateCount bound to: 32 - type: integer 
	Parameter StateWidth bound to: 5 - type: integer 
	Parameter PowerUp bound to: 5'b00000 
	Parameter Reset bound to: 5'b00001 
	Parameter ReleaseReset bound to: 5'b00011 
	Parameter EnableDriver bound to: 5'b00010 
	Parameter DisplayOff bound to: 5'b00110 
	Parameter SetRemapDisplayFormat bound to: 5'b00111 
	Parameter SetStartLine bound to: 5'b00101 
	Parameter SetOffset bound to: 5'b00100 
	Parameter SetNormalDisplay bound to: 5'b01100 
	Parameter SetMultiplexRatio bound to: 5'b01101 
	Parameter SetMasterConfiguration bound to: 5'b01111 
	Parameter DisablePowerSave bound to: 5'b01110 
	Parameter SetPhaseAdjust bound to: 5'b01010 
	Parameter SetDisplayClock bound to: 5'b01011 
	Parameter SetSecondPrechargeA bound to: 5'b01001 
	Parameter SetSecondPrechargeB bound to: 5'b01000 
	Parameter SetSecondPrechargeC bound to: 5'b11000 
	Parameter SetPrechargeLevel bound to: 5'b11001 
	Parameter SetVCOMH bound to: 5'b11011 
	Parameter SetMasterCurrent bound to: 5'b11010 
	Parameter SetContrastA bound to: 5'b11110 
	Parameter SetContrastB bound to: 5'b11111 
	Parameter SetContrastC bound to: 5'b11101 
	Parameter DisableScrolling bound to: 5'b11100 
	Parameter ClearScreen bound to: 5'b10100 
	Parameter VccEn bound to: 5'b10101 
	Parameter DisplayOn bound to: 5'b10111 
	Parameter PrepareNextFrame bound to: 5'b10110 
	Parameter SetColAddress bound to: 5'b10010 
	Parameter SetRowAddress bound to: 5'b10011 
	Parameter WaitNextFrame bound to: 5'b10001 
	Parameter SendPixel bound to: 5'b10000 
	Parameter SpiCommandMaxWidth bound to: 40 - type: integer 
	Parameter SpiCommandBitCountWidth bound to: 6 - type: integer 
INFO: [Synth 8-226] default block is never used [C:/Users/cyber/Desktop/Kashfy-EE2026-Vivado/MODS/MODS.srcs/sources_1/imports/Desktop/Oled_Display.v:123]
INFO: [Synth 8-226] default block is never used [C:/Users/cyber/Desktop/Kashfy-EE2026-Vivado/MODS/MODS.srcs/sources_1/imports/Desktop/Oled_Display.v:198]
WARNING: [Synth 8-693] zero replication count - replication ignored [C:/Users/cyber/Desktop/Kashfy-EE2026-Vivado/MODS/MODS.srcs/sources_1/imports/Desktop/Oled_Display.v:346]
INFO: [Synth 8-6155] done synthesizing module 'Oled_Display' (14#1) [C:/Users/cyber/Desktop/Kashfy-EE2026-Vivado/MODS/MODS.srcs/sources_1/imports/Desktop/Oled_Display.v:36]
INFO: [Synth 8-6155] done synthesizing module 'Top_Student' (15#1) [C:/Users/cyber/Desktop/Kashfy-EE2026-Vivado/MODS/MODS.srcs/sources_1/new/Top_Student.v:14]
WARNING: [Synth 8-3331] design sprite_3 has unconnected port y_oled[6]
WARNING: [Synth 8-3331] design sprite_3 has unconnected port y_oled[5]
WARNING: [Synth 8-3331] design sprite_3 has unconnected port y_oled[4]
WARNING: [Synth 8-3331] design sprite_3 has unconnected port y_oled[3]
WARNING: [Synth 8-3331] design sprite_3 has unconnected port y_oled[2]
WARNING: [Synth 8-3331] design sprite_3 has unconnected port y_oled[1]
WARNING: [Synth 8-3331] design sprite_3 has unconnected port y_oled[0]
WARNING: [Synth 8-3331] design sprite_3 has unconnected port y_ref[6]
WARNING: [Synth 8-3331] design sprite_3 has unconnected port y_ref[5]
WARNING: [Synth 8-3331] design sprite_3 has unconnected port y_ref[4]
WARNING: [Synth 8-3331] design sprite_3 has unconnected port y_ref[3]
WARNING: [Synth 8-3331] design sprite_3 has unconnected port y_ref[2]
WARNING: [Synth 8-3331] design sprite_3 has unconnected port y_ref[1]
WARNING: [Synth 8-3331] design sprite_3 has unconnected port y_ref[0]
WARNING: [Synth 8-3331] design sprite_3 has unconnected port sprite_height[6]
WARNING: [Synth 8-3331] design sprite_3 has unconnected port sprite_height[5]
WARNING: [Synth 8-3331] design sprite_3 has unconnected port sprite_height[4]
WARNING: [Synth 8-3331] design sprite_3 has unconnected port sprite_height[3]
WARNING: [Synth 8-3331] design sprite_3 has unconnected port sprite_height[2]
WARNING: [Synth 8-3331] design sprite_3 has unconnected port sprite_height[1]
WARNING: [Synth 8-3331] design sprite_3 has unconnected port sprite_height[0]
WARNING: [Synth 8-3331] design sprite_2 has unconnected port y_oled[6]
WARNING: [Synth 8-3331] design sprite_2 has unconnected port y_oled[5]
WARNING: [Synth 8-3331] design sprite_2 has unconnected port y_oled[4]
WARNING: [Synth 8-3331] design sprite_2 has unconnected port y_oled[3]
WARNING: [Synth 8-3331] design sprite_2 has unconnected port y_oled[2]
WARNING: [Synth 8-3331] design sprite_2 has unconnected port y_oled[1]
WARNING: [Synth 8-3331] design sprite_2 has unconnected port y_oled[0]
WARNING: [Synth 8-3331] design sprite_2 has unconnected port y_ref[6]
WARNING: [Synth 8-3331] design sprite_2 has unconnected port y_ref[5]
WARNING: [Synth 8-3331] design sprite_2 has unconnected port y_ref[4]
WARNING: [Synth 8-3331] design sprite_2 has unconnected port y_ref[3]
WARNING: [Synth 8-3331] design sprite_2 has unconnected port y_ref[2]
WARNING: [Synth 8-3331] design sprite_2 has unconnected port y_ref[1]
WARNING: [Synth 8-3331] design sprite_2 has unconnected port y_ref[0]
WARNING: [Synth 8-3331] design sprite_2 has unconnected port sprite_height[6]
WARNING: [Synth 8-3331] design sprite_2 has unconnected port sprite_height[5]
WARNING: [Synth 8-3331] design sprite_2 has unconnected port sprite_height[4]
WARNING: [Synth 8-3331] design sprite_2 has unconnected port sprite_height[3]
WARNING: [Synth 8-3331] design sprite_2 has unconnected port sprite_height[2]
WARNING: [Synth 8-3331] design sprite_2 has unconnected port sprite_height[1]
WARNING: [Synth 8-3331] design sprite_2 has unconnected port sprite_height[0]
WARNING: [Synth 8-3331] design sprite_1 has unconnected port x_oled[6]
WARNING: [Synth 8-3331] design sprite_1 has unconnected port x_oled[5]
WARNING: [Synth 8-3331] design sprite_1 has unconnected port x_oled[4]
WARNING: [Synth 8-3331] design sprite_1 has unconnected port x_oled[3]
WARNING: [Synth 8-3331] design sprite_1 has unconnected port x_oled[2]
WARNING: [Synth 8-3331] design sprite_1 has unconnected port x_oled[1]
WARNING: [Synth 8-3331] design sprite_1 has unconnected port x_oled[0]
WARNING: [Synth 8-3331] design sprite_1 has unconnected port x_ref[6]
WARNING: [Synth 8-3331] design sprite_1 has unconnected port x_ref[5]
WARNING: [Synth 8-3331] design sprite_1 has unconnected port x_ref[4]
WARNING: [Synth 8-3331] design sprite_1 has unconnected port x_ref[3]
WARNING: [Synth 8-3331] design sprite_1 has unconnected port x_ref[2]
WARNING: [Synth 8-3331] design sprite_1 has unconnected port x_ref[1]
WARNING: [Synth 8-3331] design sprite_1 has unconnected port x_ref[0]
WARNING: [Synth 8-3331] design sprite_1 has unconnected port sprite_width[6]
WARNING: [Synth 8-3331] design sprite_1 has unconnected port sprite_width[5]
WARNING: [Synth 8-3331] design sprite_1 has unconnected port sprite_width[4]
WARNING: [Synth 8-3331] design sprite_1 has unconnected port sprite_width[3]
WARNING: [Synth 8-3331] design sprite_1 has unconnected port sprite_width[2]
WARNING: [Synth 8-3331] design sprite_1 has unconnected port sprite_width[1]
WARNING: [Synth 8-3331] design sprite_1 has unconnected port sprite_width[0]
WARNING: [Synth 8-3331] design make_square has unconnected port sprite_no[3]
WARNING: [Synth 8-3331] design make_square has unconnected port sprite_no[2]
WARNING: [Synth 8-3331] design make_square has unconnected port sprite_no[1]
WARNING: [Synth 8-3331] design make_square has unconnected port sprite_no[0]
WARNING: [Synth 8-3331] design make_square has unconnected port sq_colour[15]
WARNING: [Synth 8-3331] design make_square has unconnected port sq_colour[14]
WARNING: [Synth 8-3331] design make_square has unconnected port sq_colour[13]
WARNING: [Synth 8-3331] design make_square has unconnected port sq_colour[12]
WARNING: [Synth 8-3331] design make_square has unconnected port sq_colour[11]
WARNING: [Synth 8-3331] design make_square has unconnected port sq_colour[10]
WARNING: [Synth 8-3331] design make_square has unconnected port sq_colour[9]
WARNING: [Synth 8-3331] design make_square has unconnected port sq_colour[8]
WARNING: [Synth 8-3331] design make_square has unconnected port sq_colour[7]
WARNING: [Synth 8-3331] design make_square has unconnected port sq_colour[6]
WARNING: [Synth 8-3331] design make_square has unconnected port sq_colour[5]
WARNING: [Synth 8-3331] design make_square has unconnected port sq_colour[4]
WARNING: [Synth 8-3331] design make_square has unconnected port sq_colour[3]
WARNING: [Synth 8-3331] design make_square has unconnected port sq_colour[2]
WARNING: [Synth 8-3331] design make_square has unconnected port sq_colour[1]
WARNING: [Synth 8-3331] design make_square has unconnected port sq_colour[0]
WARNING: [Synth 8-3331] design make_square has unconnected port sq_colour2[15]
WARNING: [Synth 8-3331] design make_square has unconnected port sq_colour2[14]
WARNING: [Synth 8-3331] design make_square has unconnected port sq_colour2[13]
WARNING: [Synth 8-3331] design make_square has unconnected port sq_colour2[12]
WARNING: [Synth 8-3331] design make_square has unconnected port sq_colour2[11]
WARNING: [Synth 8-3331] design make_square has unconnected port sq_colour2[10]
WARNING: [Synth 8-3331] design make_square has unconnected port sq_colour2[9]
WARNING: [Synth 8-3331] design make_square has unconnected port sq_colour2[8]
WARNING: [Synth 8-3331] design make_square has unconnected port sq_colour2[7]
WARNING: [Synth 8-3331] design make_square has unconnected port sq_colour2[6]
WARNING: [Synth 8-3331] design make_square has unconnected port sq_colour2[5]
WARNING: [Synth 8-3331] design make_square has unconnected port sq_colour2[4]
WARNING: [Synth 8-3331] design make_square has unconnected port sq_colour2[3]
WARNING: [Synth 8-3331] design make_square has unconnected port sq_colour2[2]
WARNING: [Synth 8-3331] design make_square has unconnected port sq_colour2[1]
WARNING: [Synth 8-3331] design make_square has unconnected port sq_colour2[0]
WARNING: [Synth 8-3331] design make_square has unconnected port sq_colour3[15]
INFO: [Common 17-14] Message 'Synth 8-3331' appears 100 times and further instances of the messages will be disabled. Use the Tcl command set_msg_config to change the current settings.
---------------------------------------------------------------------------------
Finished RTL Elaboration : Time (s): cpu = 00:00:02 ; elapsed = 00:00:03 . Memory (MB): peak = 414.191 ; gain = 153.898
---------------------------------------------------------------------------------

Report Check Netlist: 
+------+------------------+-------+---------+-------+------------------+
|      |Item              |Errors |Warnings |Status |Description       |
+------+------------------+-------+---------+-------+------------------+
|1     |multi_driven_nets |      0|        0|Passed |Multi driven nets |
+------+------------------+-------+---------+-------+------------------+
---------------------------------------------------------------------------------
Start Handling Custom Attributes
---------------------------------------------------------------------------------
---------------------------------------------------------------------------------
Finished Handling Custom Attributes : Time (s): cpu = 00:00:02 ; elapsed = 00:00:03 . Memory (MB): peak = 414.191 ; gain = 153.898
---------------------------------------------------------------------------------
---------------------------------------------------------------------------------
Finished RTL Optimization Phase 1 : Time (s): cpu = 00:00:02 ; elapsed = 00:00:03 . Memory (MB): peak = 414.191 ; gain = 153.898
---------------------------------------------------------------------------------
INFO: [Device 21-403] Loading part xc7a35tcpg236-1
INFO: [Project 1-570] Preparing netlist for logic optimization

Processing XDC Constraints
Initializing timing engine
Parsing XDC File [C:/Users/cyber/Desktop/Kashfy-EE2026-Vivado/MODS/MODS.srcs/constrs_1/new/konstrens.xdc]
WARNING: [Vivado 12-584] No ports matched 'PS2Clk'. [C:/Users/cyber/Desktop/Kashfy-EE2026-Vivado/MODS/MODS.srcs/constrs_1/new/konstrens.xdc:138]
CRITICAL WARNING: [Common 17-55] 'set_property' expects at least one object. [C:/Users/cyber/Desktop/Kashfy-EE2026-Vivado/MODS/MODS.srcs/constrs_1/new/konstrens.xdc:138]
Resolution: If [get_<value>] was used to populate the object, check to make sure this command returns at least one valid object.
WARNING: [Vivado 12-584] No ports matched 'PS2Data'. [C:/Users/cyber/Desktop/Kashfy-EE2026-Vivado/MODS/MODS.srcs/constrs_1/new/konstrens.xdc:139]
CRITICAL WARNING: [Common 17-55] 'set_property' expects at least one object. [C:/Users/cyber/Desktop/Kashfy-EE2026-Vivado/MODS/MODS.srcs/constrs_1/new/konstrens.xdc:139]
Resolution: If [get_<value>] was used to populate the object, check to make sure this command returns at least one valid object.
Finished Parsing XDC File [C:/Users/cyber/Desktop/Kashfy-EE2026-Vivado/MODS/MODS.srcs/constrs_1/new/konstrens.xdc]
INFO: [Project 1-236] Implementation specific constraints were found while reading constraint file [C:/Users/cyber/Desktop/Kashfy-EE2026-Vivado/MODS/MODS.srcs/constrs_1/new/konstrens.xdc]. These constraints will be ignored for synthesis but will be used in implementation. Impacted constraints are listed in the file [.Xil/Top_Student_propImpl.xdc].
Resolution: To avoid this warning, move constraints listed in [.Xil/Top_Student_propImpl.xdc] to another XDC file and exclude this new file from synthesis with the used_in_synthesis property (File Properties dialog in GUI) and re-run elaboration/synthesis.
Completed Processing XDC Constraints

INFO: [Project 1-111] Unisim Transformation Summary:
No Unisim elements were transformed.

Constraint Validation Runtime : Time (s): cpu = 00:00:00 ; elapsed = 00:00:00.005 . Memory (MB): peak = 762.137 ; gain = 0.000
---------------------------------------------------------------------------------
Finished Constraint Validation : Time (s): cpu = 00:00:06 ; elapsed = 00:00:12 . Memory (MB): peak = 762.137 ; gain = 501.844
---------------------------------------------------------------------------------
---------------------------------------------------------------------------------
Start Loading Part and Timing Information
---------------------------------------------------------------------------------
Loading part: xc7a35tcpg236-1
---------------------------------------------------------------------------------
Finished Loading Part and Timing Information : Time (s): cpu = 00:00:06 ; elapsed = 00:00:12 . Memory (MB): peak = 762.137 ; gain = 501.844
---------------------------------------------------------------------------------
---------------------------------------------------------------------------------
Start Applying 'set_property' XDC Constraints
---------------------------------------------------------------------------------
---------------------------------------------------------------------------------
Finished applying 'set_property' XDC Constraints : Time (s): cpu = 00:00:06 ; elapsed = 00:00:12 . Memory (MB): peak = 762.137 ; gain = 501.844
---------------------------------------------------------------------------------
INFO: [Synth 8-5545] ROM "slow_clk0" won't be mapped to RAM because address size (32) is larger than maximum supported(25)
INFO: [Synth 8-5546] ROM "is_y_stat0" won't be mapped to RAM because it is too sparse
INFO: [Synth 8-5546] ROM "is_y_stat0" won't be mapped to RAM because it is too sparse
INFO: [Synth 8-5544] ROM "sprite_no" won't be mapped to Block RAM because address size (1) smaller than threshold (5)
INFO: [Synth 8-5546] ROM "is_y_stat0" won't be mapped to RAM because it is too sparse
INFO: [Synth 8-5546] ROM "is_y_stat0" won't be mapped to RAM because it is too sparse
INFO: [Synth 8-5546] ROM "stop_falling" won't be mapped to RAM because it is too sparse
INFO: [Synth 8-5546] ROM "stop_falling" won't be mapped to RAM because it is too sparse
INFO: [Synth 8-802] inferred FSM for state register 'state_reg' in module 'Oled_Display'
INFO: [Synth 8-5546] ROM "fsm_next_state0" won't be mapped to RAM because it is too sparse
INFO: [Synth 8-5544] ROM "fsm_next_state0" won't be mapped to Block RAM because address size (1) smaller than threshold (5)
INFO: [Synth 8-5546] ROM "fsm_next_state0" won't be mapped to RAM because it is too sparse
---------------------------------------------------------------------------------------------------
                   State |                     New Encoding |                Previous Encoding 
---------------------------------------------------------------------------------------------------
                 PowerUp | 00000000100000000000000000000000 |                            00000
                   Reset | 00000000000100000000000000000000 |                            00001
            ReleaseReset | 00000000000000000000100000000000 |                            00011
            EnableDriver | 00000000000000000001000000000000 |                            00010
              DisplayOff | 00000000000000000100000000000000 |                            00110
   SetRemapDisplayFormat | 00000100000000000000000000000000 |                            00111
            SetStartLine | 00001000000000000000000000000000 |                            00101
               SetOffset | 10000000000000000000000000000000 |                            00100
        SetNormalDisplay | 00000000000000000000000010000000 |                            01100
       SetMultiplexRatio | 00000000000000000000000000100000 |                            01101
  SetMasterConfiguration | 00000000000000000000000001000000 |                            01111
        DisablePowerSave | 00000000000000000000000000000100 |                            01110
          SetPhaseAdjust | 00000000000000000000000000001000 |                            01010
         SetDisplayClock | 00000000001000000000000000000000 |                            01011
     SetSecondPrechargeA | 00000000010000000000000000000000 |                            01001
     SetSecondPrechargeB | 01000000000000000000000000000000 |                            01000
     SetSecondPrechargeC | 00000010000000000000000000000000 |                            11000
       SetPrechargeLevel | 00000001000000000000000000000000 |                            11001
                SetVCOMH | 00000000000000010000000000000000 |                            11011
        SetMasterCurrent | 00000000000000100000000000000000 |                            11010
            SetContrastA | 00000000000001000000000000000000 |                            11110
            SetContrastB | 00100000000000000000000000000000 |                            11111
            SetContrastC | 00000000000000000000000000000001 |                            11101
        DisableScrolling | 00000000000000000000000000000010 |                            11100
             ClearScreen | 00000000000000000000000000010000 |                            10100
                   VccEn | 00010000000000000000000000000000 |                            10101
               DisplayOn | 00000000000010000000000000000000 |                            10111
        PrepareNextFrame | 00000000000000001000000000000000 |                            10110
           SetColAddress | 00000000000000000000010000000000 |                            10010
           SetRowAddress | 00000000000000000000000100000000 |                            10011
           WaitNextFrame | 00000000000000000000001000000000 |                            10001
               SendPixel | 00000000000000000010000000000000 |                            10000
---------------------------------------------------------------------------------------------------
INFO: [Synth 8-3354] encoded FSM with state register 'state_reg' using encoding 'one-hot' in module 'Oled_Display'
---------------------------------------------------------------------------------
Finished RTL Optimization Phase 2 : Time (s): cpu = 00:00:06 ; elapsed = 00:00:13 . Memory (MB): peak = 762.137 ; gain = 501.844
---------------------------------------------------------------------------------
INFO: [Synth 8-223] decloning instance 'clk_6p25MHz' (flexy_clock) to 'clk_25MHz'

Report RTL Partitions: 
+-+--------------+------------+----------+
| |RTL Partition |Replication |Instances |
+-+--------------+------------+----------+
+-+--------------+------------+----------+
---------------------------------------------------------------------------------
Start RTL Component Statistics 
---------------------------------------------------------------------------------
Detailed RTL Component Info : 
+---Adders : 
	   4 Input     33 Bit       Adders := 3     
	   2 Input     32 Bit       Adders := 11    
	   3 Input     32 Bit       Adders := 8     
	   2 Input     17 Bit       Adders := 1     
	   2 Input      9 Bit       Adders := 5     
	   3 Input      9 Bit       Adders := 1     
	   4 Input      9 Bit       Adders := 1     
	   2 Input      8 Bit       Adders := 11    
	   3 Input      8 Bit       Adders := 19    
	   2 Input      7 Bit       Adders := 61    
	   3 Input      7 Bit       Adders := 1     
	   2 Input      6 Bit       Adders := 1     
	   2 Input      3 Bit       Adders := 1     
+---Registers : 
	               40 Bit    Registers := 1     
	               32 Bit    Registers := 8     
	               17 Bit    Registers := 1     
	               16 Bit    Registers := 4     
	                7 Bit    Registers := 14    
	                6 Bit    Registers := 1     
	                3 Bit    Registers := 3     
	                2 Bit    Registers := 1     
	                1 Bit    Registers := 15    
+---Muxes : 
	   2 Input     40 Bit        Muxes := 3     
	   2 Input     32 Bit        Muxes := 22    
	   3 Input     32 Bit        Muxes := 1     
	  32 Input     32 Bit        Muxes := 1     
	  32 Input     20 Bit        Muxes := 1     
	   2 Input     17 Bit        Muxes := 1     
	   2 Input     16 Bit        Muxes := 11    
	   3 Input     16 Bit        Muxes := 1     
	   2 Input     11 Bit        Muxes := 2     
	   2 Input      7 Bit        Muxes := 55    
	  10 Input      7 Bit        Muxes := 2     
	   6 Input      7 Bit        Muxes := 1     
	   3 Input      7 Bit        Muxes := 2     
	   7 Input      7 Bit        Muxes := 1     
	  32 Input      6 Bit        Muxes := 1     
	   2 Input      6 Bit        Muxes := 1     
	   2 Input      5 Bit        Muxes := 2     
	  32 Input      5 Bit        Muxes := 1     
	   2 Input      3 Bit        Muxes := 4     
	   2 Input      2 Bit        Muxes := 4     
	   3 Input      2 Bit        Muxes := 3     
	   2 Input      1 Bit        Muxes := 10    
	   3 Input      1 Bit        Muxes := 2     
	   5 Input      1 Bit        Muxes := 1     
---------------------------------------------------------------------------------
Finished RTL Component Statistics 
---------------------------------------------------------------------------------
---------------------------------------------------------------------------------
Start RTL Hierarchical Component Statistics 
---------------------------------------------------------------------------------
Hierarchical RTL Component report 
Module flexy_clock 
Detailed RTL Component Info : 
+---Registers : 
	                1 Bit    Registers := 1     
+---Muxes : 
	   2 Input      1 Bit        Muxes := 1     
Module direction_mux 
Detailed RTL Component Info : 
+---Registers : 
	                7 Bit    Registers := 2     
+---Muxes : 
	   2 Input      7 Bit        Muxes := 3     
Module animate 
Detailed RTL Component Info : 
+---Adders : 
	   4 Input     33 Bit       Adders := 1     
	   2 Input     32 Bit       Adders := 4     
	   3 Input     32 Bit       Adders := 3     
	   2 Input      9 Bit       Adders := 2     
	   2 Input      8 Bit       Adders := 3     
	   2 Input      7 Bit       Adders := 11    
+---Registers : 
	               32 Bit    Registers := 3     
	               16 Bit    Registers := 1     
	                7 Bit    Registers := 3     
	                2 Bit    Registers := 1     
	                1 Bit    Registers := 2     
+---Muxes : 
	   2 Input     32 Bit        Muxes := 13    
	   2 Input      7 Bit        Muxes := 10    
	  10 Input      7 Bit        Muxes := 1     
	   6 Input      7 Bit        Muxes := 1     
	   2 Input      2 Bit        Muxes := 2     
	   3 Input      2 Bit        Muxes := 1     
Module hero_damage 
Detailed RTL Component Info : 
+---Adders : 
	   2 Input     32 Bit       Adders := 1     
+---Registers : 
	               32 Bit    Registers := 1     
	                3 Bit    Registers := 1     
+---Muxes : 
	   3 Input     32 Bit        Muxes := 1     
	   2 Input     32 Bit        Muxes := 1     
	   2 Input      3 Bit        Muxes := 3     
	   3 Input      2 Bit        Muxes := 1     
Module touch_muff 
Detailed RTL Component Info : 
+---Adders : 
	   2 Input      3 Bit       Adders := 1     
+---Registers : 
	                3 Bit    Registers := 2     
+---Muxes : 
	   2 Input      3 Bit        Muxes := 1     
Module laser_shot 
Detailed RTL Component Info : 
+---Adders : 
	   3 Input     32 Bit       Adders := 1     
	   3 Input      9 Bit       Adders := 1     
	   3 Input      8 Bit       Adders := 2     
	   2 Input      7 Bit       Adders := 11    
	   3 Input      7 Bit       Adders := 1     
+---Registers : 
	                7 Bit    Registers := 4     
	                1 Bit    Registers := 1     
+---Muxes : 
	   3 Input      7 Bit        Muxes := 2     
	   2 Input      7 Bit        Muxes := 14    
	   3 Input      2 Bit        Muxes := 1     
	   3 Input      1 Bit        Muxes := 1     
	   2 Input      1 Bit        Muxes := 1     
Module enimate 
Detailed RTL Component Info : 
+---Adders : 
	   4 Input     33 Bit       Adders := 1     
	   2 Input     32 Bit       Adders := 4     
	   3 Input     32 Bit       Adders := 3     
	   2 Input      9 Bit       Adders := 2     
	   2 Input      8 Bit       Adders := 3     
	   3 Input      8 Bit       Adders := 2     
	   2 Input      7 Bit       Adders := 16    
+---Registers : 
	               32 Bit    Registers := 3     
	               16 Bit    Registers := 1     
	                7 Bit    Registers := 2     
	                1 Bit    Registers := 2     
+---Muxes : 
	   2 Input     32 Bit        Muxes := 5     
	   2 Input      7 Bit        Muxes := 4     
	  10 Input      7 Bit        Muxes := 1     
	   7 Input      7 Bit        Muxes := 1     
	   2 Input      2 Bit        Muxes := 2     
Module muffinimate 
Detailed RTL Component Info : 
+---Adders : 
	   4 Input     33 Bit       Adders := 1     
	   2 Input     32 Bit       Adders := 2     
	   3 Input     32 Bit       Adders := 1     
	   2 Input      9 Bit       Adders := 1     
	   2 Input      8 Bit       Adders := 2     
	   3 Input      8 Bit       Adders := 3     
	   2 Input      7 Bit       Adders := 11    
+---Registers : 
	               32 Bit    Registers := 1     
	               16 Bit    Registers := 1     
	                7 Bit    Registers := 3     
	                1 Bit    Registers := 3     
+---Muxes : 
	   2 Input     32 Bit        Muxes := 1     
	   2 Input      7 Bit        Muxes := 24    
	   3 Input      1 Bit        Muxes := 1     
Module sprite_1 
Detailed RTL Component Info : 
+---Adders : 
	   4 Input      9 Bit       Adders := 1     
	   2 Input      8 Bit       Adders := 1     
+---Muxes : 
	   2 Input     16 Bit        Muxes := 1     
	   2 Input     11 Bit        Muxes := 1     
Module sprite_2 
Detailed RTL Component Info : 
+---Adders : 
	   2 Input      8 Bit       Adders := 1     
+---Muxes : 
	   3 Input     16 Bit        Muxes := 1     
Module sprite_3 
Detailed RTL Component Info : 
+---Adders : 
	   2 Input      8 Bit       Adders := 1     
+---Muxes : 
	   2 Input     16 Bit        Muxes := 2     
	   2 Input     11 Bit        Muxes := 1     
Module make_square 
Detailed RTL Component Info : 
+---Adders : 
	   3 Input      8 Bit       Adders := 12    
	   2 Input      7 Bit       Adders := 12    
+---Registers : 
	               16 Bit    Registers := 1     
+---Muxes : 
	   2 Input     16 Bit        Muxes := 8     
	   5 Input      1 Bit        Muxes := 1     
Module Oled_Display 
Detailed RTL Component Info : 
+---Adders : 
	   2 Input     17 Bit       Adders := 1     
	   2 Input      6 Bit       Adders := 1     
+---Registers : 
	               40 Bit    Registers := 1     
	               17 Bit    Registers := 1     
	                6 Bit    Registers := 1     
+---Muxes : 
	   2 Input     40 Bit        Muxes := 3     
	  32 Input     32 Bit        Muxes := 1     
	   2 Input     32 Bit        Muxes := 2     
	  32 Input     20 Bit        Muxes := 1     
	   2 Input     17 Bit        Muxes := 1     
	  32 Input      6 Bit        Muxes := 1     
	   2 Input      6 Bit        Muxes := 1     
	   2 Input      5 Bit        Muxes := 2     
	  32 Input      5 Bit        Muxes := 1     
	   2 Input      1 Bit        Muxes := 2     
---------------------------------------------------------------------------------
Finished RTL Hierarchical Component Statistics
---------------------------------------------------------------------------------
---------------------------------------------------------------------------------
Start Part Resource Summary
---------------------------------------------------------------------------------
Part Resources:
DSPs: 90 (col length:60)
BRAMs: 100 (col length: RAMB18 60 RAMB36 30)
---------------------------------------------------------------------------------
Finished Part Resource Summary
---------------------------------------------------------------------------------
---------------------------------------------------------------------------------
Start Cross Boundary and Area Optimization
---------------------------------------------------------------------------------
Warning: Parallel synthesis criteria is not met 
INFO: [Synth 8-5545] ROM "slow_clk0" won't be mapped to RAM because address size (32) is larger than maximum supported(25)
INFO: [Synth 8-5545] ROM "slow_clk0" won't be mapped to RAM because address size (32) is larger than maximum supported(25)
INFO: [Synth 8-5546] ROM "is_y_stat0" won't be mapped to RAM because it is too sparse
INFO: [Synth 8-5545] ROM "nolabel_line36/slow_clk0" won't be mapped to RAM because address size (32) is larger than maximum supported(25)
INFO: [Synth 8-5545] ROM "nolabel_line29/slow_clk0" won't be mapped to RAM because address size (32) is larger than maximum supported(25)
INFO: [Synth 8-5545] ROM "nolabel_line44/get_fps_clock/slow_clk0" won't be mapped to RAM because address size (32) is larger than maximum supported(25)
INFO: [Synth 8-5546] ROM "out00" won't be mapped to RAM because it is too sparse
INFO: [Synth 8-5546] ROM "O210" won't be mapped to RAM because it is too sparse
INFO: [Synth 8-5545] ROM "slow_clk0" won't be mapped to RAM because address size (32) is larger than maximum supported(25)
INFO: [Synth 8-5546] ROM "is_y_stat0" won't be mapped to RAM because it is too sparse
INFO: [Synth 8-5545] ROM "get_fps_clock/slow_clk0" won't be mapped to RAM because address size (32) is larger than maximum supported(25)
INFO: [Synth 8-5546] ROM "fsm_next_state0" won't be mapped to RAM because it is too sparse
INFO: [Synth 8-5546] ROM "fsm_next_state0" won't be mapped to RAM because it is too sparse
INFO: [Synth 8-3886] merging instance 'draw_sq/oled_data_reg[0]' (FDE) to 'draw_sq/oled_data_reg[4]'
INFO: [Synth 8-3886] merging instance 'draw_sq/oled_data_reg[1]' (FDE) to 'draw_sq/oled_data_reg[4]'
INFO: [Synth 8-3886] merging instance 'draw_sq/oled_data_reg[2]' (FDE) to 'draw_sq/oled_data_reg[4]'
INFO: [Synth 8-3886] merging instance 'draw_sq/oled_data_reg[3]' (FDE) to 'draw_sq/oled_data_reg[4]'
INFO: [Synth 8-3886] merging instance 'draw_sq/oled_data_reg[5]' (FDE) to 'draw_sq/oled_data_reg[10]'
INFO: [Synth 8-3886] merging instance 'draw_sq/oled_data_reg[6]' (FDE) to 'draw_sq/oled_data_reg[10]'
INFO: [Synth 8-3886] merging instance 'draw_sq/oled_data_reg[7]' (FDE) to 'draw_sq/oled_data_reg[10]'
INFO: [Synth 8-3886] merging instance 'draw_sq/oled_data_reg[8]' (FDE) to 'draw_sq/oled_data_reg[10]'
INFO: [Synth 8-3886] merging instance 'draw_sq/oled_data_reg[9]' (FDE) to 'draw_sq/oled_data_reg[10]'
INFO: [Synth 8-3886] merging instance 'draw_sq/oled_data_reg[11]' (FDE) to 'draw_sq/oled_data_reg[15]'
INFO: [Synth 8-3886] merging instance 'draw_sq/oled_data_reg[12]' (FDE) to 'draw_sq/oled_data_reg[15]'
INFO: [Synth 8-3886] merging instance 'draw_sq/oled_data_reg[13]' (FDE) to 'draw_sq/oled_data_reg[15]'
INFO: [Synth 8-3886] merging instance 'choose_direction/y_vect_reg[1]' (FDSE) to 'choose_direction/y_vect_reg[2]'
INFO: [Synth 8-3886] merging instance 'choose_direction/y_vect_reg[2]' (FDSE) to 'choose_direction/y_vect_reg[3]'
INFO: [Synth 8-3886] merging instance 'choose_direction/y_vect_reg[3]' (FDSE) to 'choose_direction/y_vect_reg[4]'
INFO: [Synth 8-3886] merging instance 'choose_direction/y_vect_reg[4]' (FDSE) to 'choose_direction/y_vect_reg[5]'
INFO: [Synth 8-3886] merging instance 'choose_direction/y_vect_reg[5]' (FDSE) to 'choose_direction/y_vect_reg[6]'
INFO: [Synth 8-3886] merging instance 'choose_direction/x_vect_reg[6]' (FD) to 'choose_direction/x_vect_reg[1]'
INFO: [Synth 8-3886] merging instance 'choose_direction/x_vect_reg[5]' (FD) to 'choose_direction/x_vect_reg[1]'
INFO: [Synth 8-3886] merging instance 'choose_direction/x_vect_reg[4]' (FD) to 'choose_direction/x_vect_reg[1]'
INFO: [Synth 8-3886] merging instance 'choose_direction/x_vect_reg[3]' (FD) to 'choose_direction/x_vect_reg[1]'
INFO: [Synth 8-3886] merging instance 'choose_direction/x_vect_reg[2]' (FD) to 'choose_direction/x_vect_reg[1]'
INFO: [Synth 8-3886] merging instance 'draw_sq/oled_data_reg[14]' (FDE) to 'draw_sq/oled_data_reg[15]'
WARNING: [Synth 8-3332] Sequential element (center_sq_colour_reg[15]) is unused and will be removed from module animate.
WARNING: [Synth 8-3332] Sequential element (center_sq_colour_reg[14]) is unused and will be removed from module animate.
WARNING: [Synth 8-3332] Sequential element (center_sq_colour_reg[13]) is unused and will be removed from module animate.
WARNING: [Synth 8-3332] Sequential element (center_sq_colour_reg[12]) is unused and will be removed from module animate.
WARNING: [Synth 8-3332] Sequential element (center_sq_colour_reg[11]) is unused and will be removed from module animate.
WARNING: [Synth 8-3332] Sequential element (center_sq_colour_reg[10]) is unused and will be removed from module animate.
WARNING: [Synth 8-3332] Sequential element (center_sq_colour_reg[9]) is unused and will be removed from module animate.
WARNING: [Synth 8-3332] Sequential element (center_sq_colour_reg[8]) is unused and will be removed from module animate.
WARNING: [Synth 8-3332] Sequential element (center_sq_colour_reg[7]) is unused and will be removed from module animate.
WARNING: [Synth 8-3332] Sequential element (center_sq_colour_reg[6]) is unused and will be removed from module animate.
WARNING: [Synth 8-3332] Sequential element (center_sq_colour_reg[5]) is unused and will be removed from module animate.
WARNING: [Synth 8-3332] Sequential element (center_sq_colour_reg[4]) is unused and will be removed from module animate.
WARNING: [Synth 8-3332] Sequential element (center_sq_colour_reg[3]) is unused and will be removed from module animate.
WARNING: [Synth 8-3332] Sequential element (center_sq_colour_reg[2]) is unused and will be removed from module animate.
WARNING: [Synth 8-3332] Sequential element (center_sq_colour_reg[1]) is unused and will be removed from module animate.
WARNING: [Synth 8-3332] Sequential element (center_sq_colour_reg[0]) is unused and will be removed from module animate.
WARNING: [Synth 8-3332] Sequential element (sprite_no_reg[1]) is unused and will be removed from module animate.
WARNING: [Synth 8-3332] Sequential element (sprite_no_reg[0]) is unused and will be removed from module animate.
WARNING: [Synth 8-3332] Sequential element (jump_time_reg[31]) is unused and will be removed from module enimate.
WARNING: [Synth 8-3332] Sequential element (jump_time_reg[30]) is unused and will be removed from module enimate.
WARNING: [Synth 8-3332] Sequential element (jump_time_reg[29]) is unused and will be removed from module enimate.
WARNING: [Synth 8-3332] Sequential element (jump_time_reg[28]) is unused and will be removed from module enimate.
WARNING: [Synth 8-3332] Sequential element (jump_time_reg[27]) is unused and will be removed from module enimate.
WARNING: [Synth 8-3332] Sequential element (jump_time_reg[26]) is unused and will be removed from module enimate.
WARNING: [Synth 8-3332] Sequential element (jump_time_reg[25]) is unused and will be removed from module enimate.
WARNING: [Synth 8-3332] Sequential element (jump_time_reg[24]) is unused and will be removed from module enimate.
WARNING: [Synth 8-3332] Sequential element (jump_time_reg[23]) is unused and will be removed from module enimate.
WARNING: [Synth 8-3332] Sequential element (jump_time_reg[22]) is unused and will be removed from module enimate.
WARNING: [Synth 8-3332] Sequential element (jump_time_reg[21]) is unused and will be removed from module enimate.
WARNING: [Synth 8-3332] Sequential element (jump_time_reg[20]) is unused and will be removed from module enimate.
WARNING: [Synth 8-3332] Sequential element (jump_time_reg[19]) is unused and will be removed from module enimate.
WARNING: [Synth 8-3332] Sequential element (jump_time_reg[18]) is unused and will be removed from module enimate.
WARNING: [Synth 8-3332] Sequential element (jump_time_reg[17]) is unused and will be removed from module enimate.
WARNING: [Synth 8-3332] Sequential element (jump_time_reg[16]) is unused and will be removed from module enimate.
WARNING: [Synth 8-3332] Sequential element (jump_time_reg[15]) is unused and will be removed from module enimate.
WARNING: [Synth 8-3332] Sequential element (jump_time_reg[14]) is unused and will be removed from module enimate.
WARNING: [Synth 8-3332] Sequential element (jump_time_reg[13]) is unused and will be removed from module enimate.
WARNING: [Synth 8-3332] Sequential element (jump_time_reg[12]) is unused and will be removed from module enimate.
WARNING: [Synth 8-3332] Sequential element (jump_time_reg[11]) is unused and will be removed from module enimate.
WARNING: [Synth 8-3332] Sequential element (jump_time_reg[10]) is unused and will be removed from module enimate.
WARNING: [Synth 8-3332] Sequential element (jump_time_reg[9]) is unused and will be removed from module enimate.
WARNING: [Synth 8-3332] Sequential element (jump_time_reg[8]) is unused and will be removed from module enimate.
WARNING: [Synth 8-3332] Sequential element (jump_time_reg[7]) is unused and will be removed from module enimate.
WARNING: [Synth 8-3332] Sequential element (jump_time_reg[6]) is unused and will be removed from module enimate.
WARNING: [Synth 8-3332] Sequential element (jump_time_reg[5]) is unused and will be removed from module enimate.
WARNING: [Synth 8-3332] Sequential element (jump_time_reg[4]) is unused and will be removed from module enimate.
WARNING: [Synth 8-3332] Sequential element (jump_time_reg[3]) is unused and will be removed from module enimate.
WARNING: [Synth 8-3332] Sequential element (jump_time_reg[2]) is unused and will be removed from module enimate.
WARNING: [Synth 8-3332] Sequential element (jump_time_reg[1]) is unused and will be removed from module enimate.
WARNING: [Synth 8-3332] Sequential element (jump_time_reg[0]) is unused and will be removed from module enimate.
WARNING: [Synth 8-3332] Sequential element (center_sq_colour_reg[15]) is unused and will be removed from module enimate.
WARNING: [Synth 8-3332] Sequential element (center_sq_colour_reg[14]) is unused and will be removed from module enimate.
WARNING: [Synth 8-3332] Sequential element (center_sq_colour_reg[13]) is unused and will be removed from module enimate.
WARNING: [Synth 8-3332] Sequential element (center_sq_colour_reg[12]) is unused and will be removed from module enimate.
WARNING: [Synth 8-3332] Sequential element (center_sq_colour_reg[11]) is unused and will be removed from module enimate.
WARNING: [Synth 8-3332] Sequential element (center_sq_colour_reg[10]) is unused and will be removed from module enimate.
WARNING: [Synth 8-3332] Sequential element (center_sq_colour_reg[9]) is unused and will be removed from module enimate.
WARNING: [Synth 8-3332] Sequential element (center_sq_colour_reg[8]) is unused and will be removed from module enimate.
WARNING: [Synth 8-3332] Sequential element (center_sq_colour_reg[7]) is unused and will be removed from module enimate.
WARNING: [Synth 8-3332] Sequential element (center_sq_colour_reg[6]) is unused and will be removed from module enimate.
WARNING: [Synth 8-3332] Sequential element (center_sq_colour_reg[5]) is unused and will be removed from module enimate.
WARNING: [Synth 8-3332] Sequential element (center_sq_colour_reg[4]) is unused and will be removed from module enimate.
WARNING: [Synth 8-3332] Sequential element (center_sq_colour_reg[3]) is unused and will be removed from module enimate.
WARNING: [Synth 8-3332] Sequential element (center_sq_colour_reg[2]) is unused and will be removed from module enimate.
WARNING: [Synth 8-3332] Sequential element (center_sq_colour_reg[1]) is unused and will be removed from module enimate.
WARNING: [Synth 8-3332] Sequential element (center_sq_colour_reg[0]) is unused and will be removed from module enimate.
WARNING: [Synth 8-3332] Sequential element (center_sq_colour_reg[15]) is unused and will be removed from module muffinimate.
WARNING: [Synth 8-3332] Sequential element (center_sq_colour_reg[14]) is unused and will be removed from module muffinimate.
WARNING: [Synth 8-3332] Sequential element (center_sq_colour_reg[13]) is unused and will be removed from module muffinimate.
WARNING: [Synth 8-3332] Sequential element (center_sq_colour_reg[12]) is unused and will be removed from module muffinimate.
WARNING: [Synth 8-3332] Sequential element (center_sq_colour_reg[11]) is unused and will be removed from module muffinimate.
WARNING: [Synth 8-3332] Sequential element (center_sq_colour_reg[10]) is unused and will be removed from module muffinimate.
WARNING: [Synth 8-3332] Sequential element (center_sq_colour_reg[9]) is unused and will be removed from module muffinimate.
WARNING: [Synth 8-3332] Sequential element (center_sq_colour_reg[8]) is unused and will be removed from module muffinimate.
WARNING: [Synth 8-3332] Sequential element (center_sq_colour_reg[7]) is unused and will be removed from module muffinimate.
WARNING: [Synth 8-3332] Sequential element (center_sq_colour_reg[6]) is unused and will be removed from module muffinimate.
WARNING: [Synth 8-3332] Sequential element (center_sq_colour_reg[5]) is unused and will be removed from module muffinimate.
WARNING: [Synth 8-3332] Sequential element (center_sq_colour_reg[4]) is unused and will be removed from module muffinimate.
WARNING: [Synth 8-3332] Sequential element (center_sq_colour_reg[3]) is unused and will be removed from module muffinimate.
WARNING: [Synth 8-3332] Sequential element (center_sq_colour_reg[2]) is unused and will be removed from module muffinimate.
WARNING: [Synth 8-3332] Sequential element (center_sq_colour_reg[1]) is unused and will be removed from module muffinimate.
WARNING: [Synth 8-3332] Sequential element (center_sq_colour_reg[0]) is unused and will be removed from module muffinimate.
---------------------------------------------------------------------------------
Finished Cross Boundary and Area Optimization : Time (s): cpu = 00:00:14 ; elapsed = 00:00:26 . Memory (MB): peak = 762.137 ; gain = 501.844
---------------------------------------------------------------------------------

Report RTL Partitions: 
+-+--------------+------------+----------+
| |RTL Partition |Replication |Instances |
+-+--------------+------------+----------+
+-+--------------+------------+----------+
---------------------------------------------------------------------------------
Start Applying XDC Timing Constraints
---------------------------------------------------------------------------------
---------------------------------------------------------------------------------
Finished Applying XDC Timing Constraints : Time (s): cpu = 00:00:17 ; elapsed = 00:00:33 . Memory (MB): peak = 762.191 ; gain = 501.898
---------------------------------------------------------------------------------
---------------------------------------------------------------------------------
Start Timing Optimization
---------------------------------------------------------------------------------
---------------------------------------------------------------------------------
Finished Timing Optimization : Time (s): cpu = 00:00:17 ; elapsed = 00:00:33 . Memory (MB): peak = 785.574 ; gain = 525.281
---------------------------------------------------------------------------------

Report RTL Partitions: 
+-+--------------+------------+----------+
| |RTL Partition |Replication |Instances |
+-+--------------+------------+----------+
+-+--------------+------------+----------+
---------------------------------------------------------------------------------
Start Technology Mapping
---------------------------------------------------------------------------------
WARNING: [Synth 8-3332] Sequential element (animate_hero/jump_time_reg[31]) is unused and will be removed from module Top_Student.
WARNING: [Synth 8-3332] Sequential element (animate_hero/jump_time_reg[30]) is unused and will be removed from module Top_Student.
WARNING: [Synth 8-3332] Sequential element (animate_hero/jump_time_reg[29]) is unused and will be removed from module Top_Student.
WARNING: [Synth 8-3332] Sequential element (animate_hero/jump_time_reg[28]) is unused and will be removed from module Top_Student.
WARNING: [Synth 8-3332] Sequential element (animate_hero/jump_time_reg[27]) is unused and will be removed from module Top_Student.
WARNING: [Synth 8-3332] Sequential element (animate_hero/jump_time_reg[26]) is unused and will be removed from module Top_Student.
WARNING: [Synth 8-3332] Sequential element (animate_hero/jump_time_reg[25]) is unused and will be removed from module Top_Student.
WARNING: [Synth 8-3332] Sequential element (animate_hero/jump_time_reg[24]) is unused and will be removed from module Top_Student.
WARNING: [Synth 8-3332] Sequential element (animate_hero/jump_time_reg[23]) is unused and will be removed from module Top_Student.
WARNING: [Synth 8-3332] Sequential element (animate_hero/jump_time_reg[22]) is unused and will be removed from module Top_Student.
WARNING: [Synth 8-3332] Sequential element (animate_hero/jump_time_reg[21]) is unused and will be removed from module Top_Student.
WARNING: [Synth 8-3332] Sequential element (animate_hero/jump_time_reg[20]) is unused and will be removed from module Top_Student.
WARNING: [Synth 8-3332] Sequential element (animate_hero/jump_time_reg[19]) is unused and will be removed from module Top_Student.
WARNING: [Synth 8-3332] Sequential element (animate_hero/jump_time_reg[18]) is unused and will be removed from module Top_Student.
WARNING: [Synth 8-3332] Sequential element (animate_hero/jump_time_reg[17]) is unused and will be removed from module Top_Student.
WARNING: [Synth 8-3332] Sequential element (animate_hero/jump_time_reg[16]) is unused and will be removed from module Top_Student.
WARNING: [Synth 8-3332] Sequential element (animate_hero/jump_time_reg[15]) is unused and will be removed from module Top_Student.
WARNING: [Synth 8-3332] Sequential element (animate_hero/jump_time_reg[14]) is unused and will be removed from module Top_Student.
INFO: [Common 17-14] Message 'Synth 8-3332' appears 100 times and further instances of the messages will be disabled. Use the Tcl command set_msg_config to change the current settings.
---------------------------------------------------------------------------------
Finished Technology Mapping : Time (s): cpu = 00:00:18 ; elapsed = 00:00:35 . Memory (MB): peak = 879.457 ; gain = 619.164
---------------------------------------------------------------------------------

Report RTL Partitions: 
+-+--------------+------------+----------+
| |RTL Partition |Replication |Instances |
+-+--------------+------------+----------+
+-+--------------+------------+----------+
---------------------------------------------------------------------------------
Start IO Insertion
---------------------------------------------------------------------------------
---------------------------------------------------------------------------------
Start Flattening Before IO Insertion
---------------------------------------------------------------------------------
---------------------------------------------------------------------------------
Finished Flattening Before IO Insertion
---------------------------------------------------------------------------------
---------------------------------------------------------------------------------
Start Final Netlist Cleanup
---------------------------------------------------------------------------------
---------------------------------------------------------------------------------
Finished Final Netlist Cleanup
---------------------------------------------------------------------------------
---------------------------------------------------------------------------------
Finished IO Insertion : Time (s): cpu = 00:00:19 ; elapsed = 00:00:36 . Memory (MB): peak = 879.457 ; gain = 619.164
---------------------------------------------------------------------------------

Report Check Netlist: 
+------+------------------+-------+---------+-------+------------------+
|      |Item              |Errors |Warnings |Status |Description       |
+------+------------------+-------+---------+-------+------------------+
|1     |multi_driven_nets |      0|        0|Passed |Multi driven nets |
+------+------------------+-------+---------+-------+------------------+
---------------------------------------------------------------------------------
Start Renaming Generated Instances
---------------------------------------------------------------------------------
---------------------------------------------------------------------------------
Finished Renaming Generated Instances : Time (s): cpu = 00:00:19 ; elapsed = 00:00:36 . Memory (MB): peak = 879.457 ; gain = 619.164
---------------------------------------------------------------------------------

Report RTL Partitions: 
+-+--------------+------------+----------+
| |RTL Partition |Replication |Instances |
+-+--------------+------------+----------+
+-+--------------+------------+----------+
---------------------------------------------------------------------------------
Start Rebuilding User Hierarchy
---------------------------------------------------------------------------------
---------------------------------------------------------------------------------
Finished Rebuilding User Hierarchy : Time (s): cpu = 00:00:19 ; elapsed = 00:00:36 . Memory (MB): peak = 879.457 ; gain = 619.164
---------------------------------------------------------------------------------
---------------------------------------------------------------------------------
Start Renaming Generated Ports
---------------------------------------------------------------------------------
---------------------------------------------------------------------------------
Finished Renaming Generated Ports : Time (s): cpu = 00:00:19 ; elapsed = 00:00:37 . Memory (MB): peak = 879.457 ; gain = 619.164
---------------------------------------------------------------------------------
---------------------------------------------------------------------------------
Start Handling Custom Attributes
---------------------------------------------------------------------------------
---------------------------------------------------------------------------------
Finished Handling Custom Attributes : Time (s): cpu = 00:00:19 ; elapsed = 00:00:37 . Memory (MB): peak = 879.457 ; gain = 619.164
---------------------------------------------------------------------------------
---------------------------------------------------------------------------------
Start Renaming Generated Nets
---------------------------------------------------------------------------------
---------------------------------------------------------------------------------
Finished Renaming Generated Nets : Time (s): cpu = 00:00:19 ; elapsed = 00:00:37 . Memory (MB): peak = 879.457 ; gain = 619.164
---------------------------------------------------------------------------------
---------------------------------------------------------------------------------
Start Writing Synthesis Report
---------------------------------------------------------------------------------

Report BlackBoxes: 
+-+--------------+----------+
| |BlackBox name |Instances |
+-+--------------+----------+
+-+--------------+----------+

Report Cell Usage: 
+------+-------+------+
|      |Cell   |Count |
+------+-------+------+
|1     |BUFG   |     6|
|2     |CARRY4 |   834|
|3     |LUT1   |   174|
|4     |LUT2   |   796|
|5     |LUT3   |   710|
|6     |LUT4   |   669|
|7     |LUT5   |   899|
|8     |LUT6   |  1753|
|9     |MUXF7  |     2|
|10    |FDE_1  |    32|
|11    |FDRE   |   613|
|12    |IBUF   |     6|
|13    |OBUF   |    10|
|14    |OBUFT  |     1|
+------+-------+------+

Report Instance Areas: 
+------+---------------------+-------------------+------+
|      |Instance             |Module             |Cells |
+------+---------------------+-------------------+------+
|1     |top                  |                   |  6505|
|2     |  Q3A1               |Oled_Display       |   638|
|3     |  animate_enemy      |enimate            |  1943|
|4     |    get_fps_clock    |flexy_clock_5      |    63|
|5     |  animate_hero       |animate            |  2141|
|6     |    get_fps_clock    |flexy_clock_4      |    63|
|7     |  animate_muffin     |muffinimate        |  1095|
|8     |    get_fps_clock    |flexy_clock_3      |    55|
|9     |  animate_projectile |projectile_animate |   216|
|10    |    nolabel_line44   |laser_shot         |   216|
|11    |      get_fps_clock  |flexy_clock_2      |    53|
|12    |  choose_direction   |direction_mux      |    81|
|13    |  clk_6p25MHz        |flexy_clock        |    64|
|14    |  draw_sq            |make_square        |    69|
|15    |    draw_sprite_1    |sprite_1           |     4|
|16    |    draw_sprite_2    |sprite_2           |     3|
|17    |    draw_sprite_3    |sprite_3           |     5|
|18    |  nolabel_line86     |hero_damage        |   151|
|19    |    nolabel_line36   |flexy_clock_1      |    54|
|20    |  nolabel_line87     |touch_muff         |    72|
|21    |    nolabel_line29   |flexy_clock_0      |    54|
+------+---------------------+-------------------+------+
---------------------------------------------------------------------------------
Finished Writing Synthesis Report : Time (s): cpu = 00:00:19 ; elapsed = 00:00:37 . Memory (MB): peak = 879.457 ; gain = 619.164
---------------------------------------------------------------------------------
Synthesis finished with 0 errors, 0 critical warnings and 502 warnings.
Synthesis Optimization Runtime : Time (s): cpu = 00:00:14 ; elapsed = 00:00:30 . Memory (MB): peak = 879.457 ; gain = 271.219
Synthesis Optimization Complete : Time (s): cpu = 00:00:19 ; elapsed = 00:00:37 . Memory (MB): peak = 879.457 ; gain = 619.164
INFO: [Project 1-571] Translating synthesized netlist
INFO: [Netlist 29-17] Analyzing 874 Unisim elements for replacement
INFO: [Netlist 29-28] Unisim Transformation completed in 0 CPU seconds
INFO: [Project 1-570] Preparing netlist for logic optimization
INFO: [Opt 31-138] Pushed 0 inverter(s) to 0 load pin(s).
INFO: [Project 1-111] Unisim Transformation Summary:
  A total of 32 instances were transformed.
  FDE_1 => FDRE (inverted pins: C): 32 instances

INFO: [Common 17-83] Releasing license: Synthesis
97 Infos, 242 Warnings, 2 Critical Warnings and 0 Errors encountered.
synth_design completed successfully
synth_design: Time (s): cpu = 00:00:20 ; elapsed = 00:00:40 . Memory (MB): peak = 879.457 ; gain = 632.023
WARNING: [Constraints 18-5210] No constraint will be written out.
INFO: [Common 17-1381] The checkpoint 'C:/Users/cyber/Desktop/Kashfy-EE2026-Vivado/MODS/MODS.runs/synth_1/Top_Student.dcp' has been generated.
INFO: [runtcl-4] Executing : report_utilization -file Top_Student_utilization_synth.rpt -pb Top_Student_utilization_synth.pb
report_utilization: Time (s): cpu = 00:00:00 ; elapsed = 00:00:00.046 . Memory (MB): peak = 879.457 ; gain = 0.000
INFO: [Common 17-206] Exiting Vivado at Thu Oct 31 22:36:33 2024...

*** Running vivado
    with args -log Top_Student.vds -m64 -product Vivado -mode batch -messageDb vivado.pb -notrace -source Top_Student.tcl


****** Vivado v2018.2 (64-bit)
  **** SW Build 2258646 on Thu Jun 14 20:03:12 MDT 2018
  **** IP Build 2256618 on Thu Jun 14 22:10:49 MDT 2018
    ** Copyright 1986-2018 Xilinx, Inc. All Rights Reserved.

source Top_Student.tcl -notrace
Command: synth_design -top Top_Student -part xc7a35tcpg236-1
Starting synth_design
Attempting to get a license for feature 'Synthesis' and/or device 'xc7a35t'
INFO: [Common 17-349] Got license for feature 'Synthesis' and/or device 'xc7a35t'
INFO: Launching helper process for spawning children vivado processes
INFO: Helper process launched with PID 36144 
WARNING: [Synth 8-976] YELLOW has already been declared [C:/Users/cyber/Desktop/Kashfy-EE2026-Vivado/MODS/MODS.srcs/sources_1/new/make_square.v:134]
WARNING: [Synth 8-2654] second declaration of YELLOW ignored [C:/Users/cyber/Desktop/Kashfy-EE2026-Vivado/MODS/MODS.srcs/sources_1/new/make_square.v:134]
INFO: [Synth 8-994] YELLOW is declared here [C:/Users/cyber/Desktop/Kashfy-EE2026-Vivado/MODS/MODS.srcs/sources_1/new/make_square.v:130]
---------------------------------------------------------------------------------
Starting RTL Elaboration : Time (s): cpu = 00:00:01 ; elapsed = 00:00:02 . Memory (MB): peak = 371.547 ; gain = 111.574
---------------------------------------------------------------------------------
INFO: [Synth 8-6157] synthesizing module 'Top_Student' [C:/Users/cyber/Desktop/Kashfy-EE2026-Vivado/MODS/MODS.srcs/sources_1/new/Top_Student.v:14]
INFO: [Synth 8-6157] synthesizing module 'flexy_clock' [C:/Users/cyber/Desktop/Kashfy-EE2026-Vivado/MODS/MODS.srcs/sources_1/new/flexy_clock.v:23]
INFO: [Synth 8-6155] done synthesizing module 'flexy_clock' (1#1) [C:/Users/cyber/Desktop/Kashfy-EE2026-Vivado/MODS/MODS.srcs/sources_1/new/flexy_clock.v:23]
INFO: [Synth 8-6157] synthesizing module 'direction_mux' [C:/Users/cyber/Desktop/Kashfy-EE2026-Vivado/MODS/MODS.srcs/sources_1/new/direction_mux.v:23]
INFO: [Synth 8-6155] done synthesizing module 'direction_mux' (2#1) [C:/Users/cyber/Desktop/Kashfy-EE2026-Vivado/MODS/MODS.srcs/sources_1/new/direction_mux.v:23]
INFO: [Synth 8-6157] synthesizing module 'animate' [C:/Users/cyber/Desktop/Kashfy-EE2026-Vivado/MODS/MODS.srcs/sources_1/new/animate.v:23]
WARNING: [Synth 8-311] ignoring non-constant assignment in initial block [C:/Users/cyber/Desktop/Kashfy-EE2026-Vivado/MODS/MODS.srcs/sources_1/new/animate.v:42]
WARNING: [Synth 8-311] ignoring non-constant assignment in initial block [C:/Users/cyber/Desktop/Kashfy-EE2026-Vivado/MODS/MODS.srcs/sources_1/new/animate.v:43]
WARNING: [Synth 8-6014] Unused sequential element x_increment_reg was removed.  [C:/Users/cyber/Desktop/Kashfy-EE2026-Vivado/MODS/MODS.srcs/sources_1/new/animate.v:69]
INFO: [Synth 8-6155] done synthesizing module 'animate' (3#1) [C:/Users/cyber/Desktop/Kashfy-EE2026-Vivado/MODS/MODS.srcs/sources_1/new/animate.v:23]
WARNING: [Synth 8-689] width (4) of port connection 'sq_width' does not match port width (7) of module 'animate' [C:/Users/cyber/Desktop/Kashfy-EE2026-Vivado/MODS/MODS.srcs/sources_1/new/Top_Student.v:76]
WARNING: [Synth 8-689] width (4) of port connection 'sq_height' does not match port width (7) of module 'animate' [C:/Users/cyber/Desktop/Kashfy-EE2026-Vivado/MODS/MODS.srcs/sources_1/new/Top_Student.v:76]
WARNING: [Synth 8-689] width (1) of port connection 'reset' does not match port width (7) of module 'animate' [C:/Users/cyber/Desktop/Kashfy-EE2026-Vivado/MODS/MODS.srcs/sources_1/new/Top_Student.v:79]
WARNING: [Synth 8-350] instance 'animate_hero' of module 'animate' requires 29 connections, but only 21 given [C:/Users/cyber/Desktop/Kashfy-EE2026-Vivado/MODS/MODS.srcs/sources_1/new/Top_Student.v:75]
INFO: [Synth 8-6157] synthesizing module 'hero_damage' [C:/Users/cyber/Desktop/Kashfy-EE2026-Vivado/MODS/MODS.srcs/sources_1/new/hero_damage.v:23]
INFO: [Synth 8-6155] done synthesizing module 'hero_damage' (4#1) [C:/Users/cyber/Desktop/Kashfy-EE2026-Vivado/MODS/MODS.srcs/sources_1/new/hero_damage.v:23]
INFO: [Synth 8-6157] synthesizing module 'touch_muff' [C:/Users/cyber/Desktop/Kashfy-EE2026-Vivado/MODS/MODS.srcs/sources_1/new/touch_muff.v:23]
WARNING: [Synth 8-311] ignoring non-constant assignment in initial block [C:/Users/cyber/Desktop/Kashfy-EE2026-Vivado/MODS/MODS.srcs/sources_1/new/touch_muff.v:36]
WARNING: [Synth 8-6014] Unused sequential element muff_count_reg was removed.  [C:/Users/cyber/Desktop/Kashfy-EE2026-Vivado/MODS/MODS.srcs/sources_1/new/touch_muff.v:42]
INFO: [Synth 8-6155] done synthesizing module 'touch_muff' (5#1) [C:/Users/cyber/Desktop/Kashfy-EE2026-Vivado/MODS/MODS.srcs/sources_1/new/touch_muff.v:23]
INFO: [Synth 8-6157] synthesizing module 'projectile_animate' [C:/Users/cyber/Desktop/Kashfy-EE2026-Vivado/MODS/MODS.srcs/sources_1/new/projectile_animate.v:23]
INFO: [Synth 8-6157] synthesizing module 'laser_shot' [C:/Users/cyber/Desktop/Kashfy-EE2026-Vivado/MODS/MODS.srcs/sources_1/new/projectile_animate.v:144]
WARNING: [Synth 8-311] ignoring non-constant assignment in initial block [C:/Users/cyber/Desktop/Kashfy-EE2026-Vivado/MODS/MODS.srcs/sources_1/new/projectile_animate.v:171]
WARNING: [Synth 8-6014] Unused sequential element y_increment_reg was removed.  [C:/Users/cyber/Desktop/Kashfy-EE2026-Vivado/MODS/MODS.srcs/sources_1/new/projectile_animate.v:185]
WARNING: [Synth 8-3848] Net proj_hit_enemy in module/entity laser_shot does not have driver. [C:/Users/cyber/Desktop/Kashfy-EE2026-Vivado/MODS/MODS.srcs/sources_1/new/projectile_animate.v:152]
INFO: [Synth 8-6155] done synthesizing module 'laser_shot' (6#1) [C:/Users/cyber/Desktop/Kashfy-EE2026-Vivado/MODS/MODS.srcs/sources_1/new/projectile_animate.v:144]
WARNING: [Synth 8-689] width (7) of port connection 'proj_move' does not match port width (1) of module 'laser_shot' [C:/Users/cyber/Desktop/Kashfy-EE2026-Vivado/MODS/MODS.srcs/sources_1/new/projectile_animate.v:49]
WARNING: [Synth 8-689] width (7) of port connection 'proj_hit_enemy' does not match port width (1) of module 'laser_shot' [C:/Users/cyber/Desktop/Kashfy-EE2026-Vivado/MODS/MODS.srcs/sources_1/new/projectile_animate.v:49]
WARNING: [Synth 8-350] instance 'nolabel_line44' of module 'laser_shot' requires 25 connections, but only 24 given [C:/Users/cyber/Desktop/Kashfy-EE2026-Vivado/MODS/MODS.srcs/sources_1/new/projectile_animate.v:44]
INFO: [Synth 8-6155] done synthesizing module 'projectile_animate' (7#1) [C:/Users/cyber/Desktop/Kashfy-EE2026-Vivado/MODS/MODS.srcs/sources_1/new/projectile_animate.v:23]
WARNING: [Synth 8-689] width (4) of port connection 'sq_width' does not match port width (7) of module 'projectile_animate' [C:/Users/cyber/Desktop/Kashfy-EE2026-Vivado/MODS/MODS.srcs/sources_1/new/Top_Student.v:94]
WARNING: [Synth 8-689] width (4) of port connection 'sq_height' does not match port width (7) of module 'projectile_animate' [C:/Users/cyber/Desktop/Kashfy-EE2026-Vivado/MODS/MODS.srcs/sources_1/new/Top_Student.v:94]
WARNING: [Synth 8-689] width (1) of port connection 'reset' does not match port width (7) of module 'projectile_animate' [C:/Users/cyber/Desktop/Kashfy-EE2026-Vivado/MODS/MODS.srcs/sources_1/new/Top_Student.v:97]
WARNING: [Synth 8-689] width (1) of port connection 'proj_move' does not match port width (7) of module 'projectile_animate' [C:/Users/cyber/Desktop/Kashfy-EE2026-Vivado/MODS/MODS.srcs/sources_1/new/Top_Student.v:98]
WARNING: [Synth 8-689] width (1) of port connection 'proj_hit_enemy' does not match port width (7) of module 'projectile_animate' [C:/Users/cyber/Desktop/Kashfy-EE2026-Vivado/MODS/MODS.srcs/sources_1/new/Top_Student.v:98]
INFO: [Synth 8-6157] synthesizing module 'enimate' [C:/Users/cyber/Desktop/Kashfy-EE2026-Vivado/MODS/MODS.srcs/sources_1/new/enimate.v:23]
WARNING: [Synth 8-6014] Unused sequential element x_increment_reg was removed.  [C:/Users/cyber/Desktop/Kashfy-EE2026-Vivado/MODS/MODS.srcs/sources_1/new/enimate.v:66]
WARNING: [Synth 8-6014] Unused sequential element y_increment_reg was removed.  [C:/Users/cyber/Desktop/Kashfy-EE2026-Vivado/MODS/MODS.srcs/sources_1/new/enimate.v:67]
INFO: [Synth 8-6155] done synthesizing module 'enimate' (8#1) [C:/Users/cyber/Desktop/Kashfy-EE2026-Vivado/MODS/MODS.srcs/sources_1/new/enimate.v:23]
WARNING: [Synth 8-689] width (4) of port connection 'sq_width' does not match port width (7) of module 'enimate' [C:/Users/cyber/Desktop/Kashfy-EE2026-Vivado/MODS/MODS.srcs/sources_1/new/Top_Student.v:103]
WARNING: [Synth 8-689] width (4) of port connection 'sq_height' does not match port width (7) of module 'enimate' [C:/Users/cyber/Desktop/Kashfy-EE2026-Vivado/MODS/MODS.srcs/sources_1/new/Top_Student.v:103]
WARNING: [Synth 8-689] width (1) of port connection 'reset' does not match port width (7) of module 'enimate' [C:/Users/cyber/Desktop/Kashfy-EE2026-Vivado/MODS/MODS.srcs/sources_1/new/Top_Student.v:107]
WARNING: [Synth 8-350] instance 'animate_enemy' of module 'enimate' requires 28 connections, but only 24 given [C:/Users/cyber/Desktop/Kashfy-EE2026-Vivado/MODS/MODS.srcs/sources_1/new/Top_Student.v:102]
INFO: [Synth 8-6157] synthesizing module 'muffinimate' [C:/Users/cyber/Desktop/Kashfy-EE2026-Vivado/MODS/MODS.srcs/sources_1/new/muffinimate.v:23]
WARNING: [Synth 8-311] ignoring non-constant assignment in initial block [C:/Users/cyber/Desktop/Kashfy-EE2026-Vivado/MODS/MODS.srcs/sources_1/new/muffinimate.v:41]
WARNING: [Synth 8-311] ignoring non-constant assignment in initial block [C:/Users/cyber/Desktop/Kashfy-EE2026-Vivado/MODS/MODS.srcs/sources_1/new/muffinimate.v:42]
WARNING: [Synth 8-6014] Unused sequential element x_increment_reg was removed.  [C:/Users/cyber/Desktop/Kashfy-EE2026-Vivado/MODS/MODS.srcs/sources_1/new/muffinimate.v:64]
INFO: [Synth 8-6155] done synthesizing module 'muffinimate' (9#1) [C:/Users/cyber/Desktop/Kashfy-EE2026-Vivado/MODS/MODS.srcs/sources_1/new/muffinimate.v:23]
WARNING: [Synth 8-689] width (4) of port connection 'sq_width' does not match port width (7) of module 'muffinimate' [C:/Users/cyber/Desktop/Kashfy-EE2026-Vivado/MODS/MODS.srcs/sources_1/new/Top_Student.v:112]
WARNING: [Synth 8-689] width (4) of port connection 'sq_height' does not match port width (7) of module 'muffinimate' [C:/Users/cyber/Desktop/Kashfy-EE2026-Vivado/MODS/MODS.srcs/sources_1/new/Top_Student.v:112]
WARNING: [Synth 8-689] width (1) of port connection 'reset' does not match port width (7) of module 'muffinimate' [C:/Users/cyber/Desktop/Kashfy-EE2026-Vivado/MODS/MODS.srcs/sources_1/new/Top_Student.v:116]
WARNING: [Synth 8-350] instance 'animate_muffin' of module 'muffinimate' requires 28 connections, but only 24 given [C:/Users/cyber/Desktop/Kashfy-EE2026-Vivado/MODS/MODS.srcs/sources_1/new/Top_Student.v:111]
INFO: [Synth 8-6157] synthesizing module 'make_square' [C:/Users/cyber/Desktop/Kashfy-EE2026-Vivado/MODS/MODS.srcs/sources_1/new/make_square.v:23]
INFO: [Synth 8-6157] synthesizing module 'sprite_1' [C:/Users/cyber/Desktop/Kashfy-EE2026-Vivado/MODS/MODS.srcs/sources_1/new/make_square.v:83]
WARNING: [Synth 8-85] always block has no event control specified [C:/Users/cyber/Desktop/Kashfy-EE2026-Vivado/MODS/MODS.srcs/sources_1/new/make_square.v:92]
INFO: [Synth 8-6155] done synthesizing module 'sprite_1' (10#1) [C:/Users/cyber/Desktop/Kashfy-EE2026-Vivado/MODS/MODS.srcs/sources_1/new/make_square.v:83]
INFO: [Synth 8-6157] synthesizing module 'sprite_2' [C:/Users/cyber/Desktop/Kashfy-EE2026-Vivado/MODS/MODS.srcs/sources_1/new/make_square.v:104]
WARNING: [Synth 8-85] always block has no event control specified [C:/Users/cyber/Desktop/Kashfy-EE2026-Vivado/MODS/MODS.srcs/sources_1/new/make_square.v:113]
INFO: [Synth 8-6155] done synthesizing module 'sprite_2' (11#1) [C:/Users/cyber/Desktop/Kashfy-EE2026-Vivado/MODS/MODS.srcs/sources_1/new/make_square.v:104]
INFO: [Synth 8-6157] synthesizing module 'sprite_3' [C:/Users/cyber/Desktop/Kashfy-EE2026-Vivado/MODS/MODS.srcs/sources_1/new/make_square.v:125]
WARNING: [Synth 8-85] always block has no event control specified [C:/Users/cyber/Desktop/Kashfy-EE2026-Vivado/MODS/MODS.srcs/sources_1/new/make_square.v:155]
INFO: [Synth 8-6155] done synthesizing module 'sprite_3' (12#1) [C:/Users/cyber/Desktop/Kashfy-EE2026-Vivado/MODS/MODS.srcs/sources_1/new/make_square.v:125]
INFO: [Synth 8-6155] done synthesizing module 'make_square' (13#1) [C:/Users/cyber/Desktop/Kashfy-EE2026-Vivado/MODS/MODS.srcs/sources_1/new/make_square.v:23]
WARNING: [Synth 8-689] width (1) of port connection 'proj_move' does not match port width (3) of module 'make_square' [C:/Users/cyber/Desktop/Kashfy-EE2026-Vivado/MODS/MODS.srcs/sources_1/new/Top_Student.v:121]
INFO: [Synth 8-6157] synthesizing module 'Oled_Display' [C:/Users/cyber/Desktop/Kashfy-EE2026-Vivado/MODS/MODS.srcs/sources_1/imports/Desktop/Oled_Display.v:36]
	Parameter Width bound to: 96 - type: integer 
	Parameter Height bound to: 64 - type: integer 
	Parameter PixelCount bound to: 6144 - type: integer 
	Parameter PixelCountWidth bound to: 13 - type: integer 
	Parameter ClkFreq bound to: 6250000 - type: integer 
	Parameter FrameFreq bound to: 60 - type: integer 
	Parameter FrameDiv bound to: 104166 - type: integer 
	Parameter FrameDivWidth bound to: 17 - type: integer 
	Parameter PowerDelay bound to: 20 - type: integer 
	Parameter ResetDelay bound to: 3 - type: integer 
	Parameter VccEnDelay bound to: 20 - type: integer 
	Parameter StartupCompleteDelay bound to: 100 - type: integer 
	Parameter MaxDelay bound to: 100 - type: integer 
	Parameter MaxDelayCount bound to: 625000 - type: integer 
	Parameter StateCount bound to: 32 - type: integer 
	Parameter StateWidth bound to: 5 - type: integer 
	Parameter PowerUp bound to: 5'b00000 
	Parameter Reset bound to: 5'b00001 
	Parameter ReleaseReset bound to: 5'b00011 
	Parameter EnableDriver bound to: 5'b00010 
	Parameter DisplayOff bound to: 5'b00110 
	Parameter SetRemapDisplayFormat bound to: 5'b00111 
	Parameter SetStartLine bound to: 5'b00101 
	Parameter SetOffset bound to: 5'b00100 
	Parameter SetNormalDisplay bound to: 5'b01100 
	Parameter SetMultiplexRatio bound to: 5'b01101 
	Parameter SetMasterConfiguration bound to: 5'b01111 
	Parameter DisablePowerSave bound to: 5'b01110 
	Parameter SetPhaseAdjust bound to: 5'b01010 
	Parameter SetDisplayClock bound to: 5'b01011 
	Parameter SetSecondPrechargeA bound to: 5'b01001 
	Parameter SetSecondPrechargeB bound to: 5'b01000 
	Parameter SetSecondPrechargeC bound to: 5'b11000 
	Parameter SetPrechargeLevel bound to: 5'b11001 
	Parameter SetVCOMH bound to: 5'b11011 
	Parameter SetMasterCurrent bound to: 5'b11010 
	Parameter SetContrastA bound to: 5'b11110 
	Parameter SetContrastB bound to: 5'b11111 
	Parameter SetContrastC bound to: 5'b11101 
	Parameter DisableScrolling bound to: 5'b11100 
	Parameter ClearScreen bound to: 5'b10100 
	Parameter VccEn bound to: 5'b10101 
	Parameter DisplayOn bound to: 5'b10111 
	Parameter PrepareNextFrame bound to: 5'b10110 
	Parameter SetColAddress bound to: 5'b10010 
	Parameter SetRowAddress bound to: 5'b10011 
	Parameter WaitNextFrame bound to: 5'b10001 
	Parameter SendPixel bound to: 5'b10000 
	Parameter SpiCommandMaxWidth bound to: 40 - type: integer 
	Parameter SpiCommandBitCountWidth bound to: 6 - type: integer 
INFO: [Synth 8-226] default block is never used [C:/Users/cyber/Desktop/Kashfy-EE2026-Vivado/MODS/MODS.srcs/sources_1/imports/Desktop/Oled_Display.v:123]
INFO: [Synth 8-226] default block is never used [C:/Users/cyber/Desktop/Kashfy-EE2026-Vivado/MODS/MODS.srcs/sources_1/imports/Desktop/Oled_Display.v:198]
WARNING: [Synth 8-693] zero replication count - replication ignored [C:/Users/cyber/Desktop/Kashfy-EE2026-Vivado/MODS/MODS.srcs/sources_1/imports/Desktop/Oled_Display.v:346]
INFO: [Synth 8-6155] done synthesizing module 'Oled_Display' (14#1) [C:/Users/cyber/Desktop/Kashfy-EE2026-Vivado/MODS/MODS.srcs/sources_1/imports/Desktop/Oled_Display.v:36]
INFO: [Synth 8-6155] done synthesizing module 'Top_Student' (15#1) [C:/Users/cyber/Desktop/Kashfy-EE2026-Vivado/MODS/MODS.srcs/sources_1/new/Top_Student.v:14]
WARNING: [Synth 8-3331] design sprite_3 has unconnected port y_oled[6]
WARNING: [Synth 8-3331] design sprite_3 has unconnected port y_oled[5]
WARNING: [Synth 8-3331] design sprite_3 has unconnected port y_oled[4]
WARNING: [Synth 8-3331] design sprite_3 has unconnected port y_oled[3]
WARNING: [Synth 8-3331] design sprite_3 has unconnected port y_oled[2]
WARNING: [Synth 8-3331] design sprite_3 has unconnected port y_oled[1]
WARNING: [Synth 8-3331] design sprite_3 has unconnected port y_oled[0]
WARNING: [Synth 8-3331] design sprite_3 has unconnected port y_ref[6]
WARNING: [Synth 8-3331] design sprite_3 has unconnected port y_ref[5]
WARNING: [Synth 8-3331] design sprite_3 has unconnected port y_ref[4]
WARNING: [Synth 8-3331] design sprite_3 has unconnected port y_ref[3]
WARNING: [Synth 8-3331] design sprite_3 has unconnected port y_ref[2]
WARNING: [Synth 8-3331] design sprite_3 has unconnected port y_ref[1]
WARNING: [Synth 8-3331] design sprite_3 has unconnected port y_ref[0]
WARNING: [Synth 8-3331] design sprite_3 has unconnected port sprite_height[6]
WARNING: [Synth 8-3331] design sprite_3 has unconnected port sprite_height[5]
WARNING: [Synth 8-3331] design sprite_3 has unconnected port sprite_height[4]
WARNING: [Synth 8-3331] design sprite_3 has unconnected port sprite_height[3]
WARNING: [Synth 8-3331] design sprite_3 has unconnected port sprite_height[2]
WARNING: [Synth 8-3331] design sprite_3 has unconnected port sprite_height[1]
WARNING: [Synth 8-3331] design sprite_3 has unconnected port sprite_height[0]
WARNING: [Synth 8-3331] design sprite_2 has unconnected port y_oled[6]
WARNING: [Synth 8-3331] design sprite_2 has unconnected port y_oled[5]
WARNING: [Synth 8-3331] design sprite_2 has unconnected port y_oled[4]
WARNING: [Synth 8-3331] design sprite_2 has unconnected port y_oled[3]
WARNING: [Synth 8-3331] design sprite_2 has unconnected port y_oled[2]
WARNING: [Synth 8-3331] design sprite_2 has unconnected port y_oled[1]
WARNING: [Synth 8-3331] design sprite_2 has unconnected port y_oled[0]
WARNING: [Synth 8-3331] design sprite_2 has unconnected port y_ref[6]
WARNING: [Synth 8-3331] design sprite_2 has unconnected port y_ref[5]
WARNING: [Synth 8-3331] design sprite_2 has unconnected port y_ref[4]
WARNING: [Synth 8-3331] design sprite_2 has unconnected port y_ref[3]
WARNING: [Synth 8-3331] design sprite_2 has unconnected port y_ref[2]
WARNING: [Synth 8-3331] design sprite_2 has unconnected port y_ref[1]
WARNING: [Synth 8-3331] design sprite_2 has unconnected port y_ref[0]
WARNING: [Synth 8-3331] design sprite_2 has unconnected port sprite_height[6]
WARNING: [Synth 8-3331] design sprite_2 has unconnected port sprite_height[5]
WARNING: [Synth 8-3331] design sprite_2 has unconnected port sprite_height[4]
WARNING: [Synth 8-3331] design sprite_2 has unconnected port sprite_height[3]
WARNING: [Synth 8-3331] design sprite_2 has unconnected port sprite_height[2]
WARNING: [Synth 8-3331] design sprite_2 has unconnected port sprite_height[1]
WARNING: [Synth 8-3331] design sprite_2 has unconnected port sprite_height[0]
WARNING: [Synth 8-3331] design sprite_1 has unconnected port x_oled[6]
WARNING: [Synth 8-3331] design sprite_1 has unconnected port x_oled[5]
WARNING: [Synth 8-3331] design sprite_1 has unconnected port x_oled[4]
WARNING: [Synth 8-3331] design sprite_1 has unconnected port x_oled[3]
WARNING: [Synth 8-3331] design sprite_1 has unconnected port x_oled[2]
WARNING: [Synth 8-3331] design sprite_1 has unconnected port x_oled[1]
WARNING: [Synth 8-3331] design sprite_1 has unconnected port x_oled[0]
WARNING: [Synth 8-3331] design sprite_1 has unconnected port x_ref[6]
WARNING: [Synth 8-3331] design sprite_1 has unconnected port x_ref[5]
WARNING: [Synth 8-3331] design sprite_1 has unconnected port x_ref[4]
WARNING: [Synth 8-3331] design sprite_1 has unconnected port x_ref[3]
WARNING: [Synth 8-3331] design sprite_1 has unconnected port x_ref[2]
WARNING: [Synth 8-3331] design sprite_1 has unconnected port x_ref[1]
WARNING: [Synth 8-3331] design sprite_1 has unconnected port x_ref[0]
WARNING: [Synth 8-3331] design sprite_1 has unconnected port sprite_width[6]
WARNING: [Synth 8-3331] design sprite_1 has unconnected port sprite_width[5]
WARNING: [Synth 8-3331] design sprite_1 has unconnected port sprite_width[4]
WARNING: [Synth 8-3331] design sprite_1 has unconnected port sprite_width[3]
WARNING: [Synth 8-3331] design sprite_1 has unconnected port sprite_width[2]
WARNING: [Synth 8-3331] design sprite_1 has unconnected port sprite_width[1]
WARNING: [Synth 8-3331] design sprite_1 has unconnected port sprite_width[0]
WARNING: [Synth 8-3331] design make_square has unconnected port sprite_no[3]
WARNING: [Synth 8-3331] design make_square has unconnected port sprite_no[2]
WARNING: [Synth 8-3331] design make_square has unconnected port sprite_no[1]
WARNING: [Synth 8-3331] design make_square has unconnected port sprite_no[0]
WARNING: [Synth 8-3331] design make_square has unconnected port sq_colour[15]
WARNING: [Synth 8-3331] design make_square has unconnected port sq_colour[14]
WARNING: [Synth 8-3331] design make_square has unconnected port sq_colour[13]
WARNING: [Synth 8-3331] design make_square has unconnected port sq_colour[12]
WARNING: [Synth 8-3331] design make_square has unconnected port sq_colour[11]
WARNING: [Synth 8-3331] design make_square has unconnected port sq_colour[10]
WARNING: [Synth 8-3331] design make_square has unconnected port sq_colour[9]
WARNING: [Synth 8-3331] design make_square has unconnected port sq_colour[8]
WARNING: [Synth 8-3331] design make_square has unconnected port sq_colour[7]
WARNING: [Synth 8-3331] design make_square has unconnected port sq_colour[6]
WARNING: [Synth 8-3331] design make_square has unconnected port sq_colour[5]
WARNING: [Synth 8-3331] design make_square has unconnected port sq_colour[4]
WARNING: [Synth 8-3331] design make_square has unconnected port sq_colour[3]
WARNING: [Synth 8-3331] design make_square has unconnected port sq_colour[2]
WARNING: [Synth 8-3331] design make_square has unconnected port sq_colour[1]
WARNING: [Synth 8-3331] design make_square has unconnected port sq_colour[0]
WARNING: [Synth 8-3331] design make_square has unconnected port sq_colour2[15]
WARNING: [Synth 8-3331] design make_square has unconnected port sq_colour2[14]
WARNING: [Synth 8-3331] design make_square has unconnected port sq_colour2[13]
WARNING: [Synth 8-3331] design make_square has unconnected port sq_colour2[12]
WARNING: [Synth 8-3331] design make_square has unconnected port sq_colour2[11]
WARNING: [Synth 8-3331] design make_square has unconnected port sq_colour2[10]
WARNING: [Synth 8-3331] design make_square has unconnected port sq_colour2[9]
WARNING: [Synth 8-3331] design make_square has unconnected port sq_colour2[8]
WARNING: [Synth 8-3331] design make_square has unconnected port sq_colour2[7]
WARNING: [Synth 8-3331] design make_square has unconnected port sq_colour2[6]
WARNING: [Synth 8-3331] design make_square has unconnected port sq_colour2[5]
WARNING: [Synth 8-3331] design make_square has unconnected port sq_colour2[4]
WARNING: [Synth 8-3331] design make_square has unconnected port sq_colour2[3]
WARNING: [Synth 8-3331] design make_square has unconnected port sq_colour2[2]
WARNING: [Synth 8-3331] design make_square has unconnected port sq_colour2[1]
WARNING: [Synth 8-3331] design make_square has unconnected port sq_colour2[0]
WARNING: [Synth 8-3331] design make_square has unconnected port sq_colour3[15]
INFO: [Common 17-14] Message 'Synth 8-3331' appears 100 times and further instances of the messages will be disabled. Use the Tcl command set_msg_config to change the current settings.
---------------------------------------------------------------------------------
Finished RTL Elaboration : Time (s): cpu = 00:00:02 ; elapsed = 00:00:03 . Memory (MB): peak = 413.816 ; gain = 153.844
---------------------------------------------------------------------------------

Report Check Netlist: 
+------+------------------+-------+---------+-------+------------------+
|      |Item              |Errors |Warnings |Status |Description       |
+------+------------------+-------+---------+-------+------------------+
|1     |multi_driven_nets |      0|        0|Passed |Multi driven nets |
+------+------------------+-------+---------+-------+------------------+
---------------------------------------------------------------------------------
Start Handling Custom Attributes
---------------------------------------------------------------------------------
---------------------------------------------------------------------------------
Finished Handling Custom Attributes : Time (s): cpu = 00:00:02 ; elapsed = 00:00:03 . Memory (MB): peak = 413.816 ; gain = 153.844
---------------------------------------------------------------------------------
---------------------------------------------------------------------------------
Finished RTL Optimization Phase 1 : Time (s): cpu = 00:00:02 ; elapsed = 00:00:03 . Memory (MB): peak = 413.816 ; gain = 153.844
---------------------------------------------------------------------------------
INFO: [Device 21-403] Loading part xc7a35tcpg236-1
INFO: [Project 1-570] Preparing netlist for logic optimization

Processing XDC Constraints
Initializing timing engine
Parsing XDC File [C:/Users/cyber/Desktop/Kashfy-EE2026-Vivado/MODS/MODS.srcs/constrs_1/new/konstrens.xdc]
WARNING: [Vivado 12-584] No ports matched 'PS2Clk'. [C:/Users/cyber/Desktop/Kashfy-EE2026-Vivado/MODS/MODS.srcs/constrs_1/new/konstrens.xdc:138]
CRITICAL WARNING: [Common 17-55] 'set_property' expects at least one object. [C:/Users/cyber/Desktop/Kashfy-EE2026-Vivado/MODS/MODS.srcs/constrs_1/new/konstrens.xdc:138]
Resolution: If [get_<value>] was used to populate the object, check to make sure this command returns at least one valid object.
WARNING: [Vivado 12-584] No ports matched 'PS2Data'. [C:/Users/cyber/Desktop/Kashfy-EE2026-Vivado/MODS/MODS.srcs/constrs_1/new/konstrens.xdc:139]
CRITICAL WARNING: [Common 17-55] 'set_property' expects at least one object. [C:/Users/cyber/Desktop/Kashfy-EE2026-Vivado/MODS/MODS.srcs/constrs_1/new/konstrens.xdc:139]
Resolution: If [get_<value>] was used to populate the object, check to make sure this command returns at least one valid object.
Finished Parsing XDC File [C:/Users/cyber/Desktop/Kashfy-EE2026-Vivado/MODS/MODS.srcs/constrs_1/new/konstrens.xdc]
INFO: [Project 1-236] Implementation specific constraints were found while reading constraint file [C:/Users/cyber/Desktop/Kashfy-EE2026-Vivado/MODS/MODS.srcs/constrs_1/new/konstrens.xdc]. These constraints will be ignored for synthesis but will be used in implementation. Impacted constraints are listed in the file [.Xil/Top_Student_propImpl.xdc].
Resolution: To avoid this warning, move constraints listed in [.Xil/Top_Student_propImpl.xdc] to another XDC file and exclude this new file from synthesis with the used_in_synthesis property (File Properties dialog in GUI) and re-run elaboration/synthesis.
Completed Processing XDC Constraints

INFO: [Project 1-111] Unisim Transformation Summary:
No Unisim elements were transformed.

Constraint Validation Runtime : Time (s): cpu = 00:00:00 ; elapsed = 00:00:00.006 . Memory (MB): peak = 762.488 ; gain = 0.000
---------------------------------------------------------------------------------
Finished Constraint Validation : Time (s): cpu = 00:00:06 ; elapsed = 00:00:12 . Memory (MB): peak = 762.488 ; gain = 502.516
---------------------------------------------------------------------------------
---------------------------------------------------------------------------------
Start Loading Part and Timing Information
---------------------------------------------------------------------------------
Loading part: xc7a35tcpg236-1
---------------------------------------------------------------------------------
Finished Loading Part and Timing Information : Time (s): cpu = 00:00:06 ; elapsed = 00:00:12 . Memory (MB): peak = 762.488 ; gain = 502.516
---------------------------------------------------------------------------------
---------------------------------------------------------------------------------
Start Applying 'set_property' XDC Constraints
---------------------------------------------------------------------------------
---------------------------------------------------------------------------------
Finished applying 'set_property' XDC Constraints : Time (s): cpu = 00:00:06 ; elapsed = 00:00:12 . Memory (MB): peak = 762.488 ; gain = 502.516
---------------------------------------------------------------------------------
INFO: [Synth 8-5545] ROM "slow_clk0" won't be mapped to RAM because address size (32) is larger than maximum supported(25)
INFO: [Synth 8-5546] ROM "is_y_stat0" won't be mapped to RAM because it is too sparse
INFO: [Synth 8-5546] ROM "is_y_stat0" won't be mapped to RAM because it is too sparse
INFO: [Synth 8-5544] ROM "sprite_no" won't be mapped to Block RAM because address size (1) smaller than threshold (5)
INFO: [Synth 8-5546] ROM "is_y_stat0" won't be mapped to RAM because it is too sparse
INFO: [Synth 8-5546] ROM "is_y_stat0" won't be mapped to RAM because it is too sparse
INFO: [Synth 8-5546] ROM "stop_falling" won't be mapped to RAM because it is too sparse
INFO: [Synth 8-5546] ROM "stop_falling" won't be mapped to RAM because it is too sparse
INFO: [Synth 8-802] inferred FSM for state register 'state_reg' in module 'Oled_Display'
INFO: [Synth 8-5546] ROM "fsm_next_state0" won't be mapped to RAM because it is too sparse
INFO: [Synth 8-5544] ROM "fsm_next_state0" won't be mapped to Block RAM because address size (1) smaller than threshold (5)
INFO: [Synth 8-5546] ROM "fsm_next_state0" won't be mapped to RAM because it is too sparse
---------------------------------------------------------------------------------------------------
                   State |                     New Encoding |                Previous Encoding 
---------------------------------------------------------------------------------------------------
                 PowerUp | 00000000100000000000000000000000 |                            00000
                   Reset | 00000000000100000000000000000000 |                            00001
            ReleaseReset | 00000000000000000000100000000000 |                            00011
            EnableDriver | 00000000000000000001000000000000 |                            00010
              DisplayOff | 00000000000000000100000000000000 |                            00110
   SetRemapDisplayFormat | 00000100000000000000000000000000 |                            00111
            SetStartLine | 00001000000000000000000000000000 |                            00101
               SetOffset | 10000000000000000000000000000000 |                            00100
        SetNormalDisplay | 00000000000000000000000010000000 |                            01100
       SetMultiplexRatio | 00000000000000000000000000100000 |                            01101
  SetMasterConfiguration | 00000000000000000000000001000000 |                            01111
        DisablePowerSave | 00000000000000000000000000000100 |                            01110
          SetPhaseAdjust | 00000000000000000000000000001000 |                            01010
         SetDisplayClock | 00000000001000000000000000000000 |                            01011
     SetSecondPrechargeA | 00000000010000000000000000000000 |                            01001
     SetSecondPrechargeB | 01000000000000000000000000000000 |                            01000
     SetSecondPrechargeC | 00000010000000000000000000000000 |                            11000
       SetPrechargeLevel | 00000001000000000000000000000000 |                            11001
                SetVCOMH | 00000000000000010000000000000000 |                            11011
        SetMasterCurrent | 00000000000000100000000000000000 |                            11010
            SetContrastA | 00000000000001000000000000000000 |                            11110
            SetContrastB | 00100000000000000000000000000000 |                            11111
            SetContrastC | 00000000000000000000000000000001 |                            11101
        DisableScrolling | 00000000000000000000000000000010 |                            11100
             ClearScreen | 00000000000000000000000000010000 |                            10100
                   VccEn | 00010000000000000000000000000000 |                            10101
               DisplayOn | 00000000000010000000000000000000 |                            10111
        PrepareNextFrame | 00000000000000001000000000000000 |                            10110
           SetColAddress | 00000000000000000000010000000000 |                            10010
           SetRowAddress | 00000000000000000000000100000000 |                            10011
           WaitNextFrame | 00000000000000000000001000000000 |                            10001
               SendPixel | 00000000000000000010000000000000 |                            10000
---------------------------------------------------------------------------------------------------
INFO: [Synth 8-3354] encoded FSM with state register 'state_reg' using encoding 'one-hot' in module 'Oled_Display'
---------------------------------------------------------------------------------
Finished RTL Optimization Phase 2 : Time (s): cpu = 00:00:06 ; elapsed = 00:00:13 . Memory (MB): peak = 762.488 ; gain = 502.516
---------------------------------------------------------------------------------
INFO: [Synth 8-223] decloning instance 'clk_6p25MHz' (flexy_clock) to 'clk_25MHz'

Report RTL Partitions: 
+-+--------------+------------+----------+
| |RTL Partition |Replication |Instances |
+-+--------------+------------+----------+
+-+--------------+------------+----------+
---------------------------------------------------------------------------------
Start RTL Component Statistics 
---------------------------------------------------------------------------------
Detailed RTL Component Info : 
+---Adders : 
	   4 Input     33 Bit       Adders := 3     
	   2 Input     32 Bit       Adders := 11    
	   3 Input     32 Bit       Adders := 8     
	   2 Input     17 Bit       Adders := 1     
	   2 Input      9 Bit       Adders := 5     
	   3 Input      9 Bit       Adders := 1     
	   4 Input      9 Bit       Adders := 1     
	   2 Input      8 Bit       Adders := 11    
	   3 Input      8 Bit       Adders := 19    
	   2 Input      7 Bit       Adders := 61    
	   3 Input      7 Bit       Adders := 1     
	   2 Input      6 Bit       Adders := 1     
	   2 Input      3 Bit       Adders := 1     
+---Registers : 
	               40 Bit    Registers := 1     
	               32 Bit    Registers := 8     
	               17 Bit    Registers := 1     
	               16 Bit    Registers := 4     
	                7 Bit    Registers := 14    
	                6 Bit    Registers := 1     
	                3 Bit    Registers := 3     
	                2 Bit    Registers := 1     
	                1 Bit    Registers := 15    
+---Muxes : 
	   2 Input     40 Bit        Muxes := 3     
	   2 Input     32 Bit        Muxes := 22    
	   3 Input     32 Bit        Muxes := 1     
	  32 Input     32 Bit        Muxes := 1     
	  32 Input     20 Bit        Muxes := 1     
	   2 Input     17 Bit        Muxes := 1     
	   2 Input     16 Bit        Muxes := 11    
	   3 Input     16 Bit        Muxes := 1     
	   2 Input     11 Bit        Muxes := 2     
	   2 Input      7 Bit        Muxes := 54    
	  10 Input      7 Bit        Muxes := 2     
	   6 Input      7 Bit        Muxes := 1     
	   3 Input      7 Bit        Muxes := 2     
	   7 Input      7 Bit        Muxes := 1     
	  32 Input      6 Bit        Muxes := 1     
	   2 Input      6 Bit        Muxes := 1     
	   2 Input      5 Bit        Muxes := 2     
	  32 Input      5 Bit        Muxes := 1     
	   2 Input      3 Bit        Muxes := 4     
	   2 Input      2 Bit        Muxes := 4     
	   3 Input      2 Bit        Muxes := 3     
	   2 Input      1 Bit        Muxes := 9     
	   3 Input      1 Bit        Muxes := 2     
	   5 Input      1 Bit        Muxes := 1     
---------------------------------------------------------------------------------
Finished RTL Component Statistics 
---------------------------------------------------------------------------------
---------------------------------------------------------------------------------
Start RTL Hierarchical Component Statistics 
---------------------------------------------------------------------------------
Hierarchical RTL Component report 
Module flexy_clock 
Detailed RTL Component Info : 
+---Registers : 
	                1 Bit    Registers := 1     
+---Muxes : 
	   2 Input      1 Bit        Muxes := 1     
Module direction_mux 
Detailed RTL Component Info : 
+---Registers : 
	                7 Bit    Registers := 2     
+---Muxes : 
	   2 Input      7 Bit        Muxes := 3     
Module animate 
Detailed RTL Component Info : 
+---Adders : 
	   4 Input     33 Bit       Adders := 1     
	   2 Input     32 Bit       Adders := 4     
	   3 Input     32 Bit       Adders := 3     
	   2 Input      9 Bit       Adders := 2     
	   2 Input      8 Bit       Adders := 3     
	   2 Input      7 Bit       Adders := 11    
+---Registers : 
	               32 Bit    Registers := 3     
	               16 Bit    Registers := 1     
	                7 Bit    Registers := 3     
	                2 Bit    Registers := 1     
	                1 Bit    Registers := 2     
+---Muxes : 
	   2 Input     32 Bit        Muxes := 13    
	   2 Input      7 Bit        Muxes := 10    
	  10 Input      7 Bit        Muxes := 1     
	   6 Input      7 Bit        Muxes := 1     
	   2 Input      2 Bit        Muxes := 2     
	   3 Input      2 Bit        Muxes := 1     
Module hero_damage 
Detailed RTL Component Info : 
+---Adders : 
	   2 Input     32 Bit       Adders := 1     
+---Registers : 
	               32 Bit    Registers := 1     
	                3 Bit    Registers := 1     
+---Muxes : 
	   3 Input     32 Bit        Muxes := 1     
	   2 Input     32 Bit        Muxes := 1     
	   2 Input      3 Bit        Muxes := 3     
	   3 Input      2 Bit        Muxes := 1     
Module touch_muff 
Detailed RTL Component Info : 
+---Adders : 
	   2 Input      3 Bit       Adders := 1     
+---Registers : 
	                3 Bit    Registers := 2     
+---Muxes : 
	   2 Input      3 Bit        Muxes := 1     
Module laser_shot 
Detailed RTL Component Info : 
+---Adders : 
	   3 Input     32 Bit       Adders := 1     
	   3 Input      9 Bit       Adders := 1     
	   3 Input      8 Bit       Adders := 2     
	   2 Input      7 Bit       Adders := 11    
	   3 Input      7 Bit       Adders := 1     
+---Registers : 
	                7 Bit    Registers := 4     
	                1 Bit    Registers := 1     
+---Muxes : 
	   3 Input      7 Bit        Muxes := 2     
	   2 Input      7 Bit        Muxes := 13    
	   3 Input      2 Bit        Muxes := 1     
	   3 Input      1 Bit        Muxes := 1     
Module enimate 
Detailed RTL Component Info : 
+---Adders : 
	   4 Input     33 Bit       Adders := 1     
	   2 Input     32 Bit       Adders := 4     
	   3 Input     32 Bit       Adders := 3     
	   2 Input      9 Bit       Adders := 2     
	   2 Input      8 Bit       Adders := 3     
	   3 Input      8 Bit       Adders := 2     
	   2 Input      7 Bit       Adders := 16    
+---Registers : 
	               32 Bit    Registers := 3     
	               16 Bit    Registers := 1     
	                7 Bit    Registers := 2     
	                1 Bit    Registers := 2     
+---Muxes : 
	   2 Input     32 Bit        Muxes := 5     
	   2 Input      7 Bit        Muxes := 4     
	  10 Input      7 Bit        Muxes := 1     
	   7 Input      7 Bit        Muxes := 1     
	   2 Input      2 Bit        Muxes := 2     
Module muffinimate 
Detailed RTL Component Info : 
+---Adders : 
	   4 Input     33 Bit       Adders := 1     
	   2 Input     32 Bit       Adders := 2     
	   3 Input     32 Bit       Adders := 1     
	   2 Input      9 Bit       Adders := 1     
	   2 Input      8 Bit       Adders := 2     
	   3 Input      8 Bit       Adders := 3     
	   2 Input      7 Bit       Adders := 11    
+---Registers : 
	               32 Bit    Registers := 1     
	               16 Bit    Registers := 1     
	                7 Bit    Registers := 3     
	                1 Bit    Registers := 3     
+---Muxes : 
	   2 Input     32 Bit        Muxes := 1     
	   2 Input      7 Bit        Muxes := 24    
	   3 Input      1 Bit        Muxes := 1     
Module sprite_1 
Detailed RTL Component Info : 
+---Adders : 
	   4 Input      9 Bit       Adders := 1     
	   2 Input      8 Bit       Adders := 1     
+---Muxes : 
	   2 Input     16 Bit        Muxes := 1     
	   2 Input     11 Bit        Muxes := 1     
Module sprite_2 
Detailed RTL Component Info : 
+---Adders : 
	   2 Input      8 Bit       Adders := 1     
+---Muxes : 
	   3 Input     16 Bit        Muxes := 1     
Module sprite_3 
Detailed RTL Component Info : 
+---Adders : 
	   2 Input      8 Bit       Adders := 1     
+---Muxes : 
	   2 Input     16 Bit        Muxes := 2     
	   2 Input     11 Bit        Muxes := 1     
Module make_square 
Detailed RTL Component Info : 
+---Adders : 
	   3 Input      8 Bit       Adders := 12    
	   2 Input      7 Bit       Adders := 12    
+---Registers : 
	               16 Bit    Registers := 1     
+---Muxes : 
	   2 Input     16 Bit        Muxes := 8     
	   5 Input      1 Bit        Muxes := 1     
Module Oled_Display 
Detailed RTL Component Info : 
+---Adders : 
	   2 Input     17 Bit       Adders := 1     
	   2 Input      6 Bit       Adders := 1     
+---Registers : 
	               40 Bit    Registers := 1     
	               17 Bit    Registers := 1     
	                6 Bit    Registers := 1     
+---Muxes : 
	   2 Input     40 Bit        Muxes := 3     
	  32 Input     32 Bit        Muxes := 1     
	   2 Input     32 Bit        Muxes := 2     
	  32 Input     20 Bit        Muxes := 1     
	   2 Input     17 Bit        Muxes := 1     
	  32 Input      6 Bit        Muxes := 1     
	   2 Input      6 Bit        Muxes := 1     
	   2 Input      5 Bit        Muxes := 2     
	  32 Input      5 Bit        Muxes := 1     
	   2 Input      1 Bit        Muxes := 2     
---------------------------------------------------------------------------------
Finished RTL Hierarchical Component Statistics
---------------------------------------------------------------------------------
---------------------------------------------------------------------------------
Start Part Resource Summary
---------------------------------------------------------------------------------
Part Resources:
DSPs: 90 (col length:60)
BRAMs: 100 (col length: RAMB18 60 RAMB36 30)
---------------------------------------------------------------------------------
Finished Part Resource Summary
---------------------------------------------------------------------------------
---------------------------------------------------------------------------------
Start Cross Boundary and Area Optimization
---------------------------------------------------------------------------------
Warning: Parallel synthesis criteria is not met 
INFO: [Synth 8-5545] ROM "slow_clk0" won't be mapped to RAM because address size (32) is larger than maximum supported(25)
INFO: [Synth 8-5545] ROM "slow_clk0" won't be mapped to RAM because address size (32) is larger than maximum supported(25)
INFO: [Synth 8-5546] ROM "is_y_stat0" won't be mapped to RAM because it is too sparse
INFO: [Synth 8-5545] ROM "nolabel_line36/slow_clk0" won't be mapped to RAM because address size (32) is larger than maximum supported(25)
INFO: [Synth 8-5545] ROM "nolabel_line29/slow_clk0" won't be mapped to RAM because address size (32) is larger than maximum supported(25)
INFO: [Synth 8-5545] ROM "nolabel_line44/get_fps_clock/slow_clk0" won't be mapped to RAM because address size (32) is larger than maximum supported(25)
INFO: [Synth 8-5546] ROM "out00" won't be mapped to RAM because it is too sparse
INFO: [Synth 8-5546] ROM "O200" won't be mapped to RAM because it is too sparse
INFO: [Synth 8-5545] ROM "slow_clk0" won't be mapped to RAM because address size (32) is larger than maximum supported(25)
INFO: [Synth 8-5546] ROM "is_y_stat0" won't be mapped to RAM because it is too sparse
INFO: [Synth 8-5545] ROM "get_fps_clock/slow_clk0" won't be mapped to RAM because address size (32) is larger than maximum supported(25)
INFO: [Synth 8-5546] ROM "fsm_next_state0" won't be mapped to RAM because it is too sparse
INFO: [Synth 8-5546] ROM "fsm_next_state0" won't be mapped to RAM because it is too sparse
INFO: [Synth 8-3886] merging instance 'draw_sq/oled_data_reg[0]' (FDE) to 'draw_sq/oled_data_reg[4]'
INFO: [Synth 8-3886] merging instance 'draw_sq/oled_data_reg[1]' (FDE) to 'draw_sq/oled_data_reg[4]'
INFO: [Synth 8-3886] merging instance 'draw_sq/oled_data_reg[2]' (FDE) to 'draw_sq/oled_data_reg[4]'
INFO: [Synth 8-3886] merging instance 'draw_sq/oled_data_reg[3]' (FDE) to 'draw_sq/oled_data_reg[4]'
INFO: [Synth 8-3886] merging instance 'draw_sq/oled_data_reg[5]' (FDE) to 'draw_sq/oled_data_reg[10]'
INFO: [Synth 8-3886] merging instance 'draw_sq/oled_data_reg[6]' (FDE) to 'draw_sq/oled_data_reg[10]'
INFO: [Synth 8-3886] merging instance 'draw_sq/oled_data_reg[7]' (FDE) to 'draw_sq/oled_data_reg[10]'
INFO: [Synth 8-3886] merging instance 'draw_sq/oled_data_reg[8]' (FDE) to 'draw_sq/oled_data_reg[10]'
INFO: [Synth 8-3886] merging instance 'draw_sq/oled_data_reg[9]' (FDE) to 'draw_sq/oled_data_reg[10]'
INFO: [Synth 8-3886] merging instance 'draw_sq/oled_data_reg[11]' (FDE) to 'draw_sq/oled_data_reg[15]'
INFO: [Synth 8-3886] merging instance 'draw_sq/oled_data_reg[12]' (FDE) to 'draw_sq/oled_data_reg[15]'
INFO: [Synth 8-3886] merging instance 'draw_sq/oled_data_reg[13]' (FDE) to 'draw_sq/oled_data_reg[15]'
INFO: [Synth 8-3886] merging instance 'choose_direction/y_vect_reg[1]' (FDSE) to 'choose_direction/y_vect_reg[2]'
INFO: [Synth 8-3886] merging instance 'choose_direction/y_vect_reg[2]' (FDSE) to 'choose_direction/y_vect_reg[3]'
INFO: [Synth 8-3886] merging instance 'choose_direction/y_vect_reg[3]' (FDSE) to 'choose_direction/y_vect_reg[4]'
INFO: [Synth 8-3886] merging instance 'choose_direction/y_vect_reg[4]' (FDSE) to 'choose_direction/y_vect_reg[5]'
INFO: [Synth 8-3886] merging instance 'choose_direction/y_vect_reg[5]' (FDSE) to 'choose_direction/y_vect_reg[6]'
INFO: [Synth 8-3886] merging instance 'choose_direction/x_vect_reg[6]' (FD) to 'choose_direction/x_vect_reg[1]'
INFO: [Synth 8-3886] merging instance 'choose_direction/x_vect_reg[5]' (FD) to 'choose_direction/x_vect_reg[1]'
INFO: [Synth 8-3886] merging instance 'choose_direction/x_vect_reg[4]' (FD) to 'choose_direction/x_vect_reg[1]'
INFO: [Synth 8-3886] merging instance 'choose_direction/x_vect_reg[3]' (FD) to 'choose_direction/x_vect_reg[1]'
INFO: [Synth 8-3886] merging instance 'choose_direction/x_vect_reg[2]' (FD) to 'choose_direction/x_vect_reg[1]'
INFO: [Synth 8-3886] merging instance 'draw_sq/oled_data_reg[14]' (FDE) to 'draw_sq/oled_data_reg[15]'
WARNING: [Synth 8-3332] Sequential element (center_sq_colour_reg[15]) is unused and will be removed from module animate.
WARNING: [Synth 8-3332] Sequential element (center_sq_colour_reg[14]) is unused and will be removed from module animate.
WARNING: [Synth 8-3332] Sequential element (center_sq_colour_reg[13]) is unused and will be removed from module animate.
WARNING: [Synth 8-3332] Sequential element (center_sq_colour_reg[12]) is unused and will be removed from module animate.
WARNING: [Synth 8-3332] Sequential element (center_sq_colour_reg[11]) is unused and will be removed from module animate.
WARNING: [Synth 8-3332] Sequential element (center_sq_colour_reg[10]) is unused and will be removed from module animate.
WARNING: [Synth 8-3332] Sequential element (center_sq_colour_reg[9]) is unused and will be removed from module animate.
WARNING: [Synth 8-3332] Sequential element (center_sq_colour_reg[8]) is unused and will be removed from module animate.
WARNING: [Synth 8-3332] Sequential element (center_sq_colour_reg[7]) is unused and will be removed from module animate.
WARNING: [Synth 8-3332] Sequential element (center_sq_colour_reg[6]) is unused and will be removed from module animate.
WARNING: [Synth 8-3332] Sequential element (center_sq_colour_reg[5]) is unused and will be removed from module animate.
WARNING: [Synth 8-3332] Sequential element (center_sq_colour_reg[4]) is unused and will be removed from module animate.
WARNING: [Synth 8-3332] Sequential element (center_sq_colour_reg[3]) is unused and will be removed from module animate.
WARNING: [Synth 8-3332] Sequential element (center_sq_colour_reg[2]) is unused and will be removed from module animate.
WARNING: [Synth 8-3332] Sequential element (center_sq_colour_reg[1]) is unused and will be removed from module animate.
WARNING: [Synth 8-3332] Sequential element (center_sq_colour_reg[0]) is unused and will be removed from module animate.
WARNING: [Synth 8-3332] Sequential element (sprite_no_reg[1]) is unused and will be removed from module animate.
WARNING: [Synth 8-3332] Sequential element (sprite_no_reg[0]) is unused and will be removed from module animate.
WARNING: [Synth 8-3332] Sequential element (jump_time_reg[31]) is unused and will be removed from module enimate.
WARNING: [Synth 8-3332] Sequential element (jump_time_reg[30]) is unused and will be removed from module enimate.
WARNING: [Synth 8-3332] Sequential element (jump_time_reg[29]) is unused and will be removed from module enimate.
WARNING: [Synth 8-3332] Sequential element (jump_time_reg[28]) is unused and will be removed from module enimate.
WARNING: [Synth 8-3332] Sequential element (jump_time_reg[27]) is unused and will be removed from module enimate.
WARNING: [Synth 8-3332] Sequential element (jump_time_reg[26]) is unused and will be removed from module enimate.
WARNING: [Synth 8-3332] Sequential element (jump_time_reg[25]) is unused and will be removed from module enimate.
WARNING: [Synth 8-3332] Sequential element (jump_time_reg[24]) is unused and will be removed from module enimate.
WARNING: [Synth 8-3332] Sequential element (jump_time_reg[23]) is unused and will be removed from module enimate.
WARNING: [Synth 8-3332] Sequential element (jump_time_reg[22]) is unused and will be removed from module enimate.
WARNING: [Synth 8-3332] Sequential element (jump_time_reg[21]) is unused and will be removed from module enimate.
WARNING: [Synth 8-3332] Sequential element (jump_time_reg[20]) is unused and will be removed from module enimate.
WARNING: [Synth 8-3332] Sequential element (jump_time_reg[19]) is unused and will be removed from module enimate.
WARNING: [Synth 8-3332] Sequential element (jump_time_reg[18]) is unused and will be removed from module enimate.
WARNING: [Synth 8-3332] Sequential element (jump_time_reg[17]) is unused and will be removed from module enimate.
WARNING: [Synth 8-3332] Sequential element (jump_time_reg[16]) is unused and will be removed from module enimate.
WARNING: [Synth 8-3332] Sequential element (jump_time_reg[15]) is unused and will be removed from module enimate.
WARNING: [Synth 8-3332] Sequential element (jump_time_reg[14]) is unused and will be removed from module enimate.
WARNING: [Synth 8-3332] Sequential element (jump_time_reg[13]) is unused and will be removed from module enimate.
WARNING: [Synth 8-3332] Sequential element (jump_time_reg[12]) is unused and will be removed from module enimate.
WARNING: [Synth 8-3332] Sequential element (jump_time_reg[11]) is unused and will be removed from module enimate.
WARNING: [Synth 8-3332] Sequential element (jump_time_reg[10]) is unused and will be removed from module enimate.
WARNING: [Synth 8-3332] Sequential element (jump_time_reg[9]) is unused and will be removed from module enimate.
WARNING: [Synth 8-3332] Sequential element (jump_time_reg[8]) is unused and will be removed from module enimate.
WARNING: [Synth 8-3332] Sequential element (jump_time_reg[7]) is unused and will be removed from module enimate.
WARNING: [Synth 8-3332] Sequential element (jump_time_reg[6]) is unused and will be removed from module enimate.
WARNING: [Synth 8-3332] Sequential element (jump_time_reg[5]) is unused and will be removed from module enimate.
WARNING: [Synth 8-3332] Sequential element (jump_time_reg[4]) is unused and will be removed from module enimate.
WARNING: [Synth 8-3332] Sequential element (jump_time_reg[3]) is unused and will be removed from module enimate.
WARNING: [Synth 8-3332] Sequential element (jump_time_reg[2]) is unused and will be removed from module enimate.
WARNING: [Synth 8-3332] Sequential element (jump_time_reg[1]) is unused and will be removed from module enimate.
WARNING: [Synth 8-3332] Sequential element (jump_time_reg[0]) is unused and will be removed from module enimate.
WARNING: [Synth 8-3332] Sequential element (center_sq_colour_reg[15]) is unused and will be removed from module enimate.
WARNING: [Synth 8-3332] Sequential element (center_sq_colour_reg[14]) is unused and will be removed from module enimate.
WARNING: [Synth 8-3332] Sequential element (center_sq_colour_reg[13]) is unused and will be removed from module enimate.
WARNING: [Synth 8-3332] Sequential element (center_sq_colour_reg[12]) is unused and will be removed from module enimate.
WARNING: [Synth 8-3332] Sequential element (center_sq_colour_reg[11]) is unused and will be removed from module enimate.
WARNING: [Synth 8-3332] Sequential element (center_sq_colour_reg[10]) is unused and will be removed from module enimate.
WARNING: [Synth 8-3332] Sequential element (center_sq_colour_reg[9]) is unused and will be removed from module enimate.
WARNING: [Synth 8-3332] Sequential element (center_sq_colour_reg[8]) is unused and will be removed from module enimate.
WARNING: [Synth 8-3332] Sequential element (center_sq_colour_reg[7]) is unused and will be removed from module enimate.
WARNING: [Synth 8-3332] Sequential element (center_sq_colour_reg[6]) is unused and will be removed from module enimate.
WARNING: [Synth 8-3332] Sequential element (center_sq_colour_reg[5]) is unused and will be removed from module enimate.
WARNING: [Synth 8-3332] Sequential element (center_sq_colour_reg[4]) is unused and will be removed from module enimate.
WARNING: [Synth 8-3332] Sequential element (center_sq_colour_reg[3]) is unused and will be removed from module enimate.
WARNING: [Synth 8-3332] Sequential element (center_sq_colour_reg[2]) is unused and will be removed from module enimate.
WARNING: [Synth 8-3332] Sequential element (center_sq_colour_reg[1]) is unused and will be removed from module enimate.
WARNING: [Synth 8-3332] Sequential element (center_sq_colour_reg[0]) is unused and will be removed from module enimate.
WARNING: [Synth 8-3332] Sequential element (center_sq_colour_reg[15]) is unused and will be removed from module muffinimate.
WARNING: [Synth 8-3332] Sequential element (center_sq_colour_reg[14]) is unused and will be removed from module muffinimate.
WARNING: [Synth 8-3332] Sequential element (center_sq_colour_reg[13]) is unused and will be removed from module muffinimate.
WARNING: [Synth 8-3332] Sequential element (center_sq_colour_reg[12]) is unused and will be removed from module muffinimate.
WARNING: [Synth 8-3332] Sequential element (center_sq_colour_reg[11]) is unused and will be removed from module muffinimate.
WARNING: [Synth 8-3332] Sequential element (center_sq_colour_reg[10]) is unused and will be removed from module muffinimate.
WARNING: [Synth 8-3332] Sequential element (center_sq_colour_reg[9]) is unused and will be removed from module muffinimate.
WARNING: [Synth 8-3332] Sequential element (center_sq_colour_reg[8]) is unused and will be removed from module muffinimate.
WARNING: [Synth 8-3332] Sequential element (center_sq_colour_reg[7]) is unused and will be removed from module muffinimate.
WARNING: [Synth 8-3332] Sequential element (center_sq_colour_reg[6]) is unused and will be removed from module muffinimate.
WARNING: [Synth 8-3332] Sequential element (center_sq_colour_reg[5]) is unused and will be removed from module muffinimate.
WARNING: [Synth 8-3332] Sequential element (center_sq_colour_reg[4]) is unused and will be removed from module muffinimate.
WARNING: [Synth 8-3332] Sequential element (center_sq_colour_reg[3]) is unused and will be removed from module muffinimate.
WARNING: [Synth 8-3332] Sequential element (center_sq_colour_reg[2]) is unused and will be removed from module muffinimate.
WARNING: [Synth 8-3332] Sequential element (center_sq_colour_reg[1]) is unused and will be removed from module muffinimate.
WARNING: [Synth 8-3332] Sequential element (center_sq_colour_reg[0]) is unused and will be removed from module muffinimate.
---------------------------------------------------------------------------------
Finished Cross Boundary and Area Optimization : Time (s): cpu = 00:00:15 ; elapsed = 00:00:27 . Memory (MB): peak = 762.488 ; gain = 502.516
---------------------------------------------------------------------------------

Report RTL Partitions: 
+-+--------------+------------+----------+
| |RTL Partition |Replication |Instances |
+-+--------------+------------+----------+
+-+--------------+------------+----------+
---------------------------------------------------------------------------------
Start Applying XDC Timing Constraints
---------------------------------------------------------------------------------
---------------------------------------------------------------------------------
Finished Applying XDC Timing Constraints : Time (s): cpu = 00:00:19 ; elapsed = 00:00:34 . Memory (MB): peak = 765.316 ; gain = 505.344
---------------------------------------------------------------------------------
---------------------------------------------------------------------------------
Start Timing Optimization
---------------------------------------------------------------------------------
---------------------------------------------------------------------------------
Finished Timing Optimization : Time (s): cpu = 00:00:19 ; elapsed = 00:00:35 . Memory (MB): peak = 788.602 ; gain = 528.629
---------------------------------------------------------------------------------

Report RTL Partitions: 
+-+--------------+------------+----------+
| |RTL Partition |Replication |Instances |
+-+--------------+------------+----------+
+-+--------------+------------+----------+
---------------------------------------------------------------------------------
Start Technology Mapping
---------------------------------------------------------------------------------
WARNING: [Synth 8-3332] Sequential element (animate_hero/jump_time_reg[31]) is unused and will be removed from module Top_Student.
WARNING: [Synth 8-3332] Sequential element (animate_hero/jump_time_reg[30]) is unused and will be removed from module Top_Student.
WARNING: [Synth 8-3332] Sequential element (animate_hero/jump_time_reg[29]) is unused and will be removed from module Top_Student.
WARNING: [Synth 8-3332] Sequential element (animate_hero/jump_time_reg[28]) is unused and will be removed from module Top_Student.
WARNING: [Synth 8-3332] Sequential element (animate_hero/jump_time_reg[27]) is unused and will be removed from module Top_Student.
WARNING: [Synth 8-3332] Sequential element (animate_hero/jump_time_reg[26]) is unused and will be removed from module Top_Student.
WARNING: [Synth 8-3332] Sequential element (animate_hero/jump_time_reg[25]) is unused and will be removed from module Top_Student.
WARNING: [Synth 8-3332] Sequential element (animate_hero/jump_time_reg[24]) is unused and will be removed from module Top_Student.
WARNING: [Synth 8-3332] Sequential element (animate_hero/jump_time_reg[23]) is unused and will be removed from module Top_Student.
WARNING: [Synth 8-3332] Sequential element (animate_hero/jump_time_reg[22]) is unused and will be removed from module Top_Student.
WARNING: [Synth 8-3332] Sequential element (animate_hero/jump_time_reg[21]) is unused and will be removed from module Top_Student.
WARNING: [Synth 8-3332] Sequential element (animate_hero/jump_time_reg[20]) is unused and will be removed from module Top_Student.
WARNING: [Synth 8-3332] Sequential element (animate_hero/jump_time_reg[19]) is unused and will be removed from module Top_Student.
WARNING: [Synth 8-3332] Sequential element (animate_hero/jump_time_reg[18]) is unused and will be removed from module Top_Student.
WARNING: [Synth 8-3332] Sequential element (animate_hero/jump_time_reg[17]) is unused and will be removed from module Top_Student.
WARNING: [Synth 8-3332] Sequential element (animate_hero/jump_time_reg[16]) is unused and will be removed from module Top_Student.
WARNING: [Synth 8-3332] Sequential element (animate_hero/jump_time_reg[15]) is unused and will be removed from module Top_Student.
WARNING: [Synth 8-3332] Sequential element (animate_hero/jump_time_reg[14]) is unused and will be removed from module Top_Student.
INFO: [Common 17-14] Message 'Synth 8-3332' appears 100 times and further instances of the messages will be disabled. Use the Tcl command set_msg_config to change the current settings.
---------------------------------------------------------------------------------
Finished Technology Mapping : Time (s): cpu = 00:00:20 ; elapsed = 00:00:36 . Memory (MB): peak = 881.688 ; gain = 621.715
---------------------------------------------------------------------------------

Report RTL Partitions: 
+-+--------------+------------+----------+
| |RTL Partition |Replication |Instances |
+-+--------------+------------+----------+
+-+--------------+------------+----------+
---------------------------------------------------------------------------------
Start IO Insertion
---------------------------------------------------------------------------------
---------------------------------------------------------------------------------
Start Flattening Before IO Insertion
---------------------------------------------------------------------------------
---------------------------------------------------------------------------------
Finished Flattening Before IO Insertion
---------------------------------------------------------------------------------
---------------------------------------------------------------------------------
Start Final Netlist Cleanup
---------------------------------------------------------------------------------
---------------------------------------------------------------------------------
Finished Final Netlist Cleanup
---------------------------------------------------------------------------------
---------------------------------------------------------------------------------
Finished IO Insertion : Time (s): cpu = 00:00:20 ; elapsed = 00:00:37 . Memory (MB): peak = 881.688 ; gain = 621.715
---------------------------------------------------------------------------------

Report Check Netlist: 
+------+------------------+-------+---------+-------+------------------+
|      |Item              |Errors |Warnings |Status |Description       |
+------+------------------+-------+---------+-------+------------------+
|1     |multi_driven_nets |      0|        0|Passed |Multi driven nets |
+------+------------------+-------+---------+-------+------------------+
---------------------------------------------------------------------------------
Start Renaming Generated Instances
---------------------------------------------------------------------------------
---------------------------------------------------------------------------------
Finished Renaming Generated Instances : Time (s): cpu = 00:00:20 ; elapsed = 00:00:37 . Memory (MB): peak = 881.688 ; gain = 621.715
---------------------------------------------------------------------------------

Report RTL Partitions: 
+-+--------------+------------+----------+
| |RTL Partition |Replication |Instances |
+-+--------------+------------+----------+
+-+--------------+------------+----------+
---------------------------------------------------------------------------------
Start Rebuilding User Hierarchy
---------------------------------------------------------------------------------
---------------------------------------------------------------------------------
Finished Rebuilding User Hierarchy : Time (s): cpu = 00:00:20 ; elapsed = 00:00:37 . Memory (MB): peak = 881.688 ; gain = 621.715
---------------------------------------------------------------------------------
---------------------------------------------------------------------------------
Start Renaming Generated Ports
---------------------------------------------------------------------------------
---------------------------------------------------------------------------------
Finished Renaming Generated Ports : Time (s): cpu = 00:00:20 ; elapsed = 00:00:37 . Memory (MB): peak = 881.688 ; gain = 621.715
---------------------------------------------------------------------------------
---------------------------------------------------------------------------------
Start Handling Custom Attributes
---------------------------------------------------------------------------------
---------------------------------------------------------------------------------
Finished Handling Custom Attributes : Time (s): cpu = 00:00:20 ; elapsed = 00:00:37 . Memory (MB): peak = 881.688 ; gain = 621.715
---------------------------------------------------------------------------------
---------------------------------------------------------------------------------
Start Renaming Generated Nets
---------------------------------------------------------------------------------
---------------------------------------------------------------------------------
Finished Renaming Generated Nets : Time (s): cpu = 00:00:20 ; elapsed = 00:00:38 . Memory (MB): peak = 881.688 ; gain = 621.715
---------------------------------------------------------------------------------
---------------------------------------------------------------------------------
Start Writing Synthesis Report
---------------------------------------------------------------------------------

Report BlackBoxes: 
+-+--------------+----------+
| |BlackBox name |Instances |
+-+--------------+----------+
+-+--------------+----------+

Report Cell Usage: 
+------+-------+------+
|      |Cell   |Count |
+------+-------+------+
|1     |BUFG   |     6|
|2     |CARRY4 |   834|
|3     |LUT1   |   168|
|4     |LUT2   |   792|
|5     |LUT3   |   709|
|6     |LUT4   |   665|
|7     |LUT5   |   875|
|8     |LUT6   |  1799|
|9     |MUXF7  |     2|
|10    |FDE_1  |    32|
|11    |FDRE   |   617|
|12    |IBUF   |     6|
|13    |OBUF   |    10|
|14    |OBUFT  |     1|
+------+-------+------+

Report Instance Areas: 
+------+---------------------+-------------------+------+
|      |Instance             |Module             |Cells |
+------+---------------------+-------------------+------+
|1     |top                  |                   |  6516|
|2     |  Q3A1               |Oled_Display       |   638|
|3     |  animate_enemy      |enimate            |  1943|
|4     |    get_fps_clock    |flexy_clock_5      |    63|
|5     |  animate_hero       |animate            |  2112|
|6     |    get_fps_clock    |flexy_clock_4      |    63|
|7     |  animate_muffin     |muffinimate        |  1095|
|8     |    get_fps_clock    |flexy_clock_3      |    55|
|9     |  animate_projectile |projectile_animate |   234|
|10    |    nolabel_line44   |laser_shot         |   234|
|11    |      get_fps_clock  |flexy_clock_2      |    53|
|12    |  choose_direction   |direction_mux      |   103|
|13    |  clk_6p25MHz        |flexy_clock        |    64|
|14    |  draw_sq            |make_square        |    69|
|15    |    draw_sprite_1    |sprite_1           |     4|
|16    |    draw_sprite_2    |sprite_2           |     3|
|17    |    draw_sprite_3    |sprite_3           |     5|
|18    |  nolabel_line86     |hero_damage        |   151|
|19    |    nolabel_line36   |flexy_clock_1      |    54|
|20    |  nolabel_line87     |touch_muff         |    72|
|21    |    nolabel_line29   |flexy_clock_0      |    54|
+------+---------------------+-------------------+------+
---------------------------------------------------------------------------------
Finished Writing Synthesis Report : Time (s): cpu = 00:00:20 ; elapsed = 00:00:38 . Memory (MB): peak = 881.688 ; gain = 621.715
---------------------------------------------------------------------------------
Synthesis finished with 0 errors, 0 critical warnings and 502 warnings.
Synthesis Optimization Runtime : Time (s): cpu = 00:00:15 ; elapsed = 00:00:31 . Memory (MB): peak = 881.688 ; gain = 273.043
Synthesis Optimization Complete : Time (s): cpu = 00:00:20 ; elapsed = 00:00:38 . Memory (MB): peak = 881.688 ; gain = 621.715
INFO: [Project 1-571] Translating synthesized netlist
INFO: [Netlist 29-17] Analyzing 874 Unisim elements for replacement
INFO: [Netlist 29-28] Unisim Transformation completed in 0 CPU seconds
INFO: [Project 1-570] Preparing netlist for logic optimization
INFO: [Opt 31-138] Pushed 0 inverter(s) to 0 load pin(s).
INFO: [Project 1-111] Unisim Transformation Summary:
  A total of 32 instances were transformed.
  FDE_1 => FDRE (inverted pins: C): 32 instances

INFO: [Common 17-83] Releasing license: Synthesis
97 Infos, 242 Warnings, 2 Critical Warnings and 0 Errors encountered.
synth_design completed successfully
synth_design: Time (s): cpu = 00:00:21 ; elapsed = 00:00:41 . Memory (MB): peak = 881.688 ; gain = 634.594
WARNING: [Constraints 18-5210] No constraint will be written out.
INFO: [Common 17-1381] The checkpoint 'C:/Users/cyber/Desktop/Kashfy-EE2026-Vivado/MODS/MODS.runs/synth_1/Top_Student.dcp' has been generated.
INFO: [runtcl-4] Executing : report_utilization -file Top_Student_utilization_synth.rpt -pb Top_Student_utilization_synth.pb
report_utilization: Time (s): cpu = 00:00:00 ; elapsed = 00:00:00.051 . Memory (MB): peak = 881.688 ; gain = 0.000
INFO: [Common 17-206] Exiting Vivado at Thu Oct 31 22:41:20 2024...

*** Running vivado
    with args -log Top_Student.vds -m64 -product Vivado -mode batch -messageDb vivado.pb -notrace -source Top_Student.tcl


****** Vivado v2018.2 (64-bit)
  **** SW Build 2258646 on Thu Jun 14 20:03:12 MDT 2018
  **** IP Build 2256618 on Thu Jun 14 22:10:49 MDT 2018
    ** Copyright 1986-2018 Xilinx, Inc. All Rights Reserved.

source Top_Student.tcl -notrace
Command: synth_design -top Top_Student -part xc7a35tcpg236-1
Starting synth_design
Attempting to get a license for feature 'Synthesis' and/or device 'xc7a35t'
INFO: [Common 17-349] Got license for feature 'Synthesis' and/or device 'xc7a35t'
INFO: Launching helper process for spawning children vivado processes
INFO: Helper process launched with PID 33924 
WARNING: [Synth 8-976] YELLOW has already been declared [C:/Users/cyber/Desktop/Kashfy-EE2026-Vivado/MODS/MODS.srcs/sources_1/new/make_square.v:134]
WARNING: [Synth 8-2654] second declaration of YELLOW ignored [C:/Users/cyber/Desktop/Kashfy-EE2026-Vivado/MODS/MODS.srcs/sources_1/new/make_square.v:134]
INFO: [Synth 8-994] YELLOW is declared here [C:/Users/cyber/Desktop/Kashfy-EE2026-Vivado/MODS/MODS.srcs/sources_1/new/make_square.v:130]
---------------------------------------------------------------------------------
Starting RTL Elaboration : Time (s): cpu = 00:00:01 ; elapsed = 00:00:02 . Memory (MB): peak = 371.801 ; gain = 111.723
---------------------------------------------------------------------------------
INFO: [Synth 8-6157] synthesizing module 'Top_Student' [C:/Users/cyber/Desktop/Kashfy-EE2026-Vivado/MODS/MODS.srcs/sources_1/new/Top_Student.v:14]
INFO: [Synth 8-6157] synthesizing module 'flexy_clock' [C:/Users/cyber/Desktop/Kashfy-EE2026-Vivado/MODS/MODS.srcs/sources_1/new/flexy_clock.v:23]
INFO: [Synth 8-6155] done synthesizing module 'flexy_clock' (1#1) [C:/Users/cyber/Desktop/Kashfy-EE2026-Vivado/MODS/MODS.srcs/sources_1/new/flexy_clock.v:23]
INFO: [Synth 8-6157] synthesizing module 'direction_mux' [C:/Users/cyber/Desktop/Kashfy-EE2026-Vivado/MODS/MODS.srcs/sources_1/new/direction_mux.v:23]
INFO: [Synth 8-6155] done synthesizing module 'direction_mux' (2#1) [C:/Users/cyber/Desktop/Kashfy-EE2026-Vivado/MODS/MODS.srcs/sources_1/new/direction_mux.v:23]
INFO: [Synth 8-6157] synthesizing module 'animate' [C:/Users/cyber/Desktop/Kashfy-EE2026-Vivado/MODS/MODS.srcs/sources_1/new/animate.v:23]
WARNING: [Synth 8-311] ignoring non-constant assignment in initial block [C:/Users/cyber/Desktop/Kashfy-EE2026-Vivado/MODS/MODS.srcs/sources_1/new/animate.v:42]
WARNING: [Synth 8-311] ignoring non-constant assignment in initial block [C:/Users/cyber/Desktop/Kashfy-EE2026-Vivado/MODS/MODS.srcs/sources_1/new/animate.v:43]
WARNING: [Synth 8-6014] Unused sequential element x_increment_reg was removed.  [C:/Users/cyber/Desktop/Kashfy-EE2026-Vivado/MODS/MODS.srcs/sources_1/new/animate.v:69]
INFO: [Synth 8-6155] done synthesizing module 'animate' (3#1) [C:/Users/cyber/Desktop/Kashfy-EE2026-Vivado/MODS/MODS.srcs/sources_1/new/animate.v:23]
WARNING: [Synth 8-689] width (4) of port connection 'sq_width' does not match port width (7) of module 'animate' [C:/Users/cyber/Desktop/Kashfy-EE2026-Vivado/MODS/MODS.srcs/sources_1/new/Top_Student.v:76]
WARNING: [Synth 8-689] width (4) of port connection 'sq_height' does not match port width (7) of module 'animate' [C:/Users/cyber/Desktop/Kashfy-EE2026-Vivado/MODS/MODS.srcs/sources_1/new/Top_Student.v:76]
WARNING: [Synth 8-689] width (1) of port connection 'reset' does not match port width (7) of module 'animate' [C:/Users/cyber/Desktop/Kashfy-EE2026-Vivado/MODS/MODS.srcs/sources_1/new/Top_Student.v:79]
WARNING: [Synth 8-350] instance 'animate_hero' of module 'animate' requires 29 connections, but only 21 given [C:/Users/cyber/Desktop/Kashfy-EE2026-Vivado/MODS/MODS.srcs/sources_1/new/Top_Student.v:75]
INFO: [Synth 8-6157] synthesizing module 'hero_damage' [C:/Users/cyber/Desktop/Kashfy-EE2026-Vivado/MODS/MODS.srcs/sources_1/new/hero_damage.v:23]
INFO: [Synth 8-6155] done synthesizing module 'hero_damage' (4#1) [C:/Users/cyber/Desktop/Kashfy-EE2026-Vivado/MODS/MODS.srcs/sources_1/new/hero_damage.v:23]
INFO: [Synth 8-6157] synthesizing module 'touch_muff' [C:/Users/cyber/Desktop/Kashfy-EE2026-Vivado/MODS/MODS.srcs/sources_1/new/touch_muff.v:23]
WARNING: [Synth 8-311] ignoring non-constant assignment in initial block [C:/Users/cyber/Desktop/Kashfy-EE2026-Vivado/MODS/MODS.srcs/sources_1/new/touch_muff.v:36]
WARNING: [Synth 8-6014] Unused sequential element muff_count_reg was removed.  [C:/Users/cyber/Desktop/Kashfy-EE2026-Vivado/MODS/MODS.srcs/sources_1/new/touch_muff.v:42]
INFO: [Synth 8-6155] done synthesizing module 'touch_muff' (5#1) [C:/Users/cyber/Desktop/Kashfy-EE2026-Vivado/MODS/MODS.srcs/sources_1/new/touch_muff.v:23]
INFO: [Synth 8-6157] synthesizing module 'projectile_animate' [C:/Users/cyber/Desktop/Kashfy-EE2026-Vivado/MODS/MODS.srcs/sources_1/new/projectile_animate.v:23]
INFO: [Synth 8-6157] synthesizing module 'laser_shot' [C:/Users/cyber/Desktop/Kashfy-EE2026-Vivado/MODS/MODS.srcs/sources_1/new/projectile_animate.v:144]
WARNING: [Synth 8-311] ignoring non-constant assignment in initial block [C:/Users/cyber/Desktop/Kashfy-EE2026-Vivado/MODS/MODS.srcs/sources_1/new/projectile_animate.v:171]
WARNING: [Synth 8-6014] Unused sequential element y_increment_reg was removed.  [C:/Users/cyber/Desktop/Kashfy-EE2026-Vivado/MODS/MODS.srcs/sources_1/new/projectile_animate.v:185]
WARNING: [Synth 8-3848] Net proj_hit_enemy in module/entity laser_shot does not have driver. [C:/Users/cyber/Desktop/Kashfy-EE2026-Vivado/MODS/MODS.srcs/sources_1/new/projectile_animate.v:152]
INFO: [Synth 8-6155] done synthesizing module 'laser_shot' (6#1) [C:/Users/cyber/Desktop/Kashfy-EE2026-Vivado/MODS/MODS.srcs/sources_1/new/projectile_animate.v:144]
WARNING: [Synth 8-689] width (7) of port connection 'proj_move' does not match port width (1) of module 'laser_shot' [C:/Users/cyber/Desktop/Kashfy-EE2026-Vivado/MODS/MODS.srcs/sources_1/new/projectile_animate.v:49]
WARNING: [Synth 8-689] width (7) of port connection 'proj_hit_enemy' does not match port width (1) of module 'laser_shot' [C:/Users/cyber/Desktop/Kashfy-EE2026-Vivado/MODS/MODS.srcs/sources_1/new/projectile_animate.v:49]
WARNING: [Synth 8-350] instance 'nolabel_line44' of module 'laser_shot' requires 25 connections, but only 24 given [C:/Users/cyber/Desktop/Kashfy-EE2026-Vivado/MODS/MODS.srcs/sources_1/new/projectile_animate.v:44]
INFO: [Synth 8-6155] done synthesizing module 'projectile_animate' (7#1) [C:/Users/cyber/Desktop/Kashfy-EE2026-Vivado/MODS/MODS.srcs/sources_1/new/projectile_animate.v:23]
WARNING: [Synth 8-689] width (4) of port connection 'sq_width' does not match port width (7) of module 'projectile_animate' [C:/Users/cyber/Desktop/Kashfy-EE2026-Vivado/MODS/MODS.srcs/sources_1/new/Top_Student.v:94]
WARNING: [Synth 8-689] width (4) of port connection 'sq_height' does not match port width (7) of module 'projectile_animate' [C:/Users/cyber/Desktop/Kashfy-EE2026-Vivado/MODS/MODS.srcs/sources_1/new/Top_Student.v:94]
WARNING: [Synth 8-689] width (1) of port connection 'reset' does not match port width (7) of module 'projectile_animate' [C:/Users/cyber/Desktop/Kashfy-EE2026-Vivado/MODS/MODS.srcs/sources_1/new/Top_Student.v:97]
WARNING: [Synth 8-689] width (1) of port connection 'proj_move' does not match port width (7) of module 'projectile_animate' [C:/Users/cyber/Desktop/Kashfy-EE2026-Vivado/MODS/MODS.srcs/sources_1/new/Top_Student.v:98]
WARNING: [Synth 8-689] width (1) of port connection 'proj_hit_enemy' does not match port width (7) of module 'projectile_animate' [C:/Users/cyber/Desktop/Kashfy-EE2026-Vivado/MODS/MODS.srcs/sources_1/new/Top_Student.v:98]
INFO: [Synth 8-6157] synthesizing module 'enimate' [C:/Users/cyber/Desktop/Kashfy-EE2026-Vivado/MODS/MODS.srcs/sources_1/new/enimate.v:23]
WARNING: [Synth 8-6014] Unused sequential element x_increment_reg was removed.  [C:/Users/cyber/Desktop/Kashfy-EE2026-Vivado/MODS/MODS.srcs/sources_1/new/enimate.v:66]
WARNING: [Synth 8-6014] Unused sequential element y_increment_reg was removed.  [C:/Users/cyber/Desktop/Kashfy-EE2026-Vivado/MODS/MODS.srcs/sources_1/new/enimate.v:67]
INFO: [Synth 8-6155] done synthesizing module 'enimate' (8#1) [C:/Users/cyber/Desktop/Kashfy-EE2026-Vivado/MODS/MODS.srcs/sources_1/new/enimate.v:23]
WARNING: [Synth 8-689] width (4) of port connection 'sq_width' does not match port width (7) of module 'enimate' [C:/Users/cyber/Desktop/Kashfy-EE2026-Vivado/MODS/MODS.srcs/sources_1/new/Top_Student.v:103]
WARNING: [Synth 8-689] width (4) of port connection 'sq_height' does not match port width (7) of module 'enimate' [C:/Users/cyber/Desktop/Kashfy-EE2026-Vivado/MODS/MODS.srcs/sources_1/new/Top_Student.v:103]
WARNING: [Synth 8-689] width (1) of port connection 'reset' does not match port width (7) of module 'enimate' [C:/Users/cyber/Desktop/Kashfy-EE2026-Vivado/MODS/MODS.srcs/sources_1/new/Top_Student.v:107]
WARNING: [Synth 8-350] instance 'animate_enemy' of module 'enimate' requires 28 connections, but only 24 given [C:/Users/cyber/Desktop/Kashfy-EE2026-Vivado/MODS/MODS.srcs/sources_1/new/Top_Student.v:102]
INFO: [Synth 8-6157] synthesizing module 'muffinimate' [C:/Users/cyber/Desktop/Kashfy-EE2026-Vivado/MODS/MODS.srcs/sources_1/new/muffinimate.v:23]
WARNING: [Synth 8-311] ignoring non-constant assignment in initial block [C:/Users/cyber/Desktop/Kashfy-EE2026-Vivado/MODS/MODS.srcs/sources_1/new/muffinimate.v:41]
WARNING: [Synth 8-311] ignoring non-constant assignment in initial block [C:/Users/cyber/Desktop/Kashfy-EE2026-Vivado/MODS/MODS.srcs/sources_1/new/muffinimate.v:42]
WARNING: [Synth 8-6014] Unused sequential element x_increment_reg was removed.  [C:/Users/cyber/Desktop/Kashfy-EE2026-Vivado/MODS/MODS.srcs/sources_1/new/muffinimate.v:64]
INFO: [Synth 8-6155] done synthesizing module 'muffinimate' (9#1) [C:/Users/cyber/Desktop/Kashfy-EE2026-Vivado/MODS/MODS.srcs/sources_1/new/muffinimate.v:23]
WARNING: [Synth 8-689] width (4) of port connection 'sq_width' does not match port width (7) of module 'muffinimate' [C:/Users/cyber/Desktop/Kashfy-EE2026-Vivado/MODS/MODS.srcs/sources_1/new/Top_Student.v:112]
WARNING: [Synth 8-689] width (4) of port connection 'sq_height' does not match port width (7) of module 'muffinimate' [C:/Users/cyber/Desktop/Kashfy-EE2026-Vivado/MODS/MODS.srcs/sources_1/new/Top_Student.v:112]
WARNING: [Synth 8-689] width (1) of port connection 'reset' does not match port width (7) of module 'muffinimate' [C:/Users/cyber/Desktop/Kashfy-EE2026-Vivado/MODS/MODS.srcs/sources_1/new/Top_Student.v:116]
WARNING: [Synth 8-350] instance 'animate_muffin' of module 'muffinimate' requires 28 connections, but only 24 given [C:/Users/cyber/Desktop/Kashfy-EE2026-Vivado/MODS/MODS.srcs/sources_1/new/Top_Student.v:111]
INFO: [Synth 8-6157] synthesizing module 'make_square' [C:/Users/cyber/Desktop/Kashfy-EE2026-Vivado/MODS/MODS.srcs/sources_1/new/make_square.v:23]
INFO: [Synth 8-6157] synthesizing module 'sprite_1' [C:/Users/cyber/Desktop/Kashfy-EE2026-Vivado/MODS/MODS.srcs/sources_1/new/make_square.v:83]
WARNING: [Synth 8-85] always block has no event control specified [C:/Users/cyber/Desktop/Kashfy-EE2026-Vivado/MODS/MODS.srcs/sources_1/new/make_square.v:92]
INFO: [Synth 8-6155] done synthesizing module 'sprite_1' (10#1) [C:/Users/cyber/Desktop/Kashfy-EE2026-Vivado/MODS/MODS.srcs/sources_1/new/make_square.v:83]
INFO: [Synth 8-6157] synthesizing module 'sprite_2' [C:/Users/cyber/Desktop/Kashfy-EE2026-Vivado/MODS/MODS.srcs/sources_1/new/make_square.v:104]
WARNING: [Synth 8-85] always block has no event control specified [C:/Users/cyber/Desktop/Kashfy-EE2026-Vivado/MODS/MODS.srcs/sources_1/new/make_square.v:113]
INFO: [Synth 8-6155] done synthesizing module 'sprite_2' (11#1) [C:/Users/cyber/Desktop/Kashfy-EE2026-Vivado/MODS/MODS.srcs/sources_1/new/make_square.v:104]
INFO: [Synth 8-6157] synthesizing module 'sprite_3' [C:/Users/cyber/Desktop/Kashfy-EE2026-Vivado/MODS/MODS.srcs/sources_1/new/make_square.v:125]
WARNING: [Synth 8-85] always block has no event control specified [C:/Users/cyber/Desktop/Kashfy-EE2026-Vivado/MODS/MODS.srcs/sources_1/new/make_square.v:155]
INFO: [Synth 8-6155] done synthesizing module 'sprite_3' (12#1) [C:/Users/cyber/Desktop/Kashfy-EE2026-Vivado/MODS/MODS.srcs/sources_1/new/make_square.v:125]
INFO: [Synth 8-6155] done synthesizing module 'make_square' (13#1) [C:/Users/cyber/Desktop/Kashfy-EE2026-Vivado/MODS/MODS.srcs/sources_1/new/make_square.v:23]
WARNING: [Synth 8-689] width (1) of port connection 'proj_move' does not match port width (3) of module 'make_square' [C:/Users/cyber/Desktop/Kashfy-EE2026-Vivado/MODS/MODS.srcs/sources_1/new/Top_Student.v:121]
INFO: [Synth 8-6157] synthesizing module 'Oled_Display' [C:/Users/cyber/Desktop/Kashfy-EE2026-Vivado/MODS/MODS.srcs/sources_1/imports/Desktop/Oled_Display.v:36]
	Parameter Width bound to: 96 - type: integer 
	Parameter Height bound to: 64 - type: integer 
	Parameter PixelCount bound to: 6144 - type: integer 
	Parameter PixelCountWidth bound to: 13 - type: integer 
	Parameter ClkFreq bound to: 6250000 - type: integer 
	Parameter FrameFreq bound to: 60 - type: integer 
	Parameter FrameDiv bound to: 104166 - type: integer 
	Parameter FrameDivWidth bound to: 17 - type: integer 
	Parameter PowerDelay bound to: 20 - type: integer 
	Parameter ResetDelay bound to: 3 - type: integer 
	Parameter VccEnDelay bound to: 20 - type: integer 
	Parameter StartupCompleteDelay bound to: 100 - type: integer 
	Parameter MaxDelay bound to: 100 - type: integer 
	Parameter MaxDelayCount bound to: 625000 - type: integer 
	Parameter StateCount bound to: 32 - type: integer 
	Parameter StateWidth bound to: 5 - type: integer 
	Parameter PowerUp bound to: 5'b00000 
	Parameter Reset bound to: 5'b00001 
	Parameter ReleaseReset bound to: 5'b00011 
	Parameter EnableDriver bound to: 5'b00010 
	Parameter DisplayOff bound to: 5'b00110 
	Parameter SetRemapDisplayFormat bound to: 5'b00111 
	Parameter SetStartLine bound to: 5'b00101 
	Parameter SetOffset bound to: 5'b00100 
	Parameter SetNormalDisplay bound to: 5'b01100 
	Parameter SetMultiplexRatio bound to: 5'b01101 
	Parameter SetMasterConfiguration bound to: 5'b01111 
	Parameter DisablePowerSave bound to: 5'b01110 
	Parameter SetPhaseAdjust bound to: 5'b01010 
	Parameter SetDisplayClock bound to: 5'b01011 
	Parameter SetSecondPrechargeA bound to: 5'b01001 
	Parameter SetSecondPrechargeB bound to: 5'b01000 
	Parameter SetSecondPrechargeC bound to: 5'b11000 
	Parameter SetPrechargeLevel bound to: 5'b11001 
	Parameter SetVCOMH bound to: 5'b11011 
	Parameter SetMasterCurrent bound to: 5'b11010 
	Parameter SetContrastA bound to: 5'b11110 
	Parameter SetContrastB bound to: 5'b11111 
	Parameter SetContrastC bound to: 5'b11101 
	Parameter DisableScrolling bound to: 5'b11100 
	Parameter ClearScreen bound to: 5'b10100 
	Parameter VccEn bound to: 5'b10101 
	Parameter DisplayOn bound to: 5'b10111 
	Parameter PrepareNextFrame bound to: 5'b10110 
	Parameter SetColAddress bound to: 5'b10010 
	Parameter SetRowAddress bound to: 5'b10011 
	Parameter WaitNextFrame bound to: 5'b10001 
	Parameter SendPixel bound to: 5'b10000 
	Parameter SpiCommandMaxWidth bound to: 40 - type: integer 
	Parameter SpiCommandBitCountWidth bound to: 6 - type: integer 
INFO: [Synth 8-226] default block is never used [C:/Users/cyber/Desktop/Kashfy-EE2026-Vivado/MODS/MODS.srcs/sources_1/imports/Desktop/Oled_Display.v:123]
INFO: [Synth 8-226] default block is never used [C:/Users/cyber/Desktop/Kashfy-EE2026-Vivado/MODS/MODS.srcs/sources_1/imports/Desktop/Oled_Display.v:198]
WARNING: [Synth 8-693] zero replication count - replication ignored [C:/Users/cyber/Desktop/Kashfy-EE2026-Vivado/MODS/MODS.srcs/sources_1/imports/Desktop/Oled_Display.v:346]
INFO: [Synth 8-6155] done synthesizing module 'Oled_Display' (14#1) [C:/Users/cyber/Desktop/Kashfy-EE2026-Vivado/MODS/MODS.srcs/sources_1/imports/Desktop/Oled_Display.v:36]
INFO: [Synth 8-6155] done synthesizing module 'Top_Student' (15#1) [C:/Users/cyber/Desktop/Kashfy-EE2026-Vivado/MODS/MODS.srcs/sources_1/new/Top_Student.v:14]
WARNING: [Synth 8-3331] design sprite_3 has unconnected port y_oled[6]
WARNING: [Synth 8-3331] design sprite_3 has unconnected port y_oled[5]
WARNING: [Synth 8-3331] design sprite_3 has unconnected port y_oled[4]
WARNING: [Synth 8-3331] design sprite_3 has unconnected port y_oled[3]
WARNING: [Synth 8-3331] design sprite_3 has unconnected port y_oled[2]
WARNING: [Synth 8-3331] design sprite_3 has unconnected port y_oled[1]
WARNING: [Synth 8-3331] design sprite_3 has unconnected port y_oled[0]
WARNING: [Synth 8-3331] design sprite_3 has unconnected port y_ref[6]
WARNING: [Synth 8-3331] design sprite_3 has unconnected port y_ref[5]
WARNING: [Synth 8-3331] design sprite_3 has unconnected port y_ref[4]
WARNING: [Synth 8-3331] design sprite_3 has unconnected port y_ref[3]
WARNING: [Synth 8-3331] design sprite_3 has unconnected port y_ref[2]
WARNING: [Synth 8-3331] design sprite_3 has unconnected port y_ref[1]
WARNING: [Synth 8-3331] design sprite_3 has unconnected port y_ref[0]
WARNING: [Synth 8-3331] design sprite_3 has unconnected port sprite_height[6]
WARNING: [Synth 8-3331] design sprite_3 has unconnected port sprite_height[5]
WARNING: [Synth 8-3331] design sprite_3 has unconnected port sprite_height[4]
WARNING: [Synth 8-3331] design sprite_3 has unconnected port sprite_height[3]
WARNING: [Synth 8-3331] design sprite_3 has unconnected port sprite_height[2]
WARNING: [Synth 8-3331] design sprite_3 has unconnected port sprite_height[1]
WARNING: [Synth 8-3331] design sprite_3 has unconnected port sprite_height[0]
WARNING: [Synth 8-3331] design sprite_2 has unconnected port y_oled[6]
WARNING: [Synth 8-3331] design sprite_2 has unconnected port y_oled[5]
WARNING: [Synth 8-3331] design sprite_2 has unconnected port y_oled[4]
WARNING: [Synth 8-3331] design sprite_2 has unconnected port y_oled[3]
WARNING: [Synth 8-3331] design sprite_2 has unconnected port y_oled[2]
WARNING: [Synth 8-3331] design sprite_2 has unconnected port y_oled[1]
WARNING: [Synth 8-3331] design sprite_2 has unconnected port y_oled[0]
WARNING: [Synth 8-3331] design sprite_2 has unconnected port y_ref[6]
WARNING: [Synth 8-3331] design sprite_2 has unconnected port y_ref[5]
WARNING: [Synth 8-3331] design sprite_2 has unconnected port y_ref[4]
WARNING: [Synth 8-3331] design sprite_2 has unconnected port y_ref[3]
WARNING: [Synth 8-3331] design sprite_2 has unconnected port y_ref[2]
WARNING: [Synth 8-3331] design sprite_2 has unconnected port y_ref[1]
WARNING: [Synth 8-3331] design sprite_2 has unconnected port y_ref[0]
WARNING: [Synth 8-3331] design sprite_2 has unconnected port sprite_height[6]
WARNING: [Synth 8-3331] design sprite_2 has unconnected port sprite_height[5]
WARNING: [Synth 8-3331] design sprite_2 has unconnected port sprite_height[4]
WARNING: [Synth 8-3331] design sprite_2 has unconnected port sprite_height[3]
WARNING: [Synth 8-3331] design sprite_2 has unconnected port sprite_height[2]
WARNING: [Synth 8-3331] design sprite_2 has unconnected port sprite_height[1]
WARNING: [Synth 8-3331] design sprite_2 has unconnected port sprite_height[0]
WARNING: [Synth 8-3331] design sprite_1 has unconnected port x_oled[6]
WARNING: [Synth 8-3331] design sprite_1 has unconnected port x_oled[5]
WARNING: [Synth 8-3331] design sprite_1 has unconnected port x_oled[4]
WARNING: [Synth 8-3331] design sprite_1 has unconnected port x_oled[3]
WARNING: [Synth 8-3331] design sprite_1 has unconnected port x_oled[2]
WARNING: [Synth 8-3331] design sprite_1 has unconnected port x_oled[1]
WARNING: [Synth 8-3331] design sprite_1 has unconnected port x_oled[0]
WARNING: [Synth 8-3331] design sprite_1 has unconnected port x_ref[6]
WARNING: [Synth 8-3331] design sprite_1 has unconnected port x_ref[5]
WARNING: [Synth 8-3331] design sprite_1 has unconnected port x_ref[4]
WARNING: [Synth 8-3331] design sprite_1 has unconnected port x_ref[3]
WARNING: [Synth 8-3331] design sprite_1 has unconnected port x_ref[2]
WARNING: [Synth 8-3331] design sprite_1 has unconnected port x_ref[1]
WARNING: [Synth 8-3331] design sprite_1 has unconnected port x_ref[0]
WARNING: [Synth 8-3331] design sprite_1 has unconnected port sprite_width[6]
WARNING: [Synth 8-3331] design sprite_1 has unconnected port sprite_width[5]
WARNING: [Synth 8-3331] design sprite_1 has unconnected port sprite_width[4]
WARNING: [Synth 8-3331] design sprite_1 has unconnected port sprite_width[3]
WARNING: [Synth 8-3331] design sprite_1 has unconnected port sprite_width[2]
WARNING: [Synth 8-3331] design sprite_1 has unconnected port sprite_width[1]
WARNING: [Synth 8-3331] design sprite_1 has unconnected port sprite_width[0]
WARNING: [Synth 8-3331] design make_square has unconnected port sprite_no[3]
WARNING: [Synth 8-3331] design make_square has unconnected port sprite_no[2]
WARNING: [Synth 8-3331] design make_square has unconnected port sprite_no[1]
WARNING: [Synth 8-3331] design make_square has unconnected port sprite_no[0]
WARNING: [Synth 8-3331] design make_square has unconnected port sq_colour[15]
WARNING: [Synth 8-3331] design make_square has unconnected port sq_colour[14]
WARNING: [Synth 8-3331] design make_square has unconnected port sq_colour[13]
WARNING: [Synth 8-3331] design make_square has unconnected port sq_colour[12]
WARNING: [Synth 8-3331] design make_square has unconnected port sq_colour[11]
WARNING: [Synth 8-3331] design make_square has unconnected port sq_colour[10]
WARNING: [Synth 8-3331] design make_square has unconnected port sq_colour[9]
WARNING: [Synth 8-3331] design make_square has unconnected port sq_colour[8]
WARNING: [Synth 8-3331] design make_square has unconnected port sq_colour[7]
WARNING: [Synth 8-3331] design make_square has unconnected port sq_colour[6]
WARNING: [Synth 8-3331] design make_square has unconnected port sq_colour[5]
WARNING: [Synth 8-3331] design make_square has unconnected port sq_colour[4]
WARNING: [Synth 8-3331] design make_square has unconnected port sq_colour[3]
WARNING: [Synth 8-3331] design make_square has unconnected port sq_colour[2]
WARNING: [Synth 8-3331] design make_square has unconnected port sq_colour[1]
WARNING: [Synth 8-3331] design make_square has unconnected port sq_colour[0]
WARNING: [Synth 8-3331] design make_square has unconnected port sq_colour2[15]
WARNING: [Synth 8-3331] design make_square has unconnected port sq_colour2[14]
WARNING: [Synth 8-3331] design make_square has unconnected port sq_colour2[13]
WARNING: [Synth 8-3331] design make_square has unconnected port sq_colour2[12]
WARNING: [Synth 8-3331] design make_square has unconnected port sq_colour2[11]
WARNING: [Synth 8-3331] design make_square has unconnected port sq_colour2[10]
WARNING: [Synth 8-3331] design make_square has unconnected port sq_colour2[9]
WARNING: [Synth 8-3331] design make_square has unconnected port sq_colour2[8]
WARNING: [Synth 8-3331] design make_square has unconnected port sq_colour2[7]
WARNING: [Synth 8-3331] design make_square has unconnected port sq_colour2[6]
WARNING: [Synth 8-3331] design make_square has unconnected port sq_colour2[5]
WARNING: [Synth 8-3331] design make_square has unconnected port sq_colour2[4]
WARNING: [Synth 8-3331] design make_square has unconnected port sq_colour2[3]
WARNING: [Synth 8-3331] design make_square has unconnected port sq_colour2[2]
WARNING: [Synth 8-3331] design make_square has unconnected port sq_colour2[1]
WARNING: [Synth 8-3331] design make_square has unconnected port sq_colour2[0]
WARNING: [Synth 8-3331] design make_square has unconnected port sq_colour3[15]
INFO: [Common 17-14] Message 'Synth 8-3331' appears 100 times and further instances of the messages will be disabled. Use the Tcl command set_msg_config to change the current settings.
---------------------------------------------------------------------------------
Finished RTL Elaboration : Time (s): cpu = 00:00:01 ; elapsed = 00:00:03 . Memory (MB): peak = 413.965 ; gain = 153.887
---------------------------------------------------------------------------------

Report Check Netlist: 
+------+------------------+-------+---------+-------+------------------+
|      |Item              |Errors |Warnings |Status |Description       |
+------+------------------+-------+---------+-------+------------------+
|1     |multi_driven_nets |      0|        0|Passed |Multi driven nets |
+------+------------------+-------+---------+-------+------------------+
---------------------------------------------------------------------------------
Start Handling Custom Attributes
---------------------------------------------------------------------------------
---------------------------------------------------------------------------------
Finished Handling Custom Attributes : Time (s): cpu = 00:00:02 ; elapsed = 00:00:03 . Memory (MB): peak = 413.965 ; gain = 153.887
---------------------------------------------------------------------------------
---------------------------------------------------------------------------------
Finished RTL Optimization Phase 1 : Time (s): cpu = 00:00:02 ; elapsed = 00:00:03 . Memory (MB): peak = 413.965 ; gain = 153.887
---------------------------------------------------------------------------------
INFO: [Device 21-403] Loading part xc7a35tcpg236-1
INFO: [Project 1-570] Preparing netlist for logic optimization

Processing XDC Constraints
Initializing timing engine
Parsing XDC File [C:/Users/cyber/Desktop/Kashfy-EE2026-Vivado/MODS/MODS.srcs/constrs_1/new/konstrens.xdc]
WARNING: [Vivado 12-584] No ports matched 'PS2Clk'. [C:/Users/cyber/Desktop/Kashfy-EE2026-Vivado/MODS/MODS.srcs/constrs_1/new/konstrens.xdc:138]
CRITICAL WARNING: [Common 17-55] 'set_property' expects at least one object. [C:/Users/cyber/Desktop/Kashfy-EE2026-Vivado/MODS/MODS.srcs/constrs_1/new/konstrens.xdc:138]
Resolution: If [get_<value>] was used to populate the object, check to make sure this command returns at least one valid object.
WARNING: [Vivado 12-584] No ports matched 'PS2Data'. [C:/Users/cyber/Desktop/Kashfy-EE2026-Vivado/MODS/MODS.srcs/constrs_1/new/konstrens.xdc:139]
CRITICAL WARNING: [Common 17-55] 'set_property' expects at least one object. [C:/Users/cyber/Desktop/Kashfy-EE2026-Vivado/MODS/MODS.srcs/constrs_1/new/konstrens.xdc:139]
Resolution: If [get_<value>] was used to populate the object, check to make sure this command returns at least one valid object.
Finished Parsing XDC File [C:/Users/cyber/Desktop/Kashfy-EE2026-Vivado/MODS/MODS.srcs/constrs_1/new/konstrens.xdc]
INFO: [Project 1-236] Implementation specific constraints were found while reading constraint file [C:/Users/cyber/Desktop/Kashfy-EE2026-Vivado/MODS/MODS.srcs/constrs_1/new/konstrens.xdc]. These constraints will be ignored for synthesis but will be used in implementation. Impacted constraints are listed in the file [.Xil/Top_Student_propImpl.xdc].
Resolution: To avoid this warning, move constraints listed in [.Xil/Top_Student_propImpl.xdc] to another XDC file and exclude this new file from synthesis with the used_in_synthesis property (File Properties dialog in GUI) and re-run elaboration/synthesis.
Completed Processing XDC Constraints

INFO: [Project 1-111] Unisim Transformation Summary:
No Unisim elements were transformed.

Constraint Validation Runtime : Time (s): cpu = 00:00:00 ; elapsed = 00:00:00.006 . Memory (MB): peak = 762.750 ; gain = 0.000
---------------------------------------------------------------------------------
Finished Constraint Validation : Time (s): cpu = 00:00:05 ; elapsed = 00:00:12 . Memory (MB): peak = 762.750 ; gain = 502.672
---------------------------------------------------------------------------------
---------------------------------------------------------------------------------
Start Loading Part and Timing Information
---------------------------------------------------------------------------------
Loading part: xc7a35tcpg236-1
---------------------------------------------------------------------------------
Finished Loading Part and Timing Information : Time (s): cpu = 00:00:05 ; elapsed = 00:00:12 . Memory (MB): peak = 762.750 ; gain = 502.672
---------------------------------------------------------------------------------
---------------------------------------------------------------------------------
Start Applying 'set_property' XDC Constraints
---------------------------------------------------------------------------------
---------------------------------------------------------------------------------
Finished applying 'set_property' XDC Constraints : Time (s): cpu = 00:00:05 ; elapsed = 00:00:12 . Memory (MB): peak = 762.750 ; gain = 502.672
---------------------------------------------------------------------------------
INFO: [Synth 8-5545] ROM "slow_clk0" won't be mapped to RAM because address size (32) is larger than maximum supported(25)
INFO: [Synth 8-5546] ROM "is_y_stat0" won't be mapped to RAM because it is too sparse
INFO: [Synth 8-5546] ROM "is_y_stat0" won't be mapped to RAM because it is too sparse
INFO: [Synth 8-5544] ROM "sprite_no" won't be mapped to Block RAM because address size (1) smaller than threshold (5)
INFO: [Synth 8-5546] ROM "is_y_stat0" won't be mapped to RAM because it is too sparse
INFO: [Synth 8-5546] ROM "is_y_stat0" won't be mapped to RAM because it is too sparse
INFO: [Synth 8-5546] ROM "stop_falling" won't be mapped to RAM because it is too sparse
INFO: [Synth 8-5546] ROM "stop_falling" won't be mapped to RAM because it is too sparse
INFO: [Synth 8-802] inferred FSM for state register 'state_reg' in module 'Oled_Display'
INFO: [Synth 8-5546] ROM "fsm_next_state0" won't be mapped to RAM because it is too sparse
INFO: [Synth 8-5544] ROM "fsm_next_state0" won't be mapped to Block RAM because address size (1) smaller than threshold (5)
INFO: [Synth 8-5546] ROM "fsm_next_state0" won't be mapped to RAM because it is too sparse
---------------------------------------------------------------------------------------------------
                   State |                     New Encoding |                Previous Encoding 
---------------------------------------------------------------------------------------------------
                 PowerUp | 00000000100000000000000000000000 |                            00000
                   Reset | 00000000000100000000000000000000 |                            00001
            ReleaseReset | 00000000000000000000100000000000 |                            00011
            EnableDriver | 00000000000000000001000000000000 |                            00010
              DisplayOff | 00000000000000000100000000000000 |                            00110
   SetRemapDisplayFormat | 00000100000000000000000000000000 |                            00111
            SetStartLine | 00001000000000000000000000000000 |                            00101
               SetOffset | 10000000000000000000000000000000 |                            00100
        SetNormalDisplay | 00000000000000000000000010000000 |                            01100
       SetMultiplexRatio | 00000000000000000000000000100000 |                            01101
  SetMasterConfiguration | 00000000000000000000000001000000 |                            01111
        DisablePowerSave | 00000000000000000000000000000100 |                            01110
          SetPhaseAdjust | 00000000000000000000000000001000 |                            01010
         SetDisplayClock | 00000000001000000000000000000000 |                            01011
     SetSecondPrechargeA | 00000000010000000000000000000000 |                            01001
     SetSecondPrechargeB | 01000000000000000000000000000000 |                            01000
     SetSecondPrechargeC | 00000010000000000000000000000000 |                            11000
       SetPrechargeLevel | 00000001000000000000000000000000 |                            11001
                SetVCOMH | 00000000000000010000000000000000 |                            11011
        SetMasterCurrent | 00000000000000100000000000000000 |                            11010
            SetContrastA | 00000000000001000000000000000000 |                            11110
            SetContrastB | 00100000000000000000000000000000 |                            11111
            SetContrastC | 00000000000000000000000000000001 |                            11101
        DisableScrolling | 00000000000000000000000000000010 |                            11100
             ClearScreen | 00000000000000000000000000010000 |                            10100
                   VccEn | 00010000000000000000000000000000 |                            10101
               DisplayOn | 00000000000010000000000000000000 |                            10111
        PrepareNextFrame | 00000000000000001000000000000000 |                            10110
           SetColAddress | 00000000000000000000010000000000 |                            10010
           SetRowAddress | 00000000000000000000000100000000 |                            10011
           WaitNextFrame | 00000000000000000000001000000000 |                            10001
               SendPixel | 00000000000000000010000000000000 |                            10000
---------------------------------------------------------------------------------------------------
INFO: [Synth 8-3354] encoded FSM with state register 'state_reg' using encoding 'one-hot' in module 'Oled_Display'
---------------------------------------------------------------------------------
Finished RTL Optimization Phase 2 : Time (s): cpu = 00:00:06 ; elapsed = 00:00:13 . Memory (MB): peak = 762.750 ; gain = 502.672
---------------------------------------------------------------------------------
INFO: [Synth 8-223] decloning instance 'clk_6p25MHz' (flexy_clock) to 'clk_25MHz'

Report RTL Partitions: 
+-+--------------+------------+----------+
| |RTL Partition |Replication |Instances |
+-+--------------+------------+----------+
+-+--------------+------------+----------+
---------------------------------------------------------------------------------
Start RTL Component Statistics 
---------------------------------------------------------------------------------
Detailed RTL Component Info : 
+---Adders : 
	   4 Input     33 Bit       Adders := 3     
	   2 Input     32 Bit       Adders := 11    
	   3 Input     32 Bit       Adders := 8     
	   2 Input     17 Bit       Adders := 1     
	   2 Input      9 Bit       Adders := 5     
	   3 Input      9 Bit       Adders := 1     
	   4 Input      9 Bit       Adders := 1     
	   2 Input      8 Bit       Adders := 11    
	   3 Input      8 Bit       Adders := 19    
	   2 Input      7 Bit       Adders := 62    
	   3 Input      7 Bit       Adders := 1     
	   2 Input      6 Bit       Adders := 1     
	   2 Input      3 Bit       Adders := 1     
+---Registers : 
	               40 Bit    Registers := 1     
	               32 Bit    Registers := 8     
	               17 Bit    Registers := 1     
	               16 Bit    Registers := 4     
	                7 Bit    Registers := 14    
	                6 Bit    Registers := 1     
	                3 Bit    Registers := 3     
	                2 Bit    Registers := 1     
	                1 Bit    Registers := 15    
+---Muxes : 
	   2 Input     40 Bit        Muxes := 3     
	   2 Input     32 Bit        Muxes := 22    
	   3 Input     32 Bit        Muxes := 1     
	  32 Input     32 Bit        Muxes := 1     
	  32 Input     20 Bit        Muxes := 1     
	   2 Input     17 Bit        Muxes := 1     
	   2 Input     16 Bit        Muxes := 11    
	   3 Input     16 Bit        Muxes := 1     
	   2 Input     11 Bit        Muxes := 2     
	   2 Input      7 Bit        Muxes := 75    
	  10 Input      7 Bit        Muxes := 2     
	   6 Input      7 Bit        Muxes := 1     
	   3 Input      7 Bit        Muxes := 5     
	   7 Input      7 Bit        Muxes := 1     
	  32 Input      6 Bit        Muxes := 1     
	   2 Input      6 Bit        Muxes := 1     
	   2 Input      5 Bit        Muxes := 2     
	  32 Input      5 Bit        Muxes := 1     
	   2 Input      3 Bit        Muxes := 4     
	   2 Input      2 Bit        Muxes := 4     
	   3 Input      2 Bit        Muxes := 5     
	   2 Input      1 Bit        Muxes := 9     
	   3 Input      1 Bit        Muxes := 2     
	   5 Input      1 Bit        Muxes := 1     
---------------------------------------------------------------------------------
Finished RTL Component Statistics 
---------------------------------------------------------------------------------
---------------------------------------------------------------------------------
Start RTL Hierarchical Component Statistics 
---------------------------------------------------------------------------------
Hierarchical RTL Component report 
Module flexy_clock 
Detailed RTL Component Info : 
+---Registers : 
	                1 Bit    Registers := 1     
+---Muxes : 
	   2 Input      1 Bit        Muxes := 1     
Module direction_mux 
Detailed RTL Component Info : 
+---Registers : 
	                7 Bit    Registers := 2     
+---Muxes : 
	   2 Input      7 Bit        Muxes := 3     
Module animate 
Detailed RTL Component Info : 
+---Adders : 
	   4 Input     33 Bit       Adders := 1     
	   2 Input     32 Bit       Adders := 4     
	   3 Input     32 Bit       Adders := 3     
	   2 Input      9 Bit       Adders := 2     
	   2 Input      8 Bit       Adders := 3     
	   2 Input      7 Bit       Adders := 11    
+---Registers : 
	               32 Bit    Registers := 3     
	               16 Bit    Registers := 1     
	                7 Bit    Registers := 3     
	                2 Bit    Registers := 1     
	                1 Bit    Registers := 2     
+---Muxes : 
	   2 Input     32 Bit        Muxes := 13    
	   2 Input      7 Bit        Muxes := 10    
	  10 Input      7 Bit        Muxes := 1     
	   6 Input      7 Bit        Muxes := 1     
	   2 Input      2 Bit        Muxes := 2     
	   3 Input      2 Bit        Muxes := 1     
Module hero_damage 
Detailed RTL Component Info : 
+---Adders : 
	   2 Input     32 Bit       Adders := 1     
+---Registers : 
	               32 Bit    Registers := 1     
	                3 Bit    Registers := 1     
+---Muxes : 
	   3 Input     32 Bit        Muxes := 1     
	   2 Input     32 Bit        Muxes := 1     
	   2 Input      3 Bit        Muxes := 3     
	   3 Input      2 Bit        Muxes := 1     
Module touch_muff 
Detailed RTL Component Info : 
+---Adders : 
	   2 Input      3 Bit       Adders := 1     
+---Registers : 
	                3 Bit    Registers := 2     
+---Muxes : 
	   2 Input      3 Bit        Muxes := 1     
Module laser_shot 
Detailed RTL Component Info : 
+---Adders : 
	   3 Input     32 Bit       Adders := 1     
	   3 Input      9 Bit       Adders := 1     
	   3 Input      8 Bit       Adders := 2     
	   2 Input      7 Bit       Adders := 12    
	   3 Input      7 Bit       Adders := 1     
+---Registers : 
	                7 Bit    Registers := 4     
	                1 Bit    Registers := 1     
+---Muxes : 
	   2 Input      7 Bit        Muxes := 34    
	   3 Input      7 Bit        Muxes := 5     
	   3 Input      2 Bit        Muxes := 3     
	   3 Input      1 Bit        Muxes := 1     
Module enimate 
Detailed RTL Component Info : 
+---Adders : 
	   4 Input     33 Bit       Adders := 1     
	   2 Input     32 Bit       Adders := 4     
	   3 Input     32 Bit       Adders := 3     
	   2 Input      9 Bit       Adders := 2     
	   2 Input      8 Bit       Adders := 3     
	   3 Input      8 Bit       Adders := 2     
	   2 Input      7 Bit       Adders := 16    
+---Registers : 
	               32 Bit    Registers := 3     
	               16 Bit    Registers := 1     
	                7 Bit    Registers := 2     
	                1 Bit    Registers := 2     
+---Muxes : 
	   2 Input     32 Bit        Muxes := 5     
	   2 Input      7 Bit        Muxes := 4     
	  10 Input      7 Bit        Muxes := 1     
	   7 Input      7 Bit        Muxes := 1     
	   2 Input      2 Bit        Muxes := 2     
Module muffinimate 
Detailed RTL Component Info : 
+---Adders : 
	   4 Input     33 Bit       Adders := 1     
	   2 Input     32 Bit       Adders := 2     
	   3 Input     32 Bit       Adders := 1     
	   2 Input      9 Bit       Adders := 1     
	   2 Input      8 Bit       Adders := 2     
	   3 Input      8 Bit       Adders := 3     
	   2 Input      7 Bit       Adders := 11    
+---Registers : 
	               32 Bit    Registers := 1     
	               16 Bit    Registers := 1     
	                7 Bit    Registers := 3     
	                1 Bit    Registers := 3     
+---Muxes : 
	   2 Input     32 Bit        Muxes := 1     
	   2 Input      7 Bit        Muxes := 24    
	   3 Input      1 Bit        Muxes := 1     
Module sprite_1 
Detailed RTL Component Info : 
+---Adders : 
	   4 Input      9 Bit       Adders := 1     
	   2 Input      8 Bit       Adders := 1     
+---Muxes : 
	   2 Input     16 Bit        Muxes := 1     
	   2 Input     11 Bit        Muxes := 1     
Module sprite_2 
Detailed RTL Component Info : 
+---Adders : 
	   2 Input      8 Bit       Adders := 1     
+---Muxes : 
	   3 Input     16 Bit        Muxes := 1     
Module sprite_3 
Detailed RTL Component Info : 
+---Adders : 
	   2 Input      8 Bit       Adders := 1     
+---Muxes : 
	   2 Input     16 Bit        Muxes := 2     
	   2 Input     11 Bit        Muxes := 1     
Module make_square 
Detailed RTL Component Info : 
+---Adders : 
	   3 Input      8 Bit       Adders := 12    
	   2 Input      7 Bit       Adders := 12    
+---Registers : 
	               16 Bit    Registers := 1     
+---Muxes : 
	   2 Input     16 Bit        Muxes := 8     
	   5 Input      1 Bit        Muxes := 1     
Module Oled_Display 
Detailed RTL Component Info : 
+---Adders : 
	   2 Input     17 Bit       Adders := 1     
	   2 Input      6 Bit       Adders := 1     
+---Registers : 
	               40 Bit    Registers := 1     
	               17 Bit    Registers := 1     
	                6 Bit    Registers := 1     
+---Muxes : 
	   2 Input     40 Bit        Muxes := 3     
	  32 Input     32 Bit        Muxes := 1     
	   2 Input     32 Bit        Muxes := 2     
	  32 Input     20 Bit        Muxes := 1     
	   2 Input     17 Bit        Muxes := 1     
	  32 Input      6 Bit        Muxes := 1     
	   2 Input      6 Bit        Muxes := 1     
	   2 Input      5 Bit        Muxes := 2     
	  32 Input      5 Bit        Muxes := 1     
	   2 Input      1 Bit        Muxes := 2     
---------------------------------------------------------------------------------
Finished RTL Hierarchical Component Statistics
---------------------------------------------------------------------------------
---------------------------------------------------------------------------------
Start Part Resource Summary
---------------------------------------------------------------------------------
Part Resources:
DSPs: 90 (col length:60)
BRAMs: 100 (col length: RAMB18 60 RAMB36 30)
---------------------------------------------------------------------------------
Finished Part Resource Summary
---------------------------------------------------------------------------------
---------------------------------------------------------------------------------
Start Cross Boundary and Area Optimization
---------------------------------------------------------------------------------
Warning: Parallel synthesis criteria is not met 
INFO: [Synth 8-5545] ROM "slow_clk0" won't be mapped to RAM because address size (32) is larger than maximum supported(25)
INFO: [Synth 8-5545] ROM "slow_clk0" won't be mapped to RAM because address size (32) is larger than maximum supported(25)
INFO: [Synth 8-5546] ROM "is_y_stat0" won't be mapped to RAM because it is too sparse
INFO: [Synth 8-5545] ROM "nolabel_line36/slow_clk0" won't be mapped to RAM because address size (32) is larger than maximum supported(25)
INFO: [Synth 8-5545] ROM "nolabel_line29/slow_clk0" won't be mapped to RAM because address size (32) is larger than maximum supported(25)
INFO: [Synth 8-5545] ROM "nolabel_line44/get_fps_clock/slow_clk0" won't be mapped to RAM because address size (32) is larger than maximum supported(25)
INFO: [Synth 8-5546] ROM "proj_move0" won't be mapped to RAM because it is too sparse
INFO: [Synth 8-5545] ROM "slow_clk0" won't be mapped to RAM because address size (32) is larger than maximum supported(25)
INFO: [Synth 8-5546] ROM "is_y_stat0" won't be mapped to RAM because it is too sparse
INFO: [Synth 8-5545] ROM "get_fps_clock/slow_clk0" won't be mapped to RAM because address size (32) is larger than maximum supported(25)
INFO: [Synth 8-5546] ROM "fsm_next_state0" won't be mapped to RAM because it is too sparse
INFO: [Synth 8-5546] ROM "fsm_next_state0" won't be mapped to RAM because it is too sparse
INFO: [Synth 8-3886] merging instance 'draw_sq/oled_data_reg[0]' (FDE) to 'draw_sq/oled_data_reg[4]'
INFO: [Synth 8-3886] merging instance 'draw_sq/oled_data_reg[1]' (FDE) to 'draw_sq/oled_data_reg[4]'
INFO: [Synth 8-3886] merging instance 'draw_sq/oled_data_reg[2]' (FDE) to 'draw_sq/oled_data_reg[4]'
INFO: [Synth 8-3886] merging instance 'draw_sq/oled_data_reg[3]' (FDE) to 'draw_sq/oled_data_reg[4]'
INFO: [Synth 8-3886] merging instance 'draw_sq/oled_data_reg[5]' (FDE) to 'draw_sq/oled_data_reg[10]'
INFO: [Synth 8-3886] merging instance 'draw_sq/oled_data_reg[6]' (FDE) to 'draw_sq/oled_data_reg[10]'
INFO: [Synth 8-3886] merging instance 'draw_sq/oled_data_reg[7]' (FDE) to 'draw_sq/oled_data_reg[10]'
INFO: [Synth 8-3886] merging instance 'draw_sq/oled_data_reg[8]' (FDE) to 'draw_sq/oled_data_reg[10]'
INFO: [Synth 8-3886] merging instance 'draw_sq/oled_data_reg[9]' (FDE) to 'draw_sq/oled_data_reg[10]'
INFO: [Synth 8-3886] merging instance 'draw_sq/oled_data_reg[11]' (FDE) to 'draw_sq/oled_data_reg[15]'
INFO: [Synth 8-3886] merging instance 'draw_sq/oled_data_reg[12]' (FDE) to 'draw_sq/oled_data_reg[15]'
INFO: [Synth 8-3886] merging instance 'draw_sq/oled_data_reg[13]' (FDE) to 'draw_sq/oled_data_reg[15]'
INFO: [Synth 8-3886] merging instance 'choose_direction/y_vect_reg[1]' (FDSE) to 'choose_direction/y_vect_reg[2]'
INFO: [Synth 8-3886] merging instance 'choose_direction/y_vect_reg[2]' (FDSE) to 'choose_direction/y_vect_reg[3]'
INFO: [Synth 8-3886] merging instance 'choose_direction/y_vect_reg[3]' (FDSE) to 'choose_direction/y_vect_reg[4]'
INFO: [Synth 8-3886] merging instance 'choose_direction/y_vect_reg[4]' (FDSE) to 'choose_direction/y_vect_reg[5]'
INFO: [Synth 8-3886] merging instance 'choose_direction/y_vect_reg[5]' (FDSE) to 'choose_direction/y_vect_reg[6]'
INFO: [Synth 8-3886] merging instance 'choose_direction/x_vect_reg[6]' (FD) to 'choose_direction/x_vect_reg[1]'
INFO: [Synth 8-3886] merging instance 'choose_direction/x_vect_reg[5]' (FD) to 'choose_direction/x_vect_reg[1]'
INFO: [Synth 8-3886] merging instance 'choose_direction/x_vect_reg[4]' (FD) to 'choose_direction/x_vect_reg[1]'
INFO: [Synth 8-3886] merging instance 'choose_direction/x_vect_reg[3]' (FD) to 'choose_direction/x_vect_reg[1]'
INFO: [Synth 8-3886] merging instance 'choose_direction/x_vect_reg[2]' (FD) to 'choose_direction/x_vect_reg[1]'
INFO: [Synth 8-3886] merging instance 'draw_sq/oled_data_reg[14]' (FDE) to 'draw_sq/oled_data_reg[15]'
WARNING: [Synth 8-3332] Sequential element (center_sq_colour_reg[15]) is unused and will be removed from module animate.
WARNING: [Synth 8-3332] Sequential element (center_sq_colour_reg[14]) is unused and will be removed from module animate.
WARNING: [Synth 8-3332] Sequential element (center_sq_colour_reg[13]) is unused and will be removed from module animate.
WARNING: [Synth 8-3332] Sequential element (center_sq_colour_reg[12]) is unused and will be removed from module animate.
WARNING: [Synth 8-3332] Sequential element (center_sq_colour_reg[11]) is unused and will be removed from module animate.
WARNING: [Synth 8-3332] Sequential element (center_sq_colour_reg[10]) is unused and will be removed from module animate.
WARNING: [Synth 8-3332] Sequential element (center_sq_colour_reg[9]) is unused and will be removed from module animate.
WARNING: [Synth 8-3332] Sequential element (center_sq_colour_reg[8]) is unused and will be removed from module animate.
WARNING: [Synth 8-3332] Sequential element (center_sq_colour_reg[7]) is unused and will be removed from module animate.
WARNING: [Synth 8-3332] Sequential element (center_sq_colour_reg[6]) is unused and will be removed from module animate.
WARNING: [Synth 8-3332] Sequential element (center_sq_colour_reg[5]) is unused and will be removed from module animate.
WARNING: [Synth 8-3332] Sequential element (center_sq_colour_reg[4]) is unused and will be removed from module animate.
WARNING: [Synth 8-3332] Sequential element (center_sq_colour_reg[3]) is unused and will be removed from module animate.
WARNING: [Synth 8-3332] Sequential element (center_sq_colour_reg[2]) is unused and will be removed from module animate.
WARNING: [Synth 8-3332] Sequential element (center_sq_colour_reg[1]) is unused and will be removed from module animate.
WARNING: [Synth 8-3332] Sequential element (center_sq_colour_reg[0]) is unused and will be removed from module animate.
WARNING: [Synth 8-3332] Sequential element (sprite_no_reg[1]) is unused and will be removed from module animate.
WARNING: [Synth 8-3332] Sequential element (sprite_no_reg[0]) is unused and will be removed from module animate.
WARNING: [Synth 8-3332] Sequential element (jump_time_reg[31]) is unused and will be removed from module enimate.
WARNING: [Synth 8-3332] Sequential element (jump_time_reg[30]) is unused and will be removed from module enimate.
WARNING: [Synth 8-3332] Sequential element (jump_time_reg[29]) is unused and will be removed from module enimate.
WARNING: [Synth 8-3332] Sequential element (jump_time_reg[28]) is unused and will be removed from module enimate.
WARNING: [Synth 8-3332] Sequential element (jump_time_reg[27]) is unused and will be removed from module enimate.
WARNING: [Synth 8-3332] Sequential element (jump_time_reg[26]) is unused and will be removed from module enimate.
WARNING: [Synth 8-3332] Sequential element (jump_time_reg[25]) is unused and will be removed from module enimate.
WARNING: [Synth 8-3332] Sequential element (jump_time_reg[24]) is unused and will be removed from module enimate.
WARNING: [Synth 8-3332] Sequential element (jump_time_reg[23]) is unused and will be removed from module enimate.
WARNING: [Synth 8-3332] Sequential element (jump_time_reg[22]) is unused and will be removed from module enimate.
WARNING: [Synth 8-3332] Sequential element (jump_time_reg[21]) is unused and will be removed from module enimate.
WARNING: [Synth 8-3332] Sequential element (jump_time_reg[20]) is unused and will be removed from module enimate.
WARNING: [Synth 8-3332] Sequential element (jump_time_reg[19]) is unused and will be removed from module enimate.
WARNING: [Synth 8-3332] Sequential element (jump_time_reg[18]) is unused and will be removed from module enimate.
WARNING: [Synth 8-3332] Sequential element (jump_time_reg[17]) is unused and will be removed from module enimate.
WARNING: [Synth 8-3332] Sequential element (jump_time_reg[16]) is unused and will be removed from module enimate.
WARNING: [Synth 8-3332] Sequential element (jump_time_reg[15]) is unused and will be removed from module enimate.
WARNING: [Synth 8-3332] Sequential element (jump_time_reg[14]) is unused and will be removed from module enimate.
WARNING: [Synth 8-3332] Sequential element (jump_time_reg[13]) is unused and will be removed from module enimate.
WARNING: [Synth 8-3332] Sequential element (jump_time_reg[12]) is unused and will be removed from module enimate.
WARNING: [Synth 8-3332] Sequential element (jump_time_reg[11]) is unused and will be removed from module enimate.
WARNING: [Synth 8-3332] Sequential element (jump_time_reg[10]) is unused and will be removed from module enimate.
WARNING: [Synth 8-3332] Sequential element (jump_time_reg[9]) is unused and will be removed from module enimate.
WARNING: [Synth 8-3332] Sequential element (jump_time_reg[8]) is unused and will be removed from module enimate.
WARNING: [Synth 8-3332] Sequential element (jump_time_reg[7]) is unused and will be removed from module enimate.
WARNING: [Synth 8-3332] Sequential element (jump_time_reg[6]) is unused and will be removed from module enimate.
WARNING: [Synth 8-3332] Sequential element (jump_time_reg[5]) is unused and will be removed from module enimate.
WARNING: [Synth 8-3332] Sequential element (jump_time_reg[4]) is unused and will be removed from module enimate.
WARNING: [Synth 8-3332] Sequential element (jump_time_reg[3]) is unused and will be removed from module enimate.
WARNING: [Synth 8-3332] Sequential element (jump_time_reg[2]) is unused and will be removed from module enimate.
WARNING: [Synth 8-3332] Sequential element (jump_time_reg[1]) is unused and will be removed from module enimate.
WARNING: [Synth 8-3332] Sequential element (jump_time_reg[0]) is unused and will be removed from module enimate.
WARNING: [Synth 8-3332] Sequential element (center_sq_colour_reg[15]) is unused and will be removed from module enimate.
WARNING: [Synth 8-3332] Sequential element (center_sq_colour_reg[14]) is unused and will be removed from module enimate.
WARNING: [Synth 8-3332] Sequential element (center_sq_colour_reg[13]) is unused and will be removed from module enimate.
WARNING: [Synth 8-3332] Sequential element (center_sq_colour_reg[12]) is unused and will be removed from module enimate.
WARNING: [Synth 8-3332] Sequential element (center_sq_colour_reg[11]) is unused and will be removed from module enimate.
WARNING: [Synth 8-3332] Sequential element (center_sq_colour_reg[10]) is unused and will be removed from module enimate.
WARNING: [Synth 8-3332] Sequential element (center_sq_colour_reg[9]) is unused and will be removed from module enimate.
WARNING: [Synth 8-3332] Sequential element (center_sq_colour_reg[8]) is unused and will be removed from module enimate.
WARNING: [Synth 8-3332] Sequential element (center_sq_colour_reg[7]) is unused and will be removed from module enimate.
WARNING: [Synth 8-3332] Sequential element (center_sq_colour_reg[6]) is unused and will be removed from module enimate.
WARNING: [Synth 8-3332] Sequential element (center_sq_colour_reg[5]) is unused and will be removed from module enimate.
WARNING: [Synth 8-3332] Sequential element (center_sq_colour_reg[4]) is unused and will be removed from module enimate.
WARNING: [Synth 8-3332] Sequential element (center_sq_colour_reg[3]) is unused and will be removed from module enimate.
WARNING: [Synth 8-3332] Sequential element (center_sq_colour_reg[2]) is unused and will be removed from module enimate.
WARNING: [Synth 8-3332] Sequential element (center_sq_colour_reg[1]) is unused and will be removed from module enimate.
WARNING: [Synth 8-3332] Sequential element (center_sq_colour_reg[0]) is unused and will be removed from module enimate.
WARNING: [Synth 8-3332] Sequential element (center_sq_colour_reg[15]) is unused and will be removed from module muffinimate.
WARNING: [Synth 8-3332] Sequential element (center_sq_colour_reg[14]) is unused and will be removed from module muffinimate.
WARNING: [Synth 8-3332] Sequential element (center_sq_colour_reg[13]) is unused and will be removed from module muffinimate.
WARNING: [Synth 8-3332] Sequential element (center_sq_colour_reg[12]) is unused and will be removed from module muffinimate.
WARNING: [Synth 8-3332] Sequential element (center_sq_colour_reg[11]) is unused and will be removed from module muffinimate.
WARNING: [Synth 8-3332] Sequential element (center_sq_colour_reg[10]) is unused and will be removed from module muffinimate.
WARNING: [Synth 8-3332] Sequential element (center_sq_colour_reg[9]) is unused and will be removed from module muffinimate.
WARNING: [Synth 8-3332] Sequential element (center_sq_colour_reg[8]) is unused and will be removed from module muffinimate.
WARNING: [Synth 8-3332] Sequential element (center_sq_colour_reg[7]) is unused and will be removed from module muffinimate.
WARNING: [Synth 8-3332] Sequential element (center_sq_colour_reg[6]) is unused and will be removed from module muffinimate.
WARNING: [Synth 8-3332] Sequential element (center_sq_colour_reg[5]) is unused and will be removed from module muffinimate.
WARNING: [Synth 8-3332] Sequential element (center_sq_colour_reg[4]) is unused and will be removed from module muffinimate.
WARNING: [Synth 8-3332] Sequential element (center_sq_colour_reg[3]) is unused and will be removed from module muffinimate.
WARNING: [Synth 8-3332] Sequential element (center_sq_colour_reg[2]) is unused and will be removed from module muffinimate.
WARNING: [Synth 8-3332] Sequential element (center_sq_colour_reg[1]) is unused and will be removed from module muffinimate.
WARNING: [Synth 8-3332] Sequential element (center_sq_colour_reg[0]) is unused and will be removed from module muffinimate.
---------------------------------------------------------------------------------
Finished Cross Boundary and Area Optimization : Time (s): cpu = 00:00:15 ; elapsed = 00:00:28 . Memory (MB): peak = 762.750 ; gain = 502.672
---------------------------------------------------------------------------------

Report RTL Partitions: 
+-+--------------+------------+----------+
| |RTL Partition |Replication |Instances |
+-+--------------+------------+----------+
+-+--------------+------------+----------+
---------------------------------------------------------------------------------
Start Applying XDC Timing Constraints
---------------------------------------------------------------------------------
---------------------------------------------------------------------------------
Finished Applying XDC Timing Constraints : Time (s): cpu = 00:00:19 ; elapsed = 00:00:34 . Memory (MB): peak = 762.750 ; gain = 502.672
---------------------------------------------------------------------------------
---------------------------------------------------------------------------------
Start Timing Optimization
---------------------------------------------------------------------------------
---------------------------------------------------------------------------------
Finished Timing Optimization : Time (s): cpu = 00:00:19 ; elapsed = 00:00:35 . Memory (MB): peak = 785.230 ; gain = 525.152
---------------------------------------------------------------------------------

Report RTL Partitions: 
+-+--------------+------------+----------+
| |RTL Partition |Replication |Instances |
+-+--------------+------------+----------+
+-+--------------+------------+----------+
---------------------------------------------------------------------------------
Start Technology Mapping
---------------------------------------------------------------------------------
WARNING: [Synth 8-3332] Sequential element (animate_hero/jump_time_reg[31]) is unused and will be removed from module Top_Student.
WARNING: [Synth 8-3332] Sequential element (animate_hero/jump_time_reg[30]) is unused and will be removed from module Top_Student.
WARNING: [Synth 8-3332] Sequential element (animate_hero/jump_time_reg[29]) is unused and will be removed from module Top_Student.
WARNING: [Synth 8-3332] Sequential element (animate_hero/jump_time_reg[28]) is unused and will be removed from module Top_Student.
WARNING: [Synth 8-3332] Sequential element (animate_hero/jump_time_reg[27]) is unused and will be removed from module Top_Student.
WARNING: [Synth 8-3332] Sequential element (animate_hero/jump_time_reg[26]) is unused and will be removed from module Top_Student.
WARNING: [Synth 8-3332] Sequential element (animate_hero/jump_time_reg[25]) is unused and will be removed from module Top_Student.
WARNING: [Synth 8-3332] Sequential element (animate_hero/jump_time_reg[24]) is unused and will be removed from module Top_Student.
WARNING: [Synth 8-3332] Sequential element (animate_hero/jump_time_reg[23]) is unused and will be removed from module Top_Student.
WARNING: [Synth 8-3332] Sequential element (animate_hero/jump_time_reg[22]) is unused and will be removed from module Top_Student.
WARNING: [Synth 8-3332] Sequential element (animate_hero/jump_time_reg[21]) is unused and will be removed from module Top_Student.
WARNING: [Synth 8-3332] Sequential element (animate_hero/jump_time_reg[20]) is unused and will be removed from module Top_Student.
WARNING: [Synth 8-3332] Sequential element (animate_hero/jump_time_reg[19]) is unused and will be removed from module Top_Student.
WARNING: [Synth 8-3332] Sequential element (animate_hero/jump_time_reg[18]) is unused and will be removed from module Top_Student.
WARNING: [Synth 8-3332] Sequential element (animate_hero/jump_time_reg[17]) is unused and will be removed from module Top_Student.
WARNING: [Synth 8-3332] Sequential element (animate_hero/jump_time_reg[16]) is unused and will be removed from module Top_Student.
WARNING: [Synth 8-3332] Sequential element (animate_hero/jump_time_reg[15]) is unused and will be removed from module Top_Student.
WARNING: [Synth 8-3332] Sequential element (animate_hero/jump_time_reg[14]) is unused and will be removed from module Top_Student.
INFO: [Common 17-14] Message 'Synth 8-3332' appears 100 times and further instances of the messages will be disabled. Use the Tcl command set_msg_config to change the current settings.
---------------------------------------------------------------------------------
Finished Technology Mapping : Time (s): cpu = 00:00:20 ; elapsed = 00:00:37 . Memory (MB): peak = 878.000 ; gain = 617.922
---------------------------------------------------------------------------------

Report RTL Partitions: 
+-+--------------+------------+----------+
| |RTL Partition |Replication |Instances |
+-+--------------+------------+----------+
+-+--------------+------------+----------+
---------------------------------------------------------------------------------
Start IO Insertion
---------------------------------------------------------------------------------
---------------------------------------------------------------------------------
Start Flattening Before IO Insertion
---------------------------------------------------------------------------------
---------------------------------------------------------------------------------
Finished Flattening Before IO Insertion
---------------------------------------------------------------------------------
---------------------------------------------------------------------------------
Start Final Netlist Cleanup
---------------------------------------------------------------------------------
---------------------------------------------------------------------------------
Finished Final Netlist Cleanup
---------------------------------------------------------------------------------
---------------------------------------------------------------------------------
Finished IO Insertion : Time (s): cpu = 00:00:21 ; elapsed = 00:00:38 . Memory (MB): peak = 878.000 ; gain = 617.922
---------------------------------------------------------------------------------

Report Check Netlist: 
+------+------------------+-------+---------+-------+------------------+
|      |Item              |Errors |Warnings |Status |Description       |
+------+------------------+-------+---------+-------+------------------+
|1     |multi_driven_nets |      0|        0|Passed |Multi driven nets |
+------+------------------+-------+---------+-------+------------------+
---------------------------------------------------------------------------------
Start Renaming Generated Instances
---------------------------------------------------------------------------------
---------------------------------------------------------------------------------
Finished Renaming Generated Instances : Time (s): cpu = 00:00:21 ; elapsed = 00:00:38 . Memory (MB): peak = 878.000 ; gain = 617.922
---------------------------------------------------------------------------------

Report RTL Partitions: 
+-+--------------+------------+----------+
| |RTL Partition |Replication |Instances |
+-+--------------+------------+----------+
+-+--------------+------------+----------+
---------------------------------------------------------------------------------
Start Rebuilding User Hierarchy
---------------------------------------------------------------------------------
---------------------------------------------------------------------------------
Finished Rebuilding User Hierarchy : Time (s): cpu = 00:00:21 ; elapsed = 00:00:38 . Memory (MB): peak = 878.000 ; gain = 617.922
---------------------------------------------------------------------------------
---------------------------------------------------------------------------------
Start Renaming Generated Ports
---------------------------------------------------------------------------------
---------------------------------------------------------------------------------
Finished Renaming Generated Ports : Time (s): cpu = 00:00:21 ; elapsed = 00:00:38 . Memory (MB): peak = 878.000 ; gain = 617.922
---------------------------------------------------------------------------------
---------------------------------------------------------------------------------
Start Handling Custom Attributes
---------------------------------------------------------------------------------
---------------------------------------------------------------------------------
Finished Handling Custom Attributes : Time (s): cpu = 00:00:21 ; elapsed = 00:00:38 . Memory (MB): peak = 878.000 ; gain = 617.922
---------------------------------------------------------------------------------
---------------------------------------------------------------------------------
Start Renaming Generated Nets
---------------------------------------------------------------------------------
---------------------------------------------------------------------------------
Finished Renaming Generated Nets : Time (s): cpu = 00:00:21 ; elapsed = 00:00:38 . Memory (MB): peak = 878.000 ; gain = 617.922
---------------------------------------------------------------------------------
---------------------------------------------------------------------------------
Start Writing Synthesis Report
---------------------------------------------------------------------------------

Report BlackBoxes: 
+-+--------------+----------+
| |BlackBox name |Instances |
+-+--------------+----------+
+-+--------------+----------+

Report Cell Usage: 
+------+-------+------+
|      |Cell   |Count |
+------+-------+------+
|1     |BUFG   |     6|
|2     |CARRY4 |   834|
|3     |LUT1   |   176|
|4     |LUT2   |   795|
|5     |LUT3   |   707|
|6     |LUT4   |   670|
|7     |LUT5   |   903|
|8     |LUT6   |  1758|
|9     |MUXF7  |     2|
|10    |FDE_1  |    32|
|11    |FDRE   |   617|
|12    |IBUF   |     6|
|13    |OBUF   |    10|
|14    |OBUFT  |     1|
+------+-------+------+

Report Instance Areas: 
+------+---------------------+-------------------+------+
|      |Instance             |Module             |Cells |
+------+---------------------+-------------------+------+
|1     |top                  |                   |  6517|
|2     |  Q3A1               |Oled_Display       |   638|
|3     |  animate_enemy      |enimate            |  1943|
|4     |    get_fps_clock    |flexy_clock_5      |    63|
|5     |  animate_hero       |animate            |  2111|
|6     |    get_fps_clock    |flexy_clock_4      |    63|
|7     |  animate_muffin     |muffinimate        |  1095|
|8     |    get_fps_clock    |flexy_clock_3      |    55|
|9     |  animate_projectile |projectile_animate |   256|
|10    |    nolabel_line44   |laser_shot         |   256|
|11    |      get_fps_clock  |flexy_clock_2      |    53|
|12    |  choose_direction   |direction_mux      |    83|
|13    |  clk_6p25MHz        |flexy_clock        |    64|
|14    |  draw_sq            |make_square        |    69|
|15    |    draw_sprite_1    |sprite_1           |     4|
|16    |    draw_sprite_2    |sprite_2           |     3|
|17    |    draw_sprite_3    |sprite_3           |     5|
|18    |  nolabel_line86     |hero_damage        |   151|
|19    |    nolabel_line36   |flexy_clock_1      |    54|
|20    |  nolabel_line87     |touch_muff         |    72|
|21    |    nolabel_line29   |flexy_clock_0      |    54|
+------+---------------------+-------------------+------+
---------------------------------------------------------------------------------
Finished Writing Synthesis Report : Time (s): cpu = 00:00:21 ; elapsed = 00:00:38 . Memory (MB): peak = 878.000 ; gain = 617.922
---------------------------------------------------------------------------------
Synthesis finished with 0 errors, 0 critical warnings and 502 warnings.
Synthesis Optimization Runtime : Time (s): cpu = 00:00:17 ; elapsed = 00:00:31 . Memory (MB): peak = 878.000 ; gain = 269.137
Synthesis Optimization Complete : Time (s): cpu = 00:00:21 ; elapsed = 00:00:38 . Memory (MB): peak = 878.000 ; gain = 617.922
INFO: [Project 1-571] Translating synthesized netlist
INFO: [Netlist 29-17] Analyzing 874 Unisim elements for replacement
INFO: [Netlist 29-28] Unisim Transformation completed in 0 CPU seconds
INFO: [Project 1-570] Preparing netlist for logic optimization
INFO: [Opt 31-138] Pushed 0 inverter(s) to 0 load pin(s).
INFO: [Project 1-111] Unisim Transformation Summary:
  A total of 32 instances were transformed.
  FDE_1 => FDRE (inverted pins: C): 32 instances

INFO: [Common 17-83] Releasing license: Synthesis
96 Infos, 242 Warnings, 2 Critical Warnings and 0 Errors encountered.
synth_design completed successfully
synth_design: Time (s): cpu = 00:00:22 ; elapsed = 00:00:41 . Memory (MB): peak = 878.000 ; gain = 630.996
WARNING: [Constraints 18-5210] No constraint will be written out.
INFO: [Common 17-1381] The checkpoint 'C:/Users/cyber/Desktop/Kashfy-EE2026-Vivado/MODS/MODS.runs/synth_1/Top_Student.dcp' has been generated.
INFO: [runtcl-4] Executing : report_utilization -file Top_Student_utilization_synth.rpt -pb Top_Student_utilization_synth.pb
report_utilization: Time (s): cpu = 00:00:00 ; elapsed = 00:00:00.043 . Memory (MB): peak = 878.000 ; gain = 0.000
INFO: [Common 17-206] Exiting Vivado at Thu Oct 31 22:47:41 2024...

*** Running vivado
    with args -log Top_Student.vds -m64 -product Vivado -mode batch -messageDb vivado.pb -notrace -source Top_Student.tcl


****** Vivado v2018.2 (64-bit)
  **** SW Build 2258646 on Thu Jun 14 20:03:12 MDT 2018
  **** IP Build 2256618 on Thu Jun 14 22:10:49 MDT 2018
    ** Copyright 1986-2018 Xilinx, Inc. All Rights Reserved.

source Top_Student.tcl -notrace
Command: synth_design -top Top_Student -part xc7a35tcpg236-1
Starting synth_design
Attempting to get a license for feature 'Synthesis' and/or device 'xc7a35t'
INFO: [Common 17-349] Got license for feature 'Synthesis' and/or device 'xc7a35t'
INFO: Launching helper process for spawning children vivado processes
INFO: Helper process launched with PID 39292 
WARNING: [Synth 8-976] YELLOW has already been declared [C:/Users/cyber/Desktop/Kashfy-EE2026-Vivado/MODS/MODS.srcs/sources_1/new/make_square.v:134]
WARNING: [Synth 8-2654] second declaration of YELLOW ignored [C:/Users/cyber/Desktop/Kashfy-EE2026-Vivado/MODS/MODS.srcs/sources_1/new/make_square.v:134]
INFO: [Synth 8-994] YELLOW is declared here [C:/Users/cyber/Desktop/Kashfy-EE2026-Vivado/MODS/MODS.srcs/sources_1/new/make_square.v:130]
---------------------------------------------------------------------------------
Starting RTL Elaboration : Time (s): cpu = 00:00:01 ; elapsed = 00:00:02 . Memory (MB): peak = 371.695 ; gain = 111.824
---------------------------------------------------------------------------------
INFO: [Synth 8-6157] synthesizing module 'Top_Student' [C:/Users/cyber/Desktop/Kashfy-EE2026-Vivado/MODS/MODS.srcs/sources_1/new/Top_Student.v:14]
INFO: [Synth 8-6157] synthesizing module 'flexy_clock' [C:/Users/cyber/Desktop/Kashfy-EE2026-Vivado/MODS/MODS.srcs/sources_1/new/flexy_clock.v:23]
INFO: [Synth 8-6155] done synthesizing module 'flexy_clock' (1#1) [C:/Users/cyber/Desktop/Kashfy-EE2026-Vivado/MODS/MODS.srcs/sources_1/new/flexy_clock.v:23]
INFO: [Synth 8-6157] synthesizing module 'direction_mux' [C:/Users/cyber/Desktop/Kashfy-EE2026-Vivado/MODS/MODS.srcs/sources_1/new/direction_mux.v:23]
INFO: [Synth 8-6155] done synthesizing module 'direction_mux' (2#1) [C:/Users/cyber/Desktop/Kashfy-EE2026-Vivado/MODS/MODS.srcs/sources_1/new/direction_mux.v:23]
INFO: [Synth 8-6157] synthesizing module 'animate' [C:/Users/cyber/Desktop/Kashfy-EE2026-Vivado/MODS/MODS.srcs/sources_1/new/animate.v:23]
WARNING: [Synth 8-311] ignoring non-constant assignment in initial block [C:/Users/cyber/Desktop/Kashfy-EE2026-Vivado/MODS/MODS.srcs/sources_1/new/animate.v:42]
WARNING: [Synth 8-311] ignoring non-constant assignment in initial block [C:/Users/cyber/Desktop/Kashfy-EE2026-Vivado/MODS/MODS.srcs/sources_1/new/animate.v:43]
WARNING: [Synth 8-6014] Unused sequential element x_increment_reg was removed.  [C:/Users/cyber/Desktop/Kashfy-EE2026-Vivado/MODS/MODS.srcs/sources_1/new/animate.v:69]
INFO: [Synth 8-6155] done synthesizing module 'animate' (3#1) [C:/Users/cyber/Desktop/Kashfy-EE2026-Vivado/MODS/MODS.srcs/sources_1/new/animate.v:23]
WARNING: [Synth 8-689] width (4) of port connection 'sq_width' does not match port width (7) of module 'animate' [C:/Users/cyber/Desktop/Kashfy-EE2026-Vivado/MODS/MODS.srcs/sources_1/new/Top_Student.v:76]
WARNING: [Synth 8-689] width (4) of port connection 'sq_height' does not match port width (7) of module 'animate' [C:/Users/cyber/Desktop/Kashfy-EE2026-Vivado/MODS/MODS.srcs/sources_1/new/Top_Student.v:76]
WARNING: [Synth 8-689] width (1) of port connection 'reset' does not match port width (7) of module 'animate' [C:/Users/cyber/Desktop/Kashfy-EE2026-Vivado/MODS/MODS.srcs/sources_1/new/Top_Student.v:79]
WARNING: [Synth 8-350] instance 'animate_hero' of module 'animate' requires 29 connections, but only 21 given [C:/Users/cyber/Desktop/Kashfy-EE2026-Vivado/MODS/MODS.srcs/sources_1/new/Top_Student.v:75]
INFO: [Synth 8-6157] synthesizing module 'hero_damage' [C:/Users/cyber/Desktop/Kashfy-EE2026-Vivado/MODS/MODS.srcs/sources_1/new/hero_damage.v:23]
INFO: [Synth 8-6155] done synthesizing module 'hero_damage' (4#1) [C:/Users/cyber/Desktop/Kashfy-EE2026-Vivado/MODS/MODS.srcs/sources_1/new/hero_damage.v:23]
INFO: [Synth 8-6157] synthesizing module 'touch_muff' [C:/Users/cyber/Desktop/Kashfy-EE2026-Vivado/MODS/MODS.srcs/sources_1/new/touch_muff.v:23]
WARNING: [Synth 8-311] ignoring non-constant assignment in initial block [C:/Users/cyber/Desktop/Kashfy-EE2026-Vivado/MODS/MODS.srcs/sources_1/new/touch_muff.v:36]
WARNING: [Synth 8-6014] Unused sequential element muff_count_reg was removed.  [C:/Users/cyber/Desktop/Kashfy-EE2026-Vivado/MODS/MODS.srcs/sources_1/new/touch_muff.v:42]
INFO: [Synth 8-6155] done synthesizing module 'touch_muff' (5#1) [C:/Users/cyber/Desktop/Kashfy-EE2026-Vivado/MODS/MODS.srcs/sources_1/new/touch_muff.v:23]
INFO: [Synth 8-6157] synthesizing module 'projectile_animate' [C:/Users/cyber/Desktop/Kashfy-EE2026-Vivado/MODS/MODS.srcs/sources_1/new/projectile_animate.v:23]
INFO: [Synth 8-6157] synthesizing module 'laser_shot' [C:/Users/cyber/Desktop/Kashfy-EE2026-Vivado/MODS/MODS.srcs/sources_1/new/projectile_animate.v:144]
WARNING: [Synth 8-311] ignoring non-constant assignment in initial block [C:/Users/cyber/Desktop/Kashfy-EE2026-Vivado/MODS/MODS.srcs/sources_1/new/projectile_animate.v:171]
WARNING: [Synth 8-6014] Unused sequential element y_increment_reg was removed.  [C:/Users/cyber/Desktop/Kashfy-EE2026-Vivado/MODS/MODS.srcs/sources_1/new/projectile_animate.v:185]
WARNING: [Synth 8-3848] Net proj_hit_enemy in module/entity laser_shot does not have driver. [C:/Users/cyber/Desktop/Kashfy-EE2026-Vivado/MODS/MODS.srcs/sources_1/new/projectile_animate.v:152]
INFO: [Synth 8-6155] done synthesizing module 'laser_shot' (6#1) [C:/Users/cyber/Desktop/Kashfy-EE2026-Vivado/MODS/MODS.srcs/sources_1/new/projectile_animate.v:144]
WARNING: [Synth 8-689] width (7) of port connection 'proj_move' does not match port width (1) of module 'laser_shot' [C:/Users/cyber/Desktop/Kashfy-EE2026-Vivado/MODS/MODS.srcs/sources_1/new/projectile_animate.v:49]
WARNING: [Synth 8-689] width (7) of port connection 'proj_hit_enemy' does not match port width (1) of module 'laser_shot' [C:/Users/cyber/Desktop/Kashfy-EE2026-Vivado/MODS/MODS.srcs/sources_1/new/projectile_animate.v:49]
WARNING: [Synth 8-350] instance 'nolabel_line44' of module 'laser_shot' requires 25 connections, but only 24 given [C:/Users/cyber/Desktop/Kashfy-EE2026-Vivado/MODS/MODS.srcs/sources_1/new/projectile_animate.v:44]
INFO: [Synth 8-6155] done synthesizing module 'projectile_animate' (7#1) [C:/Users/cyber/Desktop/Kashfy-EE2026-Vivado/MODS/MODS.srcs/sources_1/new/projectile_animate.v:23]
WARNING: [Synth 8-689] width (4) of port connection 'sq_width' does not match port width (7) of module 'projectile_animate' [C:/Users/cyber/Desktop/Kashfy-EE2026-Vivado/MODS/MODS.srcs/sources_1/new/Top_Student.v:94]
WARNING: [Synth 8-689] width (4) of port connection 'sq_height' does not match port width (7) of module 'projectile_animate' [C:/Users/cyber/Desktop/Kashfy-EE2026-Vivado/MODS/MODS.srcs/sources_1/new/Top_Student.v:94]
WARNING: [Synth 8-689] width (1) of port connection 'reset' does not match port width (7) of module 'projectile_animate' [C:/Users/cyber/Desktop/Kashfy-EE2026-Vivado/MODS/MODS.srcs/sources_1/new/Top_Student.v:97]
WARNING: [Synth 8-689] width (1) of port connection 'proj_move' does not match port width (7) of module 'projectile_animate' [C:/Users/cyber/Desktop/Kashfy-EE2026-Vivado/MODS/MODS.srcs/sources_1/new/Top_Student.v:98]
WARNING: [Synth 8-689] width (1) of port connection 'proj_hit_enemy' does not match port width (7) of module 'projectile_animate' [C:/Users/cyber/Desktop/Kashfy-EE2026-Vivado/MODS/MODS.srcs/sources_1/new/Top_Student.v:98]
INFO: [Synth 8-6157] synthesizing module 'enimate' [C:/Users/cyber/Desktop/Kashfy-EE2026-Vivado/MODS/MODS.srcs/sources_1/new/enimate.v:23]
WARNING: [Synth 8-6014] Unused sequential element x_increment_reg was removed.  [C:/Users/cyber/Desktop/Kashfy-EE2026-Vivado/MODS/MODS.srcs/sources_1/new/enimate.v:66]
WARNING: [Synth 8-6014] Unused sequential element y_increment_reg was removed.  [C:/Users/cyber/Desktop/Kashfy-EE2026-Vivado/MODS/MODS.srcs/sources_1/new/enimate.v:67]
INFO: [Synth 8-6155] done synthesizing module 'enimate' (8#1) [C:/Users/cyber/Desktop/Kashfy-EE2026-Vivado/MODS/MODS.srcs/sources_1/new/enimate.v:23]
WARNING: [Synth 8-689] width (4) of port connection 'sq_width' does not match port width (7) of module 'enimate' [C:/Users/cyber/Desktop/Kashfy-EE2026-Vivado/MODS/MODS.srcs/sources_1/new/Top_Student.v:103]
WARNING: [Synth 8-689] width (4) of port connection 'sq_height' does not match port width (7) of module 'enimate' [C:/Users/cyber/Desktop/Kashfy-EE2026-Vivado/MODS/MODS.srcs/sources_1/new/Top_Student.v:103]
WARNING: [Synth 8-689] width (1) of port connection 'reset' does not match port width (7) of module 'enimate' [C:/Users/cyber/Desktop/Kashfy-EE2026-Vivado/MODS/MODS.srcs/sources_1/new/Top_Student.v:107]
WARNING: [Synth 8-350] instance 'animate_enemy' of module 'enimate' requires 28 connections, but only 24 given [C:/Users/cyber/Desktop/Kashfy-EE2026-Vivado/MODS/MODS.srcs/sources_1/new/Top_Student.v:102]
INFO: [Synth 8-6157] synthesizing module 'muffinimate' [C:/Users/cyber/Desktop/Kashfy-EE2026-Vivado/MODS/MODS.srcs/sources_1/new/muffinimate.v:23]
WARNING: [Synth 8-311] ignoring non-constant assignment in initial block [C:/Users/cyber/Desktop/Kashfy-EE2026-Vivado/MODS/MODS.srcs/sources_1/new/muffinimate.v:41]
WARNING: [Synth 8-311] ignoring non-constant assignment in initial block [C:/Users/cyber/Desktop/Kashfy-EE2026-Vivado/MODS/MODS.srcs/sources_1/new/muffinimate.v:42]
WARNING: [Synth 8-6014] Unused sequential element x_increment_reg was removed.  [C:/Users/cyber/Desktop/Kashfy-EE2026-Vivado/MODS/MODS.srcs/sources_1/new/muffinimate.v:64]
INFO: [Synth 8-6155] done synthesizing module 'muffinimate' (9#1) [C:/Users/cyber/Desktop/Kashfy-EE2026-Vivado/MODS/MODS.srcs/sources_1/new/muffinimate.v:23]
WARNING: [Synth 8-689] width (4) of port connection 'sq_width' does not match port width (7) of module 'muffinimate' [C:/Users/cyber/Desktop/Kashfy-EE2026-Vivado/MODS/MODS.srcs/sources_1/new/Top_Student.v:112]
WARNING: [Synth 8-689] width (4) of port connection 'sq_height' does not match port width (7) of module 'muffinimate' [C:/Users/cyber/Desktop/Kashfy-EE2026-Vivado/MODS/MODS.srcs/sources_1/new/Top_Student.v:112]
WARNING: [Synth 8-689] width (1) of port connection 'reset' does not match port width (7) of module 'muffinimate' [C:/Users/cyber/Desktop/Kashfy-EE2026-Vivado/MODS/MODS.srcs/sources_1/new/Top_Student.v:116]
WARNING: [Synth 8-350] instance 'animate_muffin' of module 'muffinimate' requires 28 connections, but only 24 given [C:/Users/cyber/Desktop/Kashfy-EE2026-Vivado/MODS/MODS.srcs/sources_1/new/Top_Student.v:111]
INFO: [Synth 8-6157] synthesizing module 'make_square' [C:/Users/cyber/Desktop/Kashfy-EE2026-Vivado/MODS/MODS.srcs/sources_1/new/make_square.v:23]
INFO: [Synth 8-6157] synthesizing module 'sprite_1' [C:/Users/cyber/Desktop/Kashfy-EE2026-Vivado/MODS/MODS.srcs/sources_1/new/make_square.v:83]
WARNING: [Synth 8-85] always block has no event control specified [C:/Users/cyber/Desktop/Kashfy-EE2026-Vivado/MODS/MODS.srcs/sources_1/new/make_square.v:92]
INFO: [Synth 8-6155] done synthesizing module 'sprite_1' (10#1) [C:/Users/cyber/Desktop/Kashfy-EE2026-Vivado/MODS/MODS.srcs/sources_1/new/make_square.v:83]
INFO: [Synth 8-6157] synthesizing module 'sprite_2' [C:/Users/cyber/Desktop/Kashfy-EE2026-Vivado/MODS/MODS.srcs/sources_1/new/make_square.v:104]
WARNING: [Synth 8-85] always block has no event control specified [C:/Users/cyber/Desktop/Kashfy-EE2026-Vivado/MODS/MODS.srcs/sources_1/new/make_square.v:113]
INFO: [Synth 8-6155] done synthesizing module 'sprite_2' (11#1) [C:/Users/cyber/Desktop/Kashfy-EE2026-Vivado/MODS/MODS.srcs/sources_1/new/make_square.v:104]
INFO: [Synth 8-6157] synthesizing module 'sprite_3' [C:/Users/cyber/Desktop/Kashfy-EE2026-Vivado/MODS/MODS.srcs/sources_1/new/make_square.v:125]
WARNING: [Synth 8-85] always block has no event control specified [C:/Users/cyber/Desktop/Kashfy-EE2026-Vivado/MODS/MODS.srcs/sources_1/new/make_square.v:155]
INFO: [Synth 8-6155] done synthesizing module 'sprite_3' (12#1) [C:/Users/cyber/Desktop/Kashfy-EE2026-Vivado/MODS/MODS.srcs/sources_1/new/make_square.v:125]
INFO: [Synth 8-6155] done synthesizing module 'make_square' (13#1) [C:/Users/cyber/Desktop/Kashfy-EE2026-Vivado/MODS/MODS.srcs/sources_1/new/make_square.v:23]
WARNING: [Synth 8-689] width (1) of port connection 'proj_move' does not match port width (3) of module 'make_square' [C:/Users/cyber/Desktop/Kashfy-EE2026-Vivado/MODS/MODS.srcs/sources_1/new/Top_Student.v:121]
INFO: [Synth 8-6157] synthesizing module 'Oled_Display' [C:/Users/cyber/Desktop/Kashfy-EE2026-Vivado/MODS/MODS.srcs/sources_1/imports/Desktop/Oled_Display.v:36]
	Parameter Width bound to: 96 - type: integer 
	Parameter Height bound to: 64 - type: integer 
	Parameter PixelCount bound to: 6144 - type: integer 
	Parameter PixelCountWidth bound to: 13 - type: integer 
	Parameter ClkFreq bound to: 6250000 - type: integer 
	Parameter FrameFreq bound to: 60 - type: integer 
	Parameter FrameDiv bound to: 104166 - type: integer 
	Parameter FrameDivWidth bound to: 17 - type: integer 
	Parameter PowerDelay bound to: 20 - type: integer 
	Parameter ResetDelay bound to: 3 - type: integer 
	Parameter VccEnDelay bound to: 20 - type: integer 
	Parameter StartupCompleteDelay bound to: 100 - type: integer 
	Parameter MaxDelay bound to: 100 - type: integer 
	Parameter MaxDelayCount bound to: 625000 - type: integer 
	Parameter StateCount bound to: 32 - type: integer 
	Parameter StateWidth bound to: 5 - type: integer 
	Parameter PowerUp bound to: 5'b00000 
	Parameter Reset bound to: 5'b00001 
	Parameter ReleaseReset bound to: 5'b00011 
	Parameter EnableDriver bound to: 5'b00010 
	Parameter DisplayOff bound to: 5'b00110 
	Parameter SetRemapDisplayFormat bound to: 5'b00111 
	Parameter SetStartLine bound to: 5'b00101 
	Parameter SetOffset bound to: 5'b00100 
	Parameter SetNormalDisplay bound to: 5'b01100 
	Parameter SetMultiplexRatio bound to: 5'b01101 
	Parameter SetMasterConfiguration bound to: 5'b01111 
	Parameter DisablePowerSave bound to: 5'b01110 
	Parameter SetPhaseAdjust bound to: 5'b01010 
	Parameter SetDisplayClock bound to: 5'b01011 
	Parameter SetSecondPrechargeA bound to: 5'b01001 
	Parameter SetSecondPrechargeB bound to: 5'b01000 
	Parameter SetSecondPrechargeC bound to: 5'b11000 
	Parameter SetPrechargeLevel bound to: 5'b11001 
	Parameter SetVCOMH bound to: 5'b11011 
	Parameter SetMasterCurrent bound to: 5'b11010 
	Parameter SetContrastA bound to: 5'b11110 
	Parameter SetContrastB bound to: 5'b11111 
	Parameter SetContrastC bound to: 5'b11101 
	Parameter DisableScrolling bound to: 5'b11100 
	Parameter ClearScreen bound to: 5'b10100 
	Parameter VccEn bound to: 5'b10101 
	Parameter DisplayOn bound to: 5'b10111 
	Parameter PrepareNextFrame bound to: 5'b10110 
	Parameter SetColAddress bound to: 5'b10010 
	Parameter SetRowAddress bound to: 5'b10011 
	Parameter WaitNextFrame bound to: 5'b10001 
	Parameter SendPixel bound to: 5'b10000 
	Parameter SpiCommandMaxWidth bound to: 40 - type: integer 
	Parameter SpiCommandBitCountWidth bound to: 6 - type: integer 
INFO: [Synth 8-226] default block is never used [C:/Users/cyber/Desktop/Kashfy-EE2026-Vivado/MODS/MODS.srcs/sources_1/imports/Desktop/Oled_Display.v:123]
INFO: [Synth 8-226] default block is never used [C:/Users/cyber/Desktop/Kashfy-EE2026-Vivado/MODS/MODS.srcs/sources_1/imports/Desktop/Oled_Display.v:198]
WARNING: [Synth 8-693] zero replication count - replication ignored [C:/Users/cyber/Desktop/Kashfy-EE2026-Vivado/MODS/MODS.srcs/sources_1/imports/Desktop/Oled_Display.v:346]
INFO: [Synth 8-6155] done synthesizing module 'Oled_Display' (14#1) [C:/Users/cyber/Desktop/Kashfy-EE2026-Vivado/MODS/MODS.srcs/sources_1/imports/Desktop/Oled_Display.v:36]
INFO: [Synth 8-6155] done synthesizing module 'Top_Student' (15#1) [C:/Users/cyber/Desktop/Kashfy-EE2026-Vivado/MODS/MODS.srcs/sources_1/new/Top_Student.v:14]
WARNING: [Synth 8-3331] design sprite_3 has unconnected port y_oled[6]
WARNING: [Synth 8-3331] design sprite_3 has unconnected port y_oled[5]
WARNING: [Synth 8-3331] design sprite_3 has unconnected port y_oled[4]
WARNING: [Synth 8-3331] design sprite_3 has unconnected port y_oled[3]
WARNING: [Synth 8-3331] design sprite_3 has unconnected port y_oled[2]
WARNING: [Synth 8-3331] design sprite_3 has unconnected port y_oled[1]
WARNING: [Synth 8-3331] design sprite_3 has unconnected port y_oled[0]
WARNING: [Synth 8-3331] design sprite_3 has unconnected port y_ref[6]
WARNING: [Synth 8-3331] design sprite_3 has unconnected port y_ref[5]
WARNING: [Synth 8-3331] design sprite_3 has unconnected port y_ref[4]
WARNING: [Synth 8-3331] design sprite_3 has unconnected port y_ref[3]
WARNING: [Synth 8-3331] design sprite_3 has unconnected port y_ref[2]
WARNING: [Synth 8-3331] design sprite_3 has unconnected port y_ref[1]
WARNING: [Synth 8-3331] design sprite_3 has unconnected port y_ref[0]
WARNING: [Synth 8-3331] design sprite_3 has unconnected port sprite_height[6]
WARNING: [Synth 8-3331] design sprite_3 has unconnected port sprite_height[5]
WARNING: [Synth 8-3331] design sprite_3 has unconnected port sprite_height[4]
WARNING: [Synth 8-3331] design sprite_3 has unconnected port sprite_height[3]
WARNING: [Synth 8-3331] design sprite_3 has unconnected port sprite_height[2]
WARNING: [Synth 8-3331] design sprite_3 has unconnected port sprite_height[1]
WARNING: [Synth 8-3331] design sprite_3 has unconnected port sprite_height[0]
WARNING: [Synth 8-3331] design sprite_2 has unconnected port y_oled[6]
WARNING: [Synth 8-3331] design sprite_2 has unconnected port y_oled[5]
WARNING: [Synth 8-3331] design sprite_2 has unconnected port y_oled[4]
WARNING: [Synth 8-3331] design sprite_2 has unconnected port y_oled[3]
WARNING: [Synth 8-3331] design sprite_2 has unconnected port y_oled[2]
WARNING: [Synth 8-3331] design sprite_2 has unconnected port y_oled[1]
WARNING: [Synth 8-3331] design sprite_2 has unconnected port y_oled[0]
WARNING: [Synth 8-3331] design sprite_2 has unconnected port y_ref[6]
WARNING: [Synth 8-3331] design sprite_2 has unconnected port y_ref[5]
WARNING: [Synth 8-3331] design sprite_2 has unconnected port y_ref[4]
WARNING: [Synth 8-3331] design sprite_2 has unconnected port y_ref[3]
WARNING: [Synth 8-3331] design sprite_2 has unconnected port y_ref[2]
WARNING: [Synth 8-3331] design sprite_2 has unconnected port y_ref[1]
WARNING: [Synth 8-3331] design sprite_2 has unconnected port y_ref[0]
WARNING: [Synth 8-3331] design sprite_2 has unconnected port sprite_height[6]
WARNING: [Synth 8-3331] design sprite_2 has unconnected port sprite_height[5]
WARNING: [Synth 8-3331] design sprite_2 has unconnected port sprite_height[4]
WARNING: [Synth 8-3331] design sprite_2 has unconnected port sprite_height[3]
WARNING: [Synth 8-3331] design sprite_2 has unconnected port sprite_height[2]
WARNING: [Synth 8-3331] design sprite_2 has unconnected port sprite_height[1]
WARNING: [Synth 8-3331] design sprite_2 has unconnected port sprite_height[0]
WARNING: [Synth 8-3331] design sprite_1 has unconnected port x_oled[6]
WARNING: [Synth 8-3331] design sprite_1 has unconnected port x_oled[5]
WARNING: [Synth 8-3331] design sprite_1 has unconnected port x_oled[4]
WARNING: [Synth 8-3331] design sprite_1 has unconnected port x_oled[3]
WARNING: [Synth 8-3331] design sprite_1 has unconnected port x_oled[2]
WARNING: [Synth 8-3331] design sprite_1 has unconnected port x_oled[1]
WARNING: [Synth 8-3331] design sprite_1 has unconnected port x_oled[0]
WARNING: [Synth 8-3331] design sprite_1 has unconnected port x_ref[6]
WARNING: [Synth 8-3331] design sprite_1 has unconnected port x_ref[5]
WARNING: [Synth 8-3331] design sprite_1 has unconnected port x_ref[4]
WARNING: [Synth 8-3331] design sprite_1 has unconnected port x_ref[3]
WARNING: [Synth 8-3331] design sprite_1 has unconnected port x_ref[2]
WARNING: [Synth 8-3331] design sprite_1 has unconnected port x_ref[1]
WARNING: [Synth 8-3331] design sprite_1 has unconnected port x_ref[0]
WARNING: [Synth 8-3331] design sprite_1 has unconnected port sprite_width[6]
WARNING: [Synth 8-3331] design sprite_1 has unconnected port sprite_width[5]
WARNING: [Synth 8-3331] design sprite_1 has unconnected port sprite_width[4]
WARNING: [Synth 8-3331] design sprite_1 has unconnected port sprite_width[3]
WARNING: [Synth 8-3331] design sprite_1 has unconnected port sprite_width[2]
WARNING: [Synth 8-3331] design sprite_1 has unconnected port sprite_width[1]
WARNING: [Synth 8-3331] design sprite_1 has unconnected port sprite_width[0]
WARNING: [Synth 8-3331] design make_square has unconnected port sprite_no[3]
WARNING: [Synth 8-3331] design make_square has unconnected port sprite_no[2]
WARNING: [Synth 8-3331] design make_square has unconnected port sprite_no[1]
WARNING: [Synth 8-3331] design make_square has unconnected port sprite_no[0]
WARNING: [Synth 8-3331] design make_square has unconnected port sq_colour[15]
WARNING: [Synth 8-3331] design make_square has unconnected port sq_colour[14]
WARNING: [Synth 8-3331] design make_square has unconnected port sq_colour[13]
WARNING: [Synth 8-3331] design make_square has unconnected port sq_colour[12]
WARNING: [Synth 8-3331] design make_square has unconnected port sq_colour[11]
WARNING: [Synth 8-3331] design make_square has unconnected port sq_colour[10]
WARNING: [Synth 8-3331] design make_square has unconnected port sq_colour[9]
WARNING: [Synth 8-3331] design make_square has unconnected port sq_colour[8]
WARNING: [Synth 8-3331] design make_square has unconnected port sq_colour[7]
WARNING: [Synth 8-3331] design make_square has unconnected port sq_colour[6]
WARNING: [Synth 8-3331] design make_square has unconnected port sq_colour[5]
WARNING: [Synth 8-3331] design make_square has unconnected port sq_colour[4]
WARNING: [Synth 8-3331] design make_square has unconnected port sq_colour[3]
WARNING: [Synth 8-3331] design make_square has unconnected port sq_colour[2]
WARNING: [Synth 8-3331] design make_square has unconnected port sq_colour[1]
WARNING: [Synth 8-3331] design make_square has unconnected port sq_colour[0]
WARNING: [Synth 8-3331] design make_square has unconnected port sq_colour2[15]
WARNING: [Synth 8-3331] design make_square has unconnected port sq_colour2[14]
WARNING: [Synth 8-3331] design make_square has unconnected port sq_colour2[13]
WARNING: [Synth 8-3331] design make_square has unconnected port sq_colour2[12]
WARNING: [Synth 8-3331] design make_square has unconnected port sq_colour2[11]
WARNING: [Synth 8-3331] design make_square has unconnected port sq_colour2[10]
WARNING: [Synth 8-3331] design make_square has unconnected port sq_colour2[9]
WARNING: [Synth 8-3331] design make_square has unconnected port sq_colour2[8]
WARNING: [Synth 8-3331] design make_square has unconnected port sq_colour2[7]
WARNING: [Synth 8-3331] design make_square has unconnected port sq_colour2[6]
WARNING: [Synth 8-3331] design make_square has unconnected port sq_colour2[5]
WARNING: [Synth 8-3331] design make_square has unconnected port sq_colour2[4]
WARNING: [Synth 8-3331] design make_square has unconnected port sq_colour2[3]
WARNING: [Synth 8-3331] design make_square has unconnected port sq_colour2[2]
WARNING: [Synth 8-3331] design make_square has unconnected port sq_colour2[1]
WARNING: [Synth 8-3331] design make_square has unconnected port sq_colour2[0]
WARNING: [Synth 8-3331] design make_square has unconnected port sq_colour3[15]
INFO: [Common 17-14] Message 'Synth 8-3331' appears 100 times and further instances of the messages will be disabled. Use the Tcl command set_msg_config to change the current settings.
---------------------------------------------------------------------------------
Finished RTL Elaboration : Time (s): cpu = 00:00:02 ; elapsed = 00:00:03 . Memory (MB): peak = 414.035 ; gain = 154.164
---------------------------------------------------------------------------------

Report Check Netlist: 
+------+------------------+-------+---------+-------+------------------+
|      |Item              |Errors |Warnings |Status |Description       |
+------+------------------+-------+---------+-------+------------------+
|1     |multi_driven_nets |      0|        0|Passed |Multi driven nets |
+------+------------------+-------+---------+-------+------------------+
---------------------------------------------------------------------------------
Start Handling Custom Attributes
---------------------------------------------------------------------------------
---------------------------------------------------------------------------------
Finished Handling Custom Attributes : Time (s): cpu = 00:00:02 ; elapsed = 00:00:03 . Memory (MB): peak = 414.035 ; gain = 154.164
---------------------------------------------------------------------------------
---------------------------------------------------------------------------------
Finished RTL Optimization Phase 1 : Time (s): cpu = 00:00:02 ; elapsed = 00:00:03 . Memory (MB): peak = 414.035 ; gain = 154.164
---------------------------------------------------------------------------------
INFO: [Device 21-403] Loading part xc7a35tcpg236-1
INFO: [Project 1-570] Preparing netlist for logic optimization

Processing XDC Constraints
Initializing timing engine
Parsing XDC File [C:/Users/cyber/Desktop/Kashfy-EE2026-Vivado/MODS/MODS.srcs/constrs_1/new/konstrens.xdc]
WARNING: [Vivado 12-584] No ports matched 'PS2Clk'. [C:/Users/cyber/Desktop/Kashfy-EE2026-Vivado/MODS/MODS.srcs/constrs_1/new/konstrens.xdc:138]
CRITICAL WARNING: [Common 17-55] 'set_property' expects at least one object. [C:/Users/cyber/Desktop/Kashfy-EE2026-Vivado/MODS/MODS.srcs/constrs_1/new/konstrens.xdc:138]
Resolution: If [get_<value>] was used to populate the object, check to make sure this command returns at least one valid object.
WARNING: [Vivado 12-584] No ports matched 'PS2Data'. [C:/Users/cyber/Desktop/Kashfy-EE2026-Vivado/MODS/MODS.srcs/constrs_1/new/konstrens.xdc:139]
CRITICAL WARNING: [Common 17-55] 'set_property' expects at least one object. [C:/Users/cyber/Desktop/Kashfy-EE2026-Vivado/MODS/MODS.srcs/constrs_1/new/konstrens.xdc:139]
Resolution: If [get_<value>] was used to populate the object, check to make sure this command returns at least one valid object.
Finished Parsing XDC File [C:/Users/cyber/Desktop/Kashfy-EE2026-Vivado/MODS/MODS.srcs/constrs_1/new/konstrens.xdc]
INFO: [Project 1-236] Implementation specific constraints were found while reading constraint file [C:/Users/cyber/Desktop/Kashfy-EE2026-Vivado/MODS/MODS.srcs/constrs_1/new/konstrens.xdc]. These constraints will be ignored for synthesis but will be used in implementation. Impacted constraints are listed in the file [.Xil/Top_Student_propImpl.xdc].
Resolution: To avoid this warning, move constraints listed in [.Xil/Top_Student_propImpl.xdc] to another XDC file and exclude this new file from synthesis with the used_in_synthesis property (File Properties dialog in GUI) and re-run elaboration/synthesis.
Completed Processing XDC Constraints

INFO: [Project 1-111] Unisim Transformation Summary:
No Unisim elements were transformed.

Constraint Validation Runtime : Time (s): cpu = 00:00:00 ; elapsed = 00:00:00.005 . Memory (MB): peak = 763.855 ; gain = 0.000
---------------------------------------------------------------------------------
Finished Constraint Validation : Time (s): cpu = 00:00:06 ; elapsed = 00:00:12 . Memory (MB): peak = 763.855 ; gain = 503.984
---------------------------------------------------------------------------------
---------------------------------------------------------------------------------
Start Loading Part and Timing Information
---------------------------------------------------------------------------------
Loading part: xc7a35tcpg236-1
---------------------------------------------------------------------------------
Finished Loading Part and Timing Information : Time (s): cpu = 00:00:06 ; elapsed = 00:00:12 . Memory (MB): peak = 763.855 ; gain = 503.984
---------------------------------------------------------------------------------
---------------------------------------------------------------------------------
Start Applying 'set_property' XDC Constraints
---------------------------------------------------------------------------------
---------------------------------------------------------------------------------
Finished applying 'set_property' XDC Constraints : Time (s): cpu = 00:00:06 ; elapsed = 00:00:12 . Memory (MB): peak = 763.855 ; gain = 503.984
---------------------------------------------------------------------------------
INFO: [Synth 8-5545] ROM "slow_clk0" won't be mapped to RAM because address size (32) is larger than maximum supported(25)
INFO: [Synth 8-5546] ROM "is_y_stat0" won't be mapped to RAM because it is too sparse
INFO: [Synth 8-5546] ROM "is_y_stat0" won't be mapped to RAM because it is too sparse
INFO: [Synth 8-5544] ROM "sprite_no" won't be mapped to Block RAM because address size (1) smaller than threshold (5)
INFO: [Synth 8-5546] ROM "proj_move" won't be mapped to RAM because it is too sparse
INFO: [Synth 8-5546] ROM "proj_move" won't be mapped to RAM because it is too sparse
INFO: [Synth 8-5546] ROM "is_y_stat0" won't be mapped to RAM because it is too sparse
INFO: [Synth 8-5546] ROM "is_y_stat0" won't be mapped to RAM because it is too sparse
INFO: [Synth 8-5546] ROM "stop_falling" won't be mapped to RAM because it is too sparse
INFO: [Synth 8-5546] ROM "stop_falling" won't be mapped to RAM because it is too sparse
INFO: [Synth 8-802] inferred FSM for state register 'state_reg' in module 'Oled_Display'
INFO: [Synth 8-5546] ROM "fsm_next_state0" won't be mapped to RAM because it is too sparse
INFO: [Synth 8-5544] ROM "fsm_next_state0" won't be mapped to Block RAM because address size (1) smaller than threshold (5)
INFO: [Synth 8-5546] ROM "fsm_next_state0" won't be mapped to RAM because it is too sparse
---------------------------------------------------------------------------------------------------
                   State |                     New Encoding |                Previous Encoding 
---------------------------------------------------------------------------------------------------
                 PowerUp | 00000000100000000000000000000000 |                            00000
                   Reset | 00000000000100000000000000000000 |                            00001
            ReleaseReset | 00000000000000000000100000000000 |                            00011
            EnableDriver | 00000000000000000001000000000000 |                            00010
              DisplayOff | 00000000000000000100000000000000 |                            00110
   SetRemapDisplayFormat | 00000100000000000000000000000000 |                            00111
            SetStartLine | 00001000000000000000000000000000 |                            00101
               SetOffset | 10000000000000000000000000000000 |                            00100
        SetNormalDisplay | 00000000000000000000000010000000 |                            01100
       SetMultiplexRatio | 00000000000000000000000000100000 |                            01101
  SetMasterConfiguration | 00000000000000000000000001000000 |                            01111
        DisablePowerSave | 00000000000000000000000000000100 |                            01110
          SetPhaseAdjust | 00000000000000000000000000001000 |                            01010
         SetDisplayClock | 00000000001000000000000000000000 |                            01011
     SetSecondPrechargeA | 00000000010000000000000000000000 |                            01001
     SetSecondPrechargeB | 01000000000000000000000000000000 |                            01000
     SetSecondPrechargeC | 00000010000000000000000000000000 |                            11000
       SetPrechargeLevel | 00000001000000000000000000000000 |                            11001
                SetVCOMH | 00000000000000010000000000000000 |                            11011
        SetMasterCurrent | 00000000000000100000000000000000 |                            11010
            SetContrastA | 00000000000001000000000000000000 |                            11110
            SetContrastB | 00100000000000000000000000000000 |                            11111
            SetContrastC | 00000000000000000000000000000001 |                            11101
        DisableScrolling | 00000000000000000000000000000010 |                            11100
             ClearScreen | 00000000000000000000000000010000 |                            10100
                   VccEn | 00010000000000000000000000000000 |                            10101
               DisplayOn | 00000000000010000000000000000000 |                            10111
        PrepareNextFrame | 00000000000000001000000000000000 |                            10110
           SetColAddress | 00000000000000000000010000000000 |                            10010
           SetRowAddress | 00000000000000000000000100000000 |                            10011
           WaitNextFrame | 00000000000000000000001000000000 |                            10001
               SendPixel | 00000000000000000010000000000000 |                            10000
---------------------------------------------------------------------------------------------------
INFO: [Synth 8-3354] encoded FSM with state register 'state_reg' using encoding 'one-hot' in module 'Oled_Display'
---------------------------------------------------------------------------------
Finished RTL Optimization Phase 2 : Time (s): cpu = 00:00:07 ; elapsed = 00:00:13 . Memory (MB): peak = 763.855 ; gain = 503.984
---------------------------------------------------------------------------------
INFO: [Synth 8-223] decloning instance 'clk_6p25MHz' (flexy_clock) to 'clk_25MHz'

Report RTL Partitions: 
+-+--------------+------------+----------+
| |RTL Partition |Replication |Instances |
+-+--------------+------------+----------+
+-+--------------+------------+----------+
---------------------------------------------------------------------------------
Start RTL Component Statistics 
---------------------------------------------------------------------------------
Detailed RTL Component Info : 
+---Adders : 
	   4 Input     33 Bit       Adders := 3     
	   2 Input     32 Bit       Adders := 11    
	   3 Input     32 Bit       Adders := 8     
	   2 Input     17 Bit       Adders := 1     
	   2 Input      9 Bit       Adders := 5     
	   3 Input      9 Bit       Adders := 1     
	   4 Input      9 Bit       Adders := 1     
	   2 Input      8 Bit       Adders := 11    
	   3 Input      8 Bit       Adders := 19    
	   2 Input      7 Bit       Adders := 61    
	   3 Input      7 Bit       Adders := 1     
	   2 Input      6 Bit       Adders := 1     
	   2 Input      3 Bit       Adders := 1     
+---Registers : 
	               40 Bit    Registers := 1     
	               32 Bit    Registers := 8     
	               17 Bit    Registers := 1     
	               16 Bit    Registers := 4     
	                7 Bit    Registers := 14    
	                6 Bit    Registers := 1     
	                3 Bit    Registers := 3     
	                2 Bit    Registers := 1     
	                1 Bit    Registers := 15    
+---Muxes : 
	   2 Input     40 Bit        Muxes := 3     
	   2 Input     32 Bit        Muxes := 22    
	   3 Input     32 Bit        Muxes := 1     
	  32 Input     32 Bit        Muxes := 1     
	  32 Input     20 Bit        Muxes := 1     
	   2 Input     17 Bit        Muxes := 1     
	   2 Input     16 Bit        Muxes := 11    
	   3 Input     16 Bit        Muxes := 1     
	   2 Input     11 Bit        Muxes := 2     
	   2 Input      7 Bit        Muxes := 74    
	  10 Input      7 Bit        Muxes := 2     
	   6 Input      7 Bit        Muxes := 1     
	   3 Input      7 Bit        Muxes := 3     
	   7 Input      7 Bit        Muxes := 1     
	  32 Input      6 Bit        Muxes := 1     
	   2 Input      6 Bit        Muxes := 1     
	   2 Input      5 Bit        Muxes := 2     
	  32 Input      5 Bit        Muxes := 1     
	   2 Input      3 Bit        Muxes := 4     
	   2 Input      2 Bit        Muxes := 4     
	   3 Input      2 Bit        Muxes := 5     
	   2 Input      1 Bit        Muxes := 12    
	   3 Input      1 Bit        Muxes := 1     
	   5 Input      1 Bit        Muxes := 1     
---------------------------------------------------------------------------------
Finished RTL Component Statistics 
---------------------------------------------------------------------------------
---------------------------------------------------------------------------------
Start RTL Hierarchical Component Statistics 
---------------------------------------------------------------------------------
Hierarchical RTL Component report 
Module flexy_clock 
Detailed RTL Component Info : 
+---Registers : 
	                1 Bit    Registers := 1     
+---Muxes : 
	   2 Input      1 Bit        Muxes := 1     
Module direction_mux 
Detailed RTL Component Info : 
+---Registers : 
	                7 Bit    Registers := 2     
+---Muxes : 
	   2 Input      7 Bit        Muxes := 3     
Module animate 
Detailed RTL Component Info : 
+---Adders : 
	   4 Input     33 Bit       Adders := 1     
	   2 Input     32 Bit       Adders := 4     
	   3 Input     32 Bit       Adders := 3     
	   2 Input      9 Bit       Adders := 2     
	   2 Input      8 Bit       Adders := 3     
	   2 Input      7 Bit       Adders := 11    
+---Registers : 
	               32 Bit    Registers := 3     
	               16 Bit    Registers := 1     
	                7 Bit    Registers := 3     
	                2 Bit    Registers := 1     
	                1 Bit    Registers := 2     
+---Muxes : 
	   2 Input     32 Bit        Muxes := 13    
	   2 Input      7 Bit        Muxes := 10    
	  10 Input      7 Bit        Muxes := 1     
	   6 Input      7 Bit        Muxes := 1     
	   2 Input      2 Bit        Muxes := 2     
	   3 Input      2 Bit        Muxes := 1     
Module hero_damage 
Detailed RTL Component Info : 
+---Adders : 
	   2 Input     32 Bit       Adders := 1     
+---Registers : 
	               32 Bit    Registers := 1     
	                3 Bit    Registers := 1     
+---Muxes : 
	   3 Input     32 Bit        Muxes := 1     
	   2 Input     32 Bit        Muxes := 1     
	   2 Input      3 Bit        Muxes := 3     
	   3 Input      2 Bit        Muxes := 1     
Module touch_muff 
Detailed RTL Component Info : 
+---Adders : 
	   2 Input      3 Bit       Adders := 1     
+---Registers : 
	                3 Bit    Registers := 2     
+---Muxes : 
	   2 Input      3 Bit        Muxes := 1     
Module laser_shot 
Detailed RTL Component Info : 
+---Adders : 
	   3 Input     32 Bit       Adders := 1     
	   3 Input      9 Bit       Adders := 1     
	   3 Input      8 Bit       Adders := 2     
	   2 Input      7 Bit       Adders := 11    
	   3 Input      7 Bit       Adders := 1     
+---Registers : 
	                7 Bit    Registers := 4     
	                1 Bit    Registers := 1     
+---Muxes : 
	   2 Input      7 Bit        Muxes := 33    
	   3 Input      7 Bit        Muxes := 3     
	   3 Input      2 Bit        Muxes := 3     
	   2 Input      1 Bit        Muxes := 3     
Module enimate 
Detailed RTL Component Info : 
+---Adders : 
	   4 Input     33 Bit       Adders := 1     
	   2 Input     32 Bit       Adders := 4     
	   3 Input     32 Bit       Adders := 3     
	   2 Input      9 Bit       Adders := 2     
	   2 Input      8 Bit       Adders := 3     
	   3 Input      8 Bit       Adders := 2     
	   2 Input      7 Bit       Adders := 16    
+---Registers : 
	               32 Bit    Registers := 3     
	               16 Bit    Registers := 1     
	                7 Bit    Registers := 2     
	                1 Bit    Registers := 2     
+---Muxes : 
	   2 Input     32 Bit        Muxes := 5     
	   2 Input      7 Bit        Muxes := 4     
	  10 Input      7 Bit        Muxes := 1     
	   7 Input      7 Bit        Muxes := 1     
	   2 Input      2 Bit        Muxes := 2     
Module muffinimate 
Detailed RTL Component Info : 
+---Adders : 
	   4 Input     33 Bit       Adders := 1     
	   2 Input     32 Bit       Adders := 2     
	   3 Input     32 Bit       Adders := 1     
	   2 Input      9 Bit       Adders := 1     
	   2 Input      8 Bit       Adders := 2     
	   3 Input      8 Bit       Adders := 3     
	   2 Input      7 Bit       Adders := 11    
+---Registers : 
	               32 Bit    Registers := 1     
	               16 Bit    Registers := 1     
	                7 Bit    Registers := 3     
	                1 Bit    Registers := 3     
+---Muxes : 
	   2 Input     32 Bit        Muxes := 1     
	   2 Input      7 Bit        Muxes := 24    
	   3 Input      1 Bit        Muxes := 1     
Module sprite_1 
Detailed RTL Component Info : 
+---Adders : 
	   4 Input      9 Bit       Adders := 1     
	   2 Input      8 Bit       Adders := 1     
+---Muxes : 
	   2 Input     16 Bit        Muxes := 1     
	   2 Input     11 Bit        Muxes := 1     
Module sprite_2 
Detailed RTL Component Info : 
+---Adders : 
	   2 Input      8 Bit       Adders := 1     
+---Muxes : 
	   3 Input     16 Bit        Muxes := 1     
Module sprite_3 
Detailed RTL Component Info : 
+---Adders : 
	   2 Input      8 Bit       Adders := 1     
+---Muxes : 
	   2 Input     16 Bit        Muxes := 2     
	   2 Input     11 Bit        Muxes := 1     
Module make_square 
Detailed RTL Component Info : 
+---Adders : 
	   3 Input      8 Bit       Adders := 12    
	   2 Input      7 Bit       Adders := 12    
+---Registers : 
	               16 Bit    Registers := 1     
+---Muxes : 
	   2 Input     16 Bit        Muxes := 8     
	   5 Input      1 Bit        Muxes := 1     
Module Oled_Display 
Detailed RTL Component Info : 
+---Adders : 
	   2 Input     17 Bit       Adders := 1     
	   2 Input      6 Bit       Adders := 1     
+---Registers : 
	               40 Bit    Registers := 1     
	               17 Bit    Registers := 1     
	                6 Bit    Registers := 1     
+---Muxes : 
	   2 Input     40 Bit        Muxes := 3     
	  32 Input     32 Bit        Muxes := 1     
	   2 Input     32 Bit        Muxes := 2     
	  32 Input     20 Bit        Muxes := 1     
	   2 Input     17 Bit        Muxes := 1     
	  32 Input      6 Bit        Muxes := 1     
	   2 Input      6 Bit        Muxes := 1     
	   2 Input      5 Bit        Muxes := 2     
	  32 Input      5 Bit        Muxes := 1     
	   2 Input      1 Bit        Muxes := 2     
---------------------------------------------------------------------------------
Finished RTL Hierarchical Component Statistics
---------------------------------------------------------------------------------
---------------------------------------------------------------------------------
Start Part Resource Summary
---------------------------------------------------------------------------------
Part Resources:
DSPs: 90 (col length:60)
BRAMs: 100 (col length: RAMB18 60 RAMB36 30)
---------------------------------------------------------------------------------
Finished Part Resource Summary
---------------------------------------------------------------------------------
---------------------------------------------------------------------------------
Start Cross Boundary and Area Optimization
---------------------------------------------------------------------------------
Warning: Parallel synthesis criteria is not met 
INFO: [Synth 8-5545] ROM "slow_clk0" won't be mapped to RAM because address size (32) is larger than maximum supported(25)
INFO: [Synth 8-5545] ROM "slow_clk0" won't be mapped to RAM because address size (32) is larger than maximum supported(25)
INFO: [Synth 8-5546] ROM "is_y_stat0" won't be mapped to RAM because it is too sparse
INFO: [Synth 8-5545] ROM "nolabel_line36/slow_clk0" won't be mapped to RAM because address size (32) is larger than maximum supported(25)
INFO: [Synth 8-5545] ROM "nolabel_line29/slow_clk0" won't be mapped to RAM because address size (32) is larger than maximum supported(25)
INFO: [Synth 8-5545] ROM "nolabel_line44/get_fps_clock/slow_clk0" won't be mapped to RAM because address size (32) is larger than maximum supported(25)
INFO: [Synth 8-5546] ROM "nolabel_line44/proj_move" won't be mapped to RAM because it is too sparse
INFO: [Synth 8-5545] ROM "slow_clk0" won't be mapped to RAM because address size (32) is larger than maximum supported(25)
INFO: [Synth 8-5546] ROM "is_y_stat0" won't be mapped to RAM because it is too sparse
INFO: [Synth 8-5545] ROM "get_fps_clock/slow_clk0" won't be mapped to RAM because address size (32) is larger than maximum supported(25)
INFO: [Synth 8-5546] ROM "fsm_next_state0" won't be mapped to RAM because it is too sparse
INFO: [Synth 8-5546] ROM "fsm_next_state0" won't be mapped to RAM because it is too sparse
INFO: [Synth 8-3886] merging instance 'draw_sq/oled_data_reg[0]' (FDE) to 'draw_sq/oled_data_reg[4]'
INFO: [Synth 8-3886] merging instance 'draw_sq/oled_data_reg[1]' (FDE) to 'draw_sq/oled_data_reg[4]'
INFO: [Synth 8-3886] merging instance 'draw_sq/oled_data_reg[2]' (FDE) to 'draw_sq/oled_data_reg[4]'
INFO: [Synth 8-3886] merging instance 'draw_sq/oled_data_reg[3]' (FDE) to 'draw_sq/oled_data_reg[4]'
INFO: [Synth 8-3886] merging instance 'draw_sq/oled_data_reg[5]' (FDE) to 'draw_sq/oled_data_reg[10]'
INFO: [Synth 8-3886] merging instance 'draw_sq/oled_data_reg[6]' (FDE) to 'draw_sq/oled_data_reg[10]'
INFO: [Synth 8-3886] merging instance 'draw_sq/oled_data_reg[7]' (FDE) to 'draw_sq/oled_data_reg[10]'
INFO: [Synth 8-3886] merging instance 'draw_sq/oled_data_reg[8]' (FDE) to 'draw_sq/oled_data_reg[10]'
INFO: [Synth 8-3886] merging instance 'draw_sq/oled_data_reg[9]' (FDE) to 'draw_sq/oled_data_reg[10]'
INFO: [Synth 8-3886] merging instance 'draw_sq/oled_data_reg[11]' (FDE) to 'draw_sq/oled_data_reg[15]'
INFO: [Synth 8-3886] merging instance 'draw_sq/oled_data_reg[12]' (FDE) to 'draw_sq/oled_data_reg[15]'
INFO: [Synth 8-3886] merging instance 'draw_sq/oled_data_reg[13]' (FDE) to 'draw_sq/oled_data_reg[15]'
INFO: [Synth 8-3886] merging instance 'choose_direction/y_vect_reg[1]' (FDSE) to 'choose_direction/y_vect_reg[2]'
INFO: [Synth 8-3886] merging instance 'choose_direction/y_vect_reg[2]' (FDSE) to 'choose_direction/y_vect_reg[3]'
INFO: [Synth 8-3886] merging instance 'choose_direction/y_vect_reg[3]' (FDSE) to 'choose_direction/y_vect_reg[4]'
INFO: [Synth 8-3886] merging instance 'choose_direction/y_vect_reg[4]' (FDSE) to 'choose_direction/y_vect_reg[5]'
INFO: [Synth 8-3886] merging instance 'choose_direction/y_vect_reg[5]' (FDSE) to 'choose_direction/y_vect_reg[6]'
INFO: [Synth 8-3886] merging instance 'choose_direction/x_vect_reg[6]' (FD) to 'choose_direction/x_vect_reg[1]'
INFO: [Synth 8-3886] merging instance 'choose_direction/x_vect_reg[5]' (FD) to 'choose_direction/x_vect_reg[1]'
INFO: [Synth 8-3886] merging instance 'choose_direction/x_vect_reg[4]' (FD) to 'choose_direction/x_vect_reg[1]'
INFO: [Synth 8-3886] merging instance 'choose_direction/x_vect_reg[3]' (FD) to 'choose_direction/x_vect_reg[1]'
INFO: [Synth 8-3886] merging instance 'choose_direction/x_vect_reg[2]' (FD) to 'choose_direction/x_vect_reg[1]'
INFO: [Synth 8-3886] merging instance 'draw_sq/oled_data_reg[14]' (FDE) to 'draw_sq/oled_data_reg[15]'
WARNING: [Synth 8-3332] Sequential element (center_sq_colour_reg[15]) is unused and will be removed from module animate.
WARNING: [Synth 8-3332] Sequential element (center_sq_colour_reg[14]) is unused and will be removed from module animate.
WARNING: [Synth 8-3332] Sequential element (center_sq_colour_reg[13]) is unused and will be removed from module animate.
WARNING: [Synth 8-3332] Sequential element (center_sq_colour_reg[12]) is unused and will be removed from module animate.
WARNING: [Synth 8-3332] Sequential element (center_sq_colour_reg[11]) is unused and will be removed from module animate.
WARNING: [Synth 8-3332] Sequential element (center_sq_colour_reg[10]) is unused and will be removed from module animate.
WARNING: [Synth 8-3332] Sequential element (center_sq_colour_reg[9]) is unused and will be removed from module animate.
WARNING: [Synth 8-3332] Sequential element (center_sq_colour_reg[8]) is unused and will be removed from module animate.
WARNING: [Synth 8-3332] Sequential element (center_sq_colour_reg[7]) is unused and will be removed from module animate.
WARNING: [Synth 8-3332] Sequential element (center_sq_colour_reg[6]) is unused and will be removed from module animate.
WARNING: [Synth 8-3332] Sequential element (center_sq_colour_reg[5]) is unused and will be removed from module animate.
WARNING: [Synth 8-3332] Sequential element (center_sq_colour_reg[4]) is unused and will be removed from module animate.
WARNING: [Synth 8-3332] Sequential element (center_sq_colour_reg[3]) is unused and will be removed from module animate.
WARNING: [Synth 8-3332] Sequential element (center_sq_colour_reg[2]) is unused and will be removed from module animate.
WARNING: [Synth 8-3332] Sequential element (center_sq_colour_reg[1]) is unused and will be removed from module animate.
WARNING: [Synth 8-3332] Sequential element (center_sq_colour_reg[0]) is unused and will be removed from module animate.
WARNING: [Synth 8-3332] Sequential element (sprite_no_reg[1]) is unused and will be removed from module animate.
WARNING: [Synth 8-3332] Sequential element (sprite_no_reg[0]) is unused and will be removed from module animate.
WARNING: [Synth 8-3332] Sequential element (jump_time_reg[31]) is unused and will be removed from module enimate.
WARNING: [Synth 8-3332] Sequential element (jump_time_reg[30]) is unused and will be removed from module enimate.
WARNING: [Synth 8-3332] Sequential element (jump_time_reg[29]) is unused and will be removed from module enimate.
WARNING: [Synth 8-3332] Sequential element (jump_time_reg[28]) is unused and will be removed from module enimate.
WARNING: [Synth 8-3332] Sequential element (jump_time_reg[27]) is unused and will be removed from module enimate.
WARNING: [Synth 8-3332] Sequential element (jump_time_reg[26]) is unused and will be removed from module enimate.
WARNING: [Synth 8-3332] Sequential element (jump_time_reg[25]) is unused and will be removed from module enimate.
WARNING: [Synth 8-3332] Sequential element (jump_time_reg[24]) is unused and will be removed from module enimate.
WARNING: [Synth 8-3332] Sequential element (jump_time_reg[23]) is unused and will be removed from module enimate.
WARNING: [Synth 8-3332] Sequential element (jump_time_reg[22]) is unused and will be removed from module enimate.
WARNING: [Synth 8-3332] Sequential element (jump_time_reg[21]) is unused and will be removed from module enimate.
WARNING: [Synth 8-3332] Sequential element (jump_time_reg[20]) is unused and will be removed from module enimate.
WARNING: [Synth 8-3332] Sequential element (jump_time_reg[19]) is unused and will be removed from module enimate.
WARNING: [Synth 8-3332] Sequential element (jump_time_reg[18]) is unused and will be removed from module enimate.
WARNING: [Synth 8-3332] Sequential element (jump_time_reg[17]) is unused and will be removed from module enimate.
WARNING: [Synth 8-3332] Sequential element (jump_time_reg[16]) is unused and will be removed from module enimate.
WARNING: [Synth 8-3332] Sequential element (jump_time_reg[15]) is unused and will be removed from module enimate.
WARNING: [Synth 8-3332] Sequential element (jump_time_reg[14]) is unused and will be removed from module enimate.
WARNING: [Synth 8-3332] Sequential element (jump_time_reg[13]) is unused and will be removed from module enimate.
WARNING: [Synth 8-3332] Sequential element (jump_time_reg[12]) is unused and will be removed from module enimate.
WARNING: [Synth 8-3332] Sequential element (jump_time_reg[11]) is unused and will be removed from module enimate.
WARNING: [Synth 8-3332] Sequential element (jump_time_reg[10]) is unused and will be removed from module enimate.
WARNING: [Synth 8-3332] Sequential element (jump_time_reg[9]) is unused and will be removed from module enimate.
WARNING: [Synth 8-3332] Sequential element (jump_time_reg[8]) is unused and will be removed from module enimate.
WARNING: [Synth 8-3332] Sequential element (jump_time_reg[7]) is unused and will be removed from module enimate.
WARNING: [Synth 8-3332] Sequential element (jump_time_reg[6]) is unused and will be removed from module enimate.
WARNING: [Synth 8-3332] Sequential element (jump_time_reg[5]) is unused and will be removed from module enimate.
WARNING: [Synth 8-3332] Sequential element (jump_time_reg[4]) is unused and will be removed from module enimate.
WARNING: [Synth 8-3332] Sequential element (jump_time_reg[3]) is unused and will be removed from module enimate.
WARNING: [Synth 8-3332] Sequential element (jump_time_reg[2]) is unused and will be removed from module enimate.
WARNING: [Synth 8-3332] Sequential element (jump_time_reg[1]) is unused and will be removed from module enimate.
WARNING: [Synth 8-3332] Sequential element (jump_time_reg[0]) is unused and will be removed from module enimate.
WARNING: [Synth 8-3332] Sequential element (center_sq_colour_reg[15]) is unused and will be removed from module enimate.
WARNING: [Synth 8-3332] Sequential element (center_sq_colour_reg[14]) is unused and will be removed from module enimate.
WARNING: [Synth 8-3332] Sequential element (center_sq_colour_reg[13]) is unused and will be removed from module enimate.
WARNING: [Synth 8-3332] Sequential element (center_sq_colour_reg[12]) is unused and will be removed from module enimate.
WARNING: [Synth 8-3332] Sequential element (center_sq_colour_reg[11]) is unused and will be removed from module enimate.
WARNING: [Synth 8-3332] Sequential element (center_sq_colour_reg[10]) is unused and will be removed from module enimate.
WARNING: [Synth 8-3332] Sequential element (center_sq_colour_reg[9]) is unused and will be removed from module enimate.
WARNING: [Synth 8-3332] Sequential element (center_sq_colour_reg[8]) is unused and will be removed from module enimate.
WARNING: [Synth 8-3332] Sequential element (center_sq_colour_reg[7]) is unused and will be removed from module enimate.
WARNING: [Synth 8-3332] Sequential element (center_sq_colour_reg[6]) is unused and will be removed from module enimate.
WARNING: [Synth 8-3332] Sequential element (center_sq_colour_reg[5]) is unused and will be removed from module enimate.
WARNING: [Synth 8-3332] Sequential element (center_sq_colour_reg[4]) is unused and will be removed from module enimate.
WARNING: [Synth 8-3332] Sequential element (center_sq_colour_reg[3]) is unused and will be removed from module enimate.
WARNING: [Synth 8-3332] Sequential element (center_sq_colour_reg[2]) is unused and will be removed from module enimate.
WARNING: [Synth 8-3332] Sequential element (center_sq_colour_reg[1]) is unused and will be removed from module enimate.
WARNING: [Synth 8-3332] Sequential element (center_sq_colour_reg[0]) is unused and will be removed from module enimate.
WARNING: [Synth 8-3332] Sequential element (center_sq_colour_reg[15]) is unused and will be removed from module muffinimate.
WARNING: [Synth 8-3332] Sequential element (center_sq_colour_reg[14]) is unused and will be removed from module muffinimate.
WARNING: [Synth 8-3332] Sequential element (center_sq_colour_reg[13]) is unused and will be removed from module muffinimate.
WARNING: [Synth 8-3332] Sequential element (center_sq_colour_reg[12]) is unused and will be removed from module muffinimate.
WARNING: [Synth 8-3332] Sequential element (center_sq_colour_reg[11]) is unused and will be removed from module muffinimate.
WARNING: [Synth 8-3332] Sequential element (center_sq_colour_reg[10]) is unused and will be removed from module muffinimate.
WARNING: [Synth 8-3332] Sequential element (center_sq_colour_reg[9]) is unused and will be removed from module muffinimate.
WARNING: [Synth 8-3332] Sequential element (center_sq_colour_reg[8]) is unused and will be removed from module muffinimate.
WARNING: [Synth 8-3332] Sequential element (center_sq_colour_reg[7]) is unused and will be removed from module muffinimate.
WARNING: [Synth 8-3332] Sequential element (center_sq_colour_reg[6]) is unused and will be removed from module muffinimate.
WARNING: [Synth 8-3332] Sequential element (center_sq_colour_reg[5]) is unused and will be removed from module muffinimate.
WARNING: [Synth 8-3332] Sequential element (center_sq_colour_reg[4]) is unused and will be removed from module muffinimate.
WARNING: [Synth 8-3332] Sequential element (center_sq_colour_reg[3]) is unused and will be removed from module muffinimate.
WARNING: [Synth 8-3332] Sequential element (center_sq_colour_reg[2]) is unused and will be removed from module muffinimate.
WARNING: [Synth 8-3332] Sequential element (center_sq_colour_reg[1]) is unused and will be removed from module muffinimate.
WARNING: [Synth 8-3332] Sequential element (center_sq_colour_reg[0]) is unused and will be removed from module muffinimate.
---------------------------------------------------------------------------------
Finished Cross Boundary and Area Optimization : Time (s): cpu = 00:00:15 ; elapsed = 00:00:27 . Memory (MB): peak = 763.855 ; gain = 503.984
---------------------------------------------------------------------------------

Report RTL Partitions: 
+-+--------------+------------+----------+
| |RTL Partition |Replication |Instances |
+-+--------------+------------+----------+
+-+--------------+------------+----------+
---------------------------------------------------------------------------------
Start Applying XDC Timing Constraints
---------------------------------------------------------------------------------
---------------------------------------------------------------------------------
Finished Applying XDC Timing Constraints : Time (s): cpu = 00:00:18 ; elapsed = 00:00:34 . Memory (MB): peak = 769.230 ; gain = 509.359
---------------------------------------------------------------------------------
---------------------------------------------------------------------------------
Start Timing Optimization
---------------------------------------------------------------------------------
---------------------------------------------------------------------------------
Finished Timing Optimization : Time (s): cpu = 00:00:19 ; elapsed = 00:00:35 . Memory (MB): peak = 792.383 ; gain = 532.512
---------------------------------------------------------------------------------

Report RTL Partitions: 
+-+--------------+------------+----------+
| |RTL Partition |Replication |Instances |
+-+--------------+------------+----------+
+-+--------------+------------+----------+
---------------------------------------------------------------------------------
Start Technology Mapping
---------------------------------------------------------------------------------
WARNING: [Synth 8-3332] Sequential element (animate_hero/jump_time_reg[31]) is unused and will be removed from module Top_Student.
WARNING: [Synth 8-3332] Sequential element (animate_hero/jump_time_reg[30]) is unused and will be removed from module Top_Student.
WARNING: [Synth 8-3332] Sequential element (animate_hero/jump_time_reg[29]) is unused and will be removed from module Top_Student.
WARNING: [Synth 8-3332] Sequential element (animate_hero/jump_time_reg[28]) is unused and will be removed from module Top_Student.
WARNING: [Synth 8-3332] Sequential element (animate_hero/jump_time_reg[27]) is unused and will be removed from module Top_Student.
WARNING: [Synth 8-3332] Sequential element (animate_hero/jump_time_reg[26]) is unused and will be removed from module Top_Student.
WARNING: [Synth 8-3332] Sequential element (animate_hero/jump_time_reg[25]) is unused and will be removed from module Top_Student.
WARNING: [Synth 8-3332] Sequential element (animate_hero/jump_time_reg[24]) is unused and will be removed from module Top_Student.
WARNING: [Synth 8-3332] Sequential element (animate_hero/jump_time_reg[23]) is unused and will be removed from module Top_Student.
WARNING: [Synth 8-3332] Sequential element (animate_hero/jump_time_reg[22]) is unused and will be removed from module Top_Student.
WARNING: [Synth 8-3332] Sequential element (animate_hero/jump_time_reg[21]) is unused and will be removed from module Top_Student.
WARNING: [Synth 8-3332] Sequential element (animate_hero/jump_time_reg[20]) is unused and will be removed from module Top_Student.
WARNING: [Synth 8-3332] Sequential element (animate_hero/jump_time_reg[19]) is unused and will be removed from module Top_Student.
WARNING: [Synth 8-3332] Sequential element (animate_hero/jump_time_reg[18]) is unused and will be removed from module Top_Student.
WARNING: [Synth 8-3332] Sequential element (animate_hero/jump_time_reg[17]) is unused and will be removed from module Top_Student.
WARNING: [Synth 8-3332] Sequential element (animate_hero/jump_time_reg[16]) is unused and will be removed from module Top_Student.
WARNING: [Synth 8-3332] Sequential element (animate_hero/jump_time_reg[15]) is unused and will be removed from module Top_Student.
WARNING: [Synth 8-3332] Sequential element (animate_hero/jump_time_reg[14]) is unused and will be removed from module Top_Student.
INFO: [Common 17-14] Message 'Synth 8-3332' appears 100 times and further instances of the messages will be disabled. Use the Tcl command set_msg_config to change the current settings.
---------------------------------------------------------------------------------
Finished Technology Mapping : Time (s): cpu = 00:00:20 ; elapsed = 00:00:36 . Memory (MB): peak = 886.797 ; gain = 626.926
---------------------------------------------------------------------------------

Report RTL Partitions: 
+-+--------------+------------+----------+
| |RTL Partition |Replication |Instances |
+-+--------------+------------+----------+
+-+--------------+------------+----------+
---------------------------------------------------------------------------------
Start IO Insertion
---------------------------------------------------------------------------------
---------------------------------------------------------------------------------
Start Flattening Before IO Insertion
---------------------------------------------------------------------------------
---------------------------------------------------------------------------------
Finished Flattening Before IO Insertion
---------------------------------------------------------------------------------
---------------------------------------------------------------------------------
Start Final Netlist Cleanup
---------------------------------------------------------------------------------
---------------------------------------------------------------------------------
Finished Final Netlist Cleanup
---------------------------------------------------------------------------------
---------------------------------------------------------------------------------
Finished IO Insertion : Time (s): cpu = 00:00:20 ; elapsed = 00:00:37 . Memory (MB): peak = 886.797 ; gain = 626.926
---------------------------------------------------------------------------------

Report Check Netlist: 
+------+------------------+-------+---------+-------+------------------+
|      |Item              |Errors |Warnings |Status |Description       |
+------+------------------+-------+---------+-------+------------------+
|1     |multi_driven_nets |      0|        0|Passed |Multi driven nets |
+------+------------------+-------+---------+-------+------------------+
---------------------------------------------------------------------------------
Start Renaming Generated Instances
---------------------------------------------------------------------------------
---------------------------------------------------------------------------------
Finished Renaming Generated Instances : Time (s): cpu = 00:00:20 ; elapsed = 00:00:37 . Memory (MB): peak = 886.797 ; gain = 626.926
---------------------------------------------------------------------------------

Report RTL Partitions: 
+-+--------------+------------+----------+
| |RTL Partition |Replication |Instances |
+-+--------------+------------+----------+
+-+--------------+------------+----------+
---------------------------------------------------------------------------------
Start Rebuilding User Hierarchy
---------------------------------------------------------------------------------
---------------------------------------------------------------------------------
Finished Rebuilding User Hierarchy : Time (s): cpu = 00:00:20 ; elapsed = 00:00:38 . Memory (MB): peak = 886.797 ; gain = 626.926
---------------------------------------------------------------------------------
---------------------------------------------------------------------------------
Start Renaming Generated Ports
---------------------------------------------------------------------------------
---------------------------------------------------------------------------------
Finished Renaming Generated Ports : Time (s): cpu = 00:00:20 ; elapsed = 00:00:38 . Memory (MB): peak = 886.797 ; gain = 626.926
---------------------------------------------------------------------------------
---------------------------------------------------------------------------------
Start Handling Custom Attributes
---------------------------------------------------------------------------------
---------------------------------------------------------------------------------
Finished Handling Custom Attributes : Time (s): cpu = 00:00:20 ; elapsed = 00:00:38 . Memory (MB): peak = 886.797 ; gain = 626.926
---------------------------------------------------------------------------------
---------------------------------------------------------------------------------
Start Renaming Generated Nets
---------------------------------------------------------------------------------
---------------------------------------------------------------------------------
Finished Renaming Generated Nets : Time (s): cpu = 00:00:20 ; elapsed = 00:00:38 . Memory (MB): peak = 886.797 ; gain = 626.926
---------------------------------------------------------------------------------
---------------------------------------------------------------------------------
Start Writing Synthesis Report
---------------------------------------------------------------------------------

Report BlackBoxes: 
+-+--------------+----------+
| |BlackBox name |Instances |
+-+--------------+----------+
+-+--------------+----------+

Report Cell Usage: 
+------+-------+------+
|      |Cell   |Count |
+------+-------+------+
|1     |BUFG   |     6|
|2     |CARRY4 |   834|
|3     |LUT1   |   168|
|4     |LUT2   |   799|
|5     |LUT3   |   711|
|6     |LUT4   |   665|
|7     |LUT5   |   873|
|8     |LUT6   |  1821|
|9     |MUXF7  |     2|
|10    |FDE_1  |    32|
|11    |FDRE   |   617|
|12    |IBUF   |     6|
|13    |OBUF   |    10|
|14    |OBUFT  |     1|
+------+-------+------+

Report Instance Areas: 
+------+---------------------+-------------------+------+
|      |Instance             |Module             |Cells |
+------+---------------------+-------------------+------+
|1     |top                  |                   |  6545|
|2     |  Q3A1               |Oled_Display       |   638|
|3     |  animate_enemy      |enimate            |  1943|
|4     |    get_fps_clock    |flexy_clock_5      |    63|
|5     |  animate_hero       |animate            |  2117|
|6     |    get_fps_clock    |flexy_clock_4      |    63|
|7     |  animate_muffin     |muffinimate        |  1095|
|8     |    get_fps_clock    |flexy_clock_3      |    55|
|9     |  animate_projectile |projectile_animate |   263|
|10    |    nolabel_line44   |laser_shot         |   263|
|11    |      get_fps_clock  |flexy_clock_2      |    53|
|12    |  choose_direction   |direction_mux      |    98|
|13    |  clk_6p25MHz        |flexy_clock        |    64|
|14    |  draw_sq            |make_square        |    69|
|15    |    draw_sprite_1    |sprite_1           |     4|
|16    |    draw_sprite_2    |sprite_2           |     3|
|17    |    draw_sprite_3    |sprite_3           |     5|
|18    |  nolabel_line86     |hero_damage        |   151|
|19    |    nolabel_line36   |flexy_clock_1      |    54|
|20    |  nolabel_line87     |touch_muff         |    72|
|21    |    nolabel_line29   |flexy_clock_0      |    54|
+------+---------------------+-------------------+------+
---------------------------------------------------------------------------------
Finished Writing Synthesis Report : Time (s): cpu = 00:00:20 ; elapsed = 00:00:38 . Memory (MB): peak = 886.797 ; gain = 626.926
---------------------------------------------------------------------------------
Synthesis finished with 0 errors, 0 critical warnings and 502 warnings.
Synthesis Optimization Runtime : Time (s): cpu = 00:00:15 ; elapsed = 00:00:31 . Memory (MB): peak = 886.797 ; gain = 277.105
Synthesis Optimization Complete : Time (s): cpu = 00:00:20 ; elapsed = 00:00:38 . Memory (MB): peak = 886.797 ; gain = 626.926
INFO: [Project 1-571] Translating synthesized netlist
INFO: [Netlist 29-17] Analyzing 874 Unisim elements for replacement
INFO: [Netlist 29-28] Unisim Transformation completed in 0 CPU seconds
INFO: [Project 1-570] Preparing netlist for logic optimization
INFO: [Opt 31-138] Pushed 0 inverter(s) to 0 load pin(s).
INFO: [Project 1-111] Unisim Transformation Summary:
  A total of 32 instances were transformed.
  FDE_1 => FDRE (inverted pins: C): 32 instances

INFO: [Common 17-83] Releasing license: Synthesis
98 Infos, 242 Warnings, 2 Critical Warnings and 0 Errors encountered.
synth_design completed successfully
synth_design: Time (s): cpu = 00:00:21 ; elapsed = 00:00:41 . Memory (MB): peak = 886.797 ; gain = 639.773
WARNING: [Constraints 18-5210] No constraint will be written out.
INFO: [Common 17-1381] The checkpoint 'C:/Users/cyber/Desktop/Kashfy-EE2026-Vivado/MODS/MODS.runs/synth_1/Top_Student.dcp' has been generated.
INFO: [runtcl-4] Executing : report_utilization -file Top_Student_utilization_synth.rpt -pb Top_Student_utilization_synth.pb
report_utilization: Time (s): cpu = 00:00:00 ; elapsed = 00:00:00.037 . Memory (MB): peak = 886.797 ; gain = 0.000
INFO: [Common 17-206] Exiting Vivado at Thu Oct 31 22:54:42 2024...

*** Running vivado
    with args -log Top_Student.vds -m64 -product Vivado -mode batch -messageDb vivado.pb -notrace -source Top_Student.tcl


****** Vivado v2018.2 (64-bit)
  **** SW Build 2258646 on Thu Jun 14 20:03:12 MDT 2018
  **** IP Build 2256618 on Thu Jun 14 22:10:49 MDT 2018
    ** Copyright 1986-2018 Xilinx, Inc. All Rights Reserved.

source Top_Student.tcl -notrace
Command: synth_design -top Top_Student -part xc7a35tcpg236-1
Starting synth_design
Attempting to get a license for feature 'Synthesis' and/or device 'xc7a35t'
INFO: [Common 17-349] Got license for feature 'Synthesis' and/or device 'xc7a35t'
INFO: Launching helper process for spawning children vivado processes
INFO: Helper process launched with PID 30928 
WARNING: [Synth 8-976] YELLOW has already been declared [C:/Users/cyber/Desktop/Kashfy-EE2026-Vivado/MODS/MODS.srcs/sources_1/new/make_square.v:134]
WARNING: [Synth 8-2654] second declaration of YELLOW ignored [C:/Users/cyber/Desktop/Kashfy-EE2026-Vivado/MODS/MODS.srcs/sources_1/new/make_square.v:134]
INFO: [Synth 8-994] YELLOW is declared here [C:/Users/cyber/Desktop/Kashfy-EE2026-Vivado/MODS/MODS.srcs/sources_1/new/make_square.v:130]
---------------------------------------------------------------------------------
Starting RTL Elaboration : Time (s): cpu = 00:00:01 ; elapsed = 00:00:02 . Memory (MB): peak = 371.086 ; gain = 111.516
---------------------------------------------------------------------------------
INFO: [Synth 8-6157] synthesizing module 'Top_Student' [C:/Users/cyber/Desktop/Kashfy-EE2026-Vivado/MODS/MODS.srcs/sources_1/new/Top_Student.v:14]
INFO: [Synth 8-6157] synthesizing module 'flexy_clock' [C:/Users/cyber/Desktop/Kashfy-EE2026-Vivado/MODS/MODS.srcs/sources_1/new/flexy_clock.v:23]
INFO: [Synth 8-6155] done synthesizing module 'flexy_clock' (1#1) [C:/Users/cyber/Desktop/Kashfy-EE2026-Vivado/MODS/MODS.srcs/sources_1/new/flexy_clock.v:23]
INFO: [Synth 8-6157] synthesizing module 'direction_mux' [C:/Users/cyber/Desktop/Kashfy-EE2026-Vivado/MODS/MODS.srcs/sources_1/new/direction_mux.v:23]
INFO: [Synth 8-6155] done synthesizing module 'direction_mux' (2#1) [C:/Users/cyber/Desktop/Kashfy-EE2026-Vivado/MODS/MODS.srcs/sources_1/new/direction_mux.v:23]
INFO: [Synth 8-6157] synthesizing module 'animate' [C:/Users/cyber/Desktop/Kashfy-EE2026-Vivado/MODS/MODS.srcs/sources_1/new/animate.v:23]
WARNING: [Synth 8-311] ignoring non-constant assignment in initial block [C:/Users/cyber/Desktop/Kashfy-EE2026-Vivado/MODS/MODS.srcs/sources_1/new/animate.v:42]
WARNING: [Synth 8-311] ignoring non-constant assignment in initial block [C:/Users/cyber/Desktop/Kashfy-EE2026-Vivado/MODS/MODS.srcs/sources_1/new/animate.v:43]
WARNING: [Synth 8-6014] Unused sequential element x_increment_reg was removed.  [C:/Users/cyber/Desktop/Kashfy-EE2026-Vivado/MODS/MODS.srcs/sources_1/new/animate.v:69]
INFO: [Synth 8-6155] done synthesizing module 'animate' (3#1) [C:/Users/cyber/Desktop/Kashfy-EE2026-Vivado/MODS/MODS.srcs/sources_1/new/animate.v:23]
WARNING: [Synth 8-689] width (4) of port connection 'sq_width' does not match port width (7) of module 'animate' [C:/Users/cyber/Desktop/Kashfy-EE2026-Vivado/MODS/MODS.srcs/sources_1/new/Top_Student.v:76]
WARNING: [Synth 8-689] width (4) of port connection 'sq_height' does not match port width (7) of module 'animate' [C:/Users/cyber/Desktop/Kashfy-EE2026-Vivado/MODS/MODS.srcs/sources_1/new/Top_Student.v:76]
WARNING: [Synth 8-689] width (1) of port connection 'reset' does not match port width (7) of module 'animate' [C:/Users/cyber/Desktop/Kashfy-EE2026-Vivado/MODS/MODS.srcs/sources_1/new/Top_Student.v:79]
WARNING: [Synth 8-350] instance 'animate_hero' of module 'animate' requires 29 connections, but only 21 given [C:/Users/cyber/Desktop/Kashfy-EE2026-Vivado/MODS/MODS.srcs/sources_1/new/Top_Student.v:75]
INFO: [Synth 8-6157] synthesizing module 'hero_damage' [C:/Users/cyber/Desktop/Kashfy-EE2026-Vivado/MODS/MODS.srcs/sources_1/new/hero_damage.v:23]
INFO: [Synth 8-6155] done synthesizing module 'hero_damage' (4#1) [C:/Users/cyber/Desktop/Kashfy-EE2026-Vivado/MODS/MODS.srcs/sources_1/new/hero_damage.v:23]
INFO: [Synth 8-6157] synthesizing module 'touch_muff' [C:/Users/cyber/Desktop/Kashfy-EE2026-Vivado/MODS/MODS.srcs/sources_1/new/touch_muff.v:23]
WARNING: [Synth 8-311] ignoring non-constant assignment in initial block [C:/Users/cyber/Desktop/Kashfy-EE2026-Vivado/MODS/MODS.srcs/sources_1/new/touch_muff.v:36]
WARNING: [Synth 8-6014] Unused sequential element muff_count_reg was removed.  [C:/Users/cyber/Desktop/Kashfy-EE2026-Vivado/MODS/MODS.srcs/sources_1/new/touch_muff.v:42]
INFO: [Synth 8-6155] done synthesizing module 'touch_muff' (5#1) [C:/Users/cyber/Desktop/Kashfy-EE2026-Vivado/MODS/MODS.srcs/sources_1/new/touch_muff.v:23]
INFO: [Synth 8-6157] synthesizing module 'projectile_animate' [C:/Users/cyber/Desktop/Kashfy-EE2026-Vivado/MODS/MODS.srcs/sources_1/new/projectile_animate.v:23]
INFO: [Synth 8-6157] synthesizing module 'laser_shot' [C:/Users/cyber/Desktop/Kashfy-EE2026-Vivado/MODS/MODS.srcs/sources_1/new/projectile_animate.v:144]
WARNING: [Synth 8-311] ignoring non-constant assignment in initial block [C:/Users/cyber/Desktop/Kashfy-EE2026-Vivado/MODS/MODS.srcs/sources_1/new/projectile_animate.v:171]
WARNING: [Synth 8-6014] Unused sequential element y_increment_reg was removed.  [C:/Users/cyber/Desktop/Kashfy-EE2026-Vivado/MODS/MODS.srcs/sources_1/new/projectile_animate.v:185]
WARNING: [Synth 8-3848] Net proj_hit_enemy in module/entity laser_shot does not have driver. [C:/Users/cyber/Desktop/Kashfy-EE2026-Vivado/MODS/MODS.srcs/sources_1/new/projectile_animate.v:152]
INFO: [Synth 8-6155] done synthesizing module 'laser_shot' (6#1) [C:/Users/cyber/Desktop/Kashfy-EE2026-Vivado/MODS/MODS.srcs/sources_1/new/projectile_animate.v:144]
WARNING: [Synth 8-689] width (7) of port connection 'proj_move' does not match port width (1) of module 'laser_shot' [C:/Users/cyber/Desktop/Kashfy-EE2026-Vivado/MODS/MODS.srcs/sources_1/new/projectile_animate.v:49]
WARNING: [Synth 8-689] width (7) of port connection 'proj_hit_enemy' does not match port width (1) of module 'laser_shot' [C:/Users/cyber/Desktop/Kashfy-EE2026-Vivado/MODS/MODS.srcs/sources_1/new/projectile_animate.v:49]
WARNING: [Synth 8-350] instance 'nolabel_line44' of module 'laser_shot' requires 25 connections, but only 24 given [C:/Users/cyber/Desktop/Kashfy-EE2026-Vivado/MODS/MODS.srcs/sources_1/new/projectile_animate.v:44]
INFO: [Synth 8-6155] done synthesizing module 'projectile_animate' (7#1) [C:/Users/cyber/Desktop/Kashfy-EE2026-Vivado/MODS/MODS.srcs/sources_1/new/projectile_animate.v:23]
WARNING: [Synth 8-689] width (4) of port connection 'sq_width' does not match port width (7) of module 'projectile_animate' [C:/Users/cyber/Desktop/Kashfy-EE2026-Vivado/MODS/MODS.srcs/sources_1/new/Top_Student.v:94]
WARNING: [Synth 8-689] width (4) of port connection 'sq_height' does not match port width (7) of module 'projectile_animate' [C:/Users/cyber/Desktop/Kashfy-EE2026-Vivado/MODS/MODS.srcs/sources_1/new/Top_Student.v:94]
WARNING: [Synth 8-689] width (1) of port connection 'reset' does not match port width (7) of module 'projectile_animate' [C:/Users/cyber/Desktop/Kashfy-EE2026-Vivado/MODS/MODS.srcs/sources_1/new/Top_Student.v:97]
WARNING: [Synth 8-689] width (1) of port connection 'proj_move' does not match port width (7) of module 'projectile_animate' [C:/Users/cyber/Desktop/Kashfy-EE2026-Vivado/MODS/MODS.srcs/sources_1/new/Top_Student.v:98]
WARNING: [Synth 8-689] width (1) of port connection 'proj_hit_enemy' does not match port width (7) of module 'projectile_animate' [C:/Users/cyber/Desktop/Kashfy-EE2026-Vivado/MODS/MODS.srcs/sources_1/new/Top_Student.v:98]
INFO: [Synth 8-6157] synthesizing module 'enimate' [C:/Users/cyber/Desktop/Kashfy-EE2026-Vivado/MODS/MODS.srcs/sources_1/new/enimate.v:23]
WARNING: [Synth 8-6014] Unused sequential element x_increment_reg was removed.  [C:/Users/cyber/Desktop/Kashfy-EE2026-Vivado/MODS/MODS.srcs/sources_1/new/enimate.v:66]
WARNING: [Synth 8-6014] Unused sequential element y_increment_reg was removed.  [C:/Users/cyber/Desktop/Kashfy-EE2026-Vivado/MODS/MODS.srcs/sources_1/new/enimate.v:67]
INFO: [Synth 8-6155] done synthesizing module 'enimate' (8#1) [C:/Users/cyber/Desktop/Kashfy-EE2026-Vivado/MODS/MODS.srcs/sources_1/new/enimate.v:23]
WARNING: [Synth 8-689] width (4) of port connection 'sq_width' does not match port width (7) of module 'enimate' [C:/Users/cyber/Desktop/Kashfy-EE2026-Vivado/MODS/MODS.srcs/sources_1/new/Top_Student.v:103]
WARNING: [Synth 8-689] width (4) of port connection 'sq_height' does not match port width (7) of module 'enimate' [C:/Users/cyber/Desktop/Kashfy-EE2026-Vivado/MODS/MODS.srcs/sources_1/new/Top_Student.v:103]
WARNING: [Synth 8-689] width (1) of port connection 'reset' does not match port width (7) of module 'enimate' [C:/Users/cyber/Desktop/Kashfy-EE2026-Vivado/MODS/MODS.srcs/sources_1/new/Top_Student.v:107]
WARNING: [Synth 8-350] instance 'animate_enemy' of module 'enimate' requires 28 connections, but only 24 given [C:/Users/cyber/Desktop/Kashfy-EE2026-Vivado/MODS/MODS.srcs/sources_1/new/Top_Student.v:102]
INFO: [Synth 8-6157] synthesizing module 'muffinimate' [C:/Users/cyber/Desktop/Kashfy-EE2026-Vivado/MODS/MODS.srcs/sources_1/new/muffinimate.v:23]
WARNING: [Synth 8-311] ignoring non-constant assignment in initial block [C:/Users/cyber/Desktop/Kashfy-EE2026-Vivado/MODS/MODS.srcs/sources_1/new/muffinimate.v:41]
WARNING: [Synth 8-311] ignoring non-constant assignment in initial block [C:/Users/cyber/Desktop/Kashfy-EE2026-Vivado/MODS/MODS.srcs/sources_1/new/muffinimate.v:42]
WARNING: [Synth 8-6014] Unused sequential element x_increment_reg was removed.  [C:/Users/cyber/Desktop/Kashfy-EE2026-Vivado/MODS/MODS.srcs/sources_1/new/muffinimate.v:64]
INFO: [Synth 8-6155] done synthesizing module 'muffinimate' (9#1) [C:/Users/cyber/Desktop/Kashfy-EE2026-Vivado/MODS/MODS.srcs/sources_1/new/muffinimate.v:23]
WARNING: [Synth 8-689] width (4) of port connection 'sq_width' does not match port width (7) of module 'muffinimate' [C:/Users/cyber/Desktop/Kashfy-EE2026-Vivado/MODS/MODS.srcs/sources_1/new/Top_Student.v:112]
WARNING: [Synth 8-689] width (4) of port connection 'sq_height' does not match port width (7) of module 'muffinimate' [C:/Users/cyber/Desktop/Kashfy-EE2026-Vivado/MODS/MODS.srcs/sources_1/new/Top_Student.v:112]
WARNING: [Synth 8-689] width (1) of port connection 'reset' does not match port width (7) of module 'muffinimate' [C:/Users/cyber/Desktop/Kashfy-EE2026-Vivado/MODS/MODS.srcs/sources_1/new/Top_Student.v:116]
WARNING: [Synth 8-350] instance 'animate_muffin' of module 'muffinimate' requires 28 connections, but only 24 given [C:/Users/cyber/Desktop/Kashfy-EE2026-Vivado/MODS/MODS.srcs/sources_1/new/Top_Student.v:111]
INFO: [Synth 8-6157] synthesizing module 'make_square' [C:/Users/cyber/Desktop/Kashfy-EE2026-Vivado/MODS/MODS.srcs/sources_1/new/make_square.v:23]
INFO: [Synth 8-6157] synthesizing module 'sprite_1' [C:/Users/cyber/Desktop/Kashfy-EE2026-Vivado/MODS/MODS.srcs/sources_1/new/make_square.v:83]
WARNING: [Synth 8-85] always block has no event control specified [C:/Users/cyber/Desktop/Kashfy-EE2026-Vivado/MODS/MODS.srcs/sources_1/new/make_square.v:92]
INFO: [Synth 8-6155] done synthesizing module 'sprite_1' (10#1) [C:/Users/cyber/Desktop/Kashfy-EE2026-Vivado/MODS/MODS.srcs/sources_1/new/make_square.v:83]
INFO: [Synth 8-6157] synthesizing module 'sprite_2' [C:/Users/cyber/Desktop/Kashfy-EE2026-Vivado/MODS/MODS.srcs/sources_1/new/make_square.v:104]
WARNING: [Synth 8-85] always block has no event control specified [C:/Users/cyber/Desktop/Kashfy-EE2026-Vivado/MODS/MODS.srcs/sources_1/new/make_square.v:113]
INFO: [Synth 8-6155] done synthesizing module 'sprite_2' (11#1) [C:/Users/cyber/Desktop/Kashfy-EE2026-Vivado/MODS/MODS.srcs/sources_1/new/make_square.v:104]
INFO: [Synth 8-6157] synthesizing module 'sprite_3' [C:/Users/cyber/Desktop/Kashfy-EE2026-Vivado/MODS/MODS.srcs/sources_1/new/make_square.v:125]
WARNING: [Synth 8-85] always block has no event control specified [C:/Users/cyber/Desktop/Kashfy-EE2026-Vivado/MODS/MODS.srcs/sources_1/new/make_square.v:155]
INFO: [Synth 8-6155] done synthesizing module 'sprite_3' (12#1) [C:/Users/cyber/Desktop/Kashfy-EE2026-Vivado/MODS/MODS.srcs/sources_1/new/make_square.v:125]
INFO: [Synth 8-6155] done synthesizing module 'make_square' (13#1) [C:/Users/cyber/Desktop/Kashfy-EE2026-Vivado/MODS/MODS.srcs/sources_1/new/make_square.v:23]
WARNING: [Synth 8-689] width (1) of port connection 'proj_move' does not match port width (3) of module 'make_square' [C:/Users/cyber/Desktop/Kashfy-EE2026-Vivado/MODS/MODS.srcs/sources_1/new/Top_Student.v:121]
INFO: [Synth 8-6157] synthesizing module 'Oled_Display' [C:/Users/cyber/Desktop/Kashfy-EE2026-Vivado/MODS/MODS.srcs/sources_1/imports/Desktop/Oled_Display.v:36]
	Parameter Width bound to: 96 - type: integer 
	Parameter Height bound to: 64 - type: integer 
	Parameter PixelCount bound to: 6144 - type: integer 
	Parameter PixelCountWidth bound to: 13 - type: integer 
	Parameter ClkFreq bound to: 6250000 - type: integer 
	Parameter FrameFreq bound to: 60 - type: integer 
	Parameter FrameDiv bound to: 104166 - type: integer 
	Parameter FrameDivWidth bound to: 17 - type: integer 
	Parameter PowerDelay bound to: 20 - type: integer 
	Parameter ResetDelay bound to: 3 - type: integer 
	Parameter VccEnDelay bound to: 20 - type: integer 
	Parameter StartupCompleteDelay bound to: 100 - type: integer 
	Parameter MaxDelay bound to: 100 - type: integer 
	Parameter MaxDelayCount bound to: 625000 - type: integer 
	Parameter StateCount bound to: 32 - type: integer 
	Parameter StateWidth bound to: 5 - type: integer 
	Parameter PowerUp bound to: 5'b00000 
	Parameter Reset bound to: 5'b00001 
	Parameter ReleaseReset bound to: 5'b00011 
	Parameter EnableDriver bound to: 5'b00010 
	Parameter DisplayOff bound to: 5'b00110 
	Parameter SetRemapDisplayFormat bound to: 5'b00111 
	Parameter SetStartLine bound to: 5'b00101 
	Parameter SetOffset bound to: 5'b00100 
	Parameter SetNormalDisplay bound to: 5'b01100 
	Parameter SetMultiplexRatio bound to: 5'b01101 
	Parameter SetMasterConfiguration bound to: 5'b01111 
	Parameter DisablePowerSave bound to: 5'b01110 
	Parameter SetPhaseAdjust bound to: 5'b01010 
	Parameter SetDisplayClock bound to: 5'b01011 
	Parameter SetSecondPrechargeA bound to: 5'b01001 
	Parameter SetSecondPrechargeB bound to: 5'b01000 
	Parameter SetSecondPrechargeC bound to: 5'b11000 
	Parameter SetPrechargeLevel bound to: 5'b11001 
	Parameter SetVCOMH bound to: 5'b11011 
	Parameter SetMasterCurrent bound to: 5'b11010 
	Parameter SetContrastA bound to: 5'b11110 
	Parameter SetContrastB bound to: 5'b11111 
	Parameter SetContrastC bound to: 5'b11101 
	Parameter DisableScrolling bound to: 5'b11100 
	Parameter ClearScreen bound to: 5'b10100 
	Parameter VccEn bound to: 5'b10101 
	Parameter DisplayOn bound to: 5'b10111 
	Parameter PrepareNextFrame bound to: 5'b10110 
	Parameter SetColAddress bound to: 5'b10010 
	Parameter SetRowAddress bound to: 5'b10011 
	Parameter WaitNextFrame bound to: 5'b10001 
	Parameter SendPixel bound to: 5'b10000 
	Parameter SpiCommandMaxWidth bound to: 40 - type: integer 
	Parameter SpiCommandBitCountWidth bound to: 6 - type: integer 
INFO: [Synth 8-226] default block is never used [C:/Users/cyber/Desktop/Kashfy-EE2026-Vivado/MODS/MODS.srcs/sources_1/imports/Desktop/Oled_Display.v:123]
INFO: [Synth 8-226] default block is never used [C:/Users/cyber/Desktop/Kashfy-EE2026-Vivado/MODS/MODS.srcs/sources_1/imports/Desktop/Oled_Display.v:198]
WARNING: [Synth 8-693] zero replication count - replication ignored [C:/Users/cyber/Desktop/Kashfy-EE2026-Vivado/MODS/MODS.srcs/sources_1/imports/Desktop/Oled_Display.v:346]
INFO: [Synth 8-6155] done synthesizing module 'Oled_Display' (14#1) [C:/Users/cyber/Desktop/Kashfy-EE2026-Vivado/MODS/MODS.srcs/sources_1/imports/Desktop/Oled_Display.v:36]
INFO: [Synth 8-6155] done synthesizing module 'Top_Student' (15#1) [C:/Users/cyber/Desktop/Kashfy-EE2026-Vivado/MODS/MODS.srcs/sources_1/new/Top_Student.v:14]
WARNING: [Synth 8-3331] design sprite_3 has unconnected port y_oled[6]
WARNING: [Synth 8-3331] design sprite_3 has unconnected port y_oled[5]
WARNING: [Synth 8-3331] design sprite_3 has unconnected port y_oled[4]
WARNING: [Synth 8-3331] design sprite_3 has unconnected port y_oled[3]
WARNING: [Synth 8-3331] design sprite_3 has unconnected port y_oled[2]
WARNING: [Synth 8-3331] design sprite_3 has unconnected port y_oled[1]
WARNING: [Synth 8-3331] design sprite_3 has unconnected port y_oled[0]
WARNING: [Synth 8-3331] design sprite_3 has unconnected port y_ref[6]
WARNING: [Synth 8-3331] design sprite_3 has unconnected port y_ref[5]
WARNING: [Synth 8-3331] design sprite_3 has unconnected port y_ref[4]
WARNING: [Synth 8-3331] design sprite_3 has unconnected port y_ref[3]
WARNING: [Synth 8-3331] design sprite_3 has unconnected port y_ref[2]
WARNING: [Synth 8-3331] design sprite_3 has unconnected port y_ref[1]
WARNING: [Synth 8-3331] design sprite_3 has unconnected port y_ref[0]
WARNING: [Synth 8-3331] design sprite_3 has unconnected port sprite_height[6]
WARNING: [Synth 8-3331] design sprite_3 has unconnected port sprite_height[5]
WARNING: [Synth 8-3331] design sprite_3 has unconnected port sprite_height[4]
WARNING: [Synth 8-3331] design sprite_3 has unconnected port sprite_height[3]
WARNING: [Synth 8-3331] design sprite_3 has unconnected port sprite_height[2]
WARNING: [Synth 8-3331] design sprite_3 has unconnected port sprite_height[1]
WARNING: [Synth 8-3331] design sprite_3 has unconnected port sprite_height[0]
WARNING: [Synth 8-3331] design sprite_2 has unconnected port y_oled[6]
WARNING: [Synth 8-3331] design sprite_2 has unconnected port y_oled[5]
WARNING: [Synth 8-3331] design sprite_2 has unconnected port y_oled[4]
WARNING: [Synth 8-3331] design sprite_2 has unconnected port y_oled[3]
WARNING: [Synth 8-3331] design sprite_2 has unconnected port y_oled[2]
WARNING: [Synth 8-3331] design sprite_2 has unconnected port y_oled[1]
WARNING: [Synth 8-3331] design sprite_2 has unconnected port y_oled[0]
WARNING: [Synth 8-3331] design sprite_2 has unconnected port y_ref[6]
WARNING: [Synth 8-3331] design sprite_2 has unconnected port y_ref[5]
WARNING: [Synth 8-3331] design sprite_2 has unconnected port y_ref[4]
WARNING: [Synth 8-3331] design sprite_2 has unconnected port y_ref[3]
WARNING: [Synth 8-3331] design sprite_2 has unconnected port y_ref[2]
WARNING: [Synth 8-3331] design sprite_2 has unconnected port y_ref[1]
WARNING: [Synth 8-3331] design sprite_2 has unconnected port y_ref[0]
WARNING: [Synth 8-3331] design sprite_2 has unconnected port sprite_height[6]
WARNING: [Synth 8-3331] design sprite_2 has unconnected port sprite_height[5]
WARNING: [Synth 8-3331] design sprite_2 has unconnected port sprite_height[4]
WARNING: [Synth 8-3331] design sprite_2 has unconnected port sprite_height[3]
WARNING: [Synth 8-3331] design sprite_2 has unconnected port sprite_height[2]
WARNING: [Synth 8-3331] design sprite_2 has unconnected port sprite_height[1]
WARNING: [Synth 8-3331] design sprite_2 has unconnected port sprite_height[0]
WARNING: [Synth 8-3331] design sprite_1 has unconnected port x_oled[6]
WARNING: [Synth 8-3331] design sprite_1 has unconnected port x_oled[5]
WARNING: [Synth 8-3331] design sprite_1 has unconnected port x_oled[4]
WARNING: [Synth 8-3331] design sprite_1 has unconnected port x_oled[3]
WARNING: [Synth 8-3331] design sprite_1 has unconnected port x_oled[2]
WARNING: [Synth 8-3331] design sprite_1 has unconnected port x_oled[1]
WARNING: [Synth 8-3331] design sprite_1 has unconnected port x_oled[0]
WARNING: [Synth 8-3331] design sprite_1 has unconnected port x_ref[6]
WARNING: [Synth 8-3331] design sprite_1 has unconnected port x_ref[5]
WARNING: [Synth 8-3331] design sprite_1 has unconnected port x_ref[4]
WARNING: [Synth 8-3331] design sprite_1 has unconnected port x_ref[3]
WARNING: [Synth 8-3331] design sprite_1 has unconnected port x_ref[2]
WARNING: [Synth 8-3331] design sprite_1 has unconnected port x_ref[1]
WARNING: [Synth 8-3331] design sprite_1 has unconnected port x_ref[0]
WARNING: [Synth 8-3331] design sprite_1 has unconnected port sprite_width[6]
WARNING: [Synth 8-3331] design sprite_1 has unconnected port sprite_width[5]
WARNING: [Synth 8-3331] design sprite_1 has unconnected port sprite_width[4]
WARNING: [Synth 8-3331] design sprite_1 has unconnected port sprite_width[3]
WARNING: [Synth 8-3331] design sprite_1 has unconnected port sprite_width[2]
WARNING: [Synth 8-3331] design sprite_1 has unconnected port sprite_width[1]
WARNING: [Synth 8-3331] design sprite_1 has unconnected port sprite_width[0]
WARNING: [Synth 8-3331] design make_square has unconnected port sprite_no[3]
WARNING: [Synth 8-3331] design make_square has unconnected port sprite_no[2]
WARNING: [Synth 8-3331] design make_square has unconnected port sprite_no[1]
WARNING: [Synth 8-3331] design make_square has unconnected port sprite_no[0]
WARNING: [Synth 8-3331] design make_square has unconnected port sq_colour[15]
WARNING: [Synth 8-3331] design make_square has unconnected port sq_colour[14]
WARNING: [Synth 8-3331] design make_square has unconnected port sq_colour[13]
WARNING: [Synth 8-3331] design make_square has unconnected port sq_colour[12]
WARNING: [Synth 8-3331] design make_square has unconnected port sq_colour[11]
WARNING: [Synth 8-3331] design make_square has unconnected port sq_colour[10]
WARNING: [Synth 8-3331] design make_square has unconnected port sq_colour[9]
WARNING: [Synth 8-3331] design make_square has unconnected port sq_colour[8]
WARNING: [Synth 8-3331] design make_square has unconnected port sq_colour[7]
WARNING: [Synth 8-3331] design make_square has unconnected port sq_colour[6]
WARNING: [Synth 8-3331] design make_square has unconnected port sq_colour[5]
WARNING: [Synth 8-3331] design make_square has unconnected port sq_colour[4]
WARNING: [Synth 8-3331] design make_square has unconnected port sq_colour[3]
WARNING: [Synth 8-3331] design make_square has unconnected port sq_colour[2]
WARNING: [Synth 8-3331] design make_square has unconnected port sq_colour[1]
WARNING: [Synth 8-3331] design make_square has unconnected port sq_colour[0]
WARNING: [Synth 8-3331] design make_square has unconnected port sq_colour2[15]
WARNING: [Synth 8-3331] design make_square has unconnected port sq_colour2[14]
WARNING: [Synth 8-3331] design make_square has unconnected port sq_colour2[13]
WARNING: [Synth 8-3331] design make_square has unconnected port sq_colour2[12]
WARNING: [Synth 8-3331] design make_square has unconnected port sq_colour2[11]
WARNING: [Synth 8-3331] design make_square has unconnected port sq_colour2[10]
WARNING: [Synth 8-3331] design make_square has unconnected port sq_colour2[9]
WARNING: [Synth 8-3331] design make_square has unconnected port sq_colour2[8]
WARNING: [Synth 8-3331] design make_square has unconnected port sq_colour2[7]
WARNING: [Synth 8-3331] design make_square has unconnected port sq_colour2[6]
WARNING: [Synth 8-3331] design make_square has unconnected port sq_colour2[5]
WARNING: [Synth 8-3331] design make_square has unconnected port sq_colour2[4]
WARNING: [Synth 8-3331] design make_square has unconnected port sq_colour2[3]
WARNING: [Synth 8-3331] design make_square has unconnected port sq_colour2[2]
WARNING: [Synth 8-3331] design make_square has unconnected port sq_colour2[1]
WARNING: [Synth 8-3331] design make_square has unconnected port sq_colour2[0]
WARNING: [Synth 8-3331] design make_square has unconnected port sq_colour3[15]
INFO: [Common 17-14] Message 'Synth 8-3331' appears 100 times and further instances of the messages will be disabled. Use the Tcl command set_msg_config to change the current settings.
---------------------------------------------------------------------------------
Finished RTL Elaboration : Time (s): cpu = 00:00:01 ; elapsed = 00:00:03 . Memory (MB): peak = 413.910 ; gain = 154.340
---------------------------------------------------------------------------------

Report Check Netlist: 
+------+------------------+-------+---------+-------+------------------+
|      |Item              |Errors |Warnings |Status |Description       |
+------+------------------+-------+---------+-------+------------------+
|1     |multi_driven_nets |      0|        0|Passed |Multi driven nets |
+------+------------------+-------+---------+-------+------------------+
---------------------------------------------------------------------------------
Start Handling Custom Attributes
---------------------------------------------------------------------------------
---------------------------------------------------------------------------------
Finished Handling Custom Attributes : Time (s): cpu = 00:00:01 ; elapsed = 00:00:03 . Memory (MB): peak = 413.910 ; gain = 154.340
---------------------------------------------------------------------------------
---------------------------------------------------------------------------------
Finished RTL Optimization Phase 1 : Time (s): cpu = 00:00:01 ; elapsed = 00:00:03 . Memory (MB): peak = 413.910 ; gain = 154.340
---------------------------------------------------------------------------------
INFO: [Device 21-403] Loading part xc7a35tcpg236-1
INFO: [Project 1-570] Preparing netlist for logic optimization

Processing XDC Constraints
Initializing timing engine
Parsing XDC File [C:/Users/cyber/Desktop/Kashfy-EE2026-Vivado/MODS/MODS.srcs/constrs_1/new/konstrens.xdc]
WARNING: [Vivado 12-584] No ports matched 'PS2Clk'. [C:/Users/cyber/Desktop/Kashfy-EE2026-Vivado/MODS/MODS.srcs/constrs_1/new/konstrens.xdc:138]
CRITICAL WARNING: [Common 17-55] 'set_property' expects at least one object. [C:/Users/cyber/Desktop/Kashfy-EE2026-Vivado/MODS/MODS.srcs/constrs_1/new/konstrens.xdc:138]
Resolution: If [get_<value>] was used to populate the object, check to make sure this command returns at least one valid object.
WARNING: [Vivado 12-584] No ports matched 'PS2Data'. [C:/Users/cyber/Desktop/Kashfy-EE2026-Vivado/MODS/MODS.srcs/constrs_1/new/konstrens.xdc:139]
CRITICAL WARNING: [Common 17-55] 'set_property' expects at least one object. [C:/Users/cyber/Desktop/Kashfy-EE2026-Vivado/MODS/MODS.srcs/constrs_1/new/konstrens.xdc:139]
Resolution: If [get_<value>] was used to populate the object, check to make sure this command returns at least one valid object.
Finished Parsing XDC File [C:/Users/cyber/Desktop/Kashfy-EE2026-Vivado/MODS/MODS.srcs/constrs_1/new/konstrens.xdc]
INFO: [Project 1-236] Implementation specific constraints were found while reading constraint file [C:/Users/cyber/Desktop/Kashfy-EE2026-Vivado/MODS/MODS.srcs/constrs_1/new/konstrens.xdc]. These constraints will be ignored for synthesis but will be used in implementation. Impacted constraints are listed in the file [.Xil/Top_Student_propImpl.xdc].
Resolution: To avoid this warning, move constraints listed in [.Xil/Top_Student_propImpl.xdc] to another XDC file and exclude this new file from synthesis with the used_in_synthesis property (File Properties dialog in GUI) and re-run elaboration/synthesis.
Completed Processing XDC Constraints

INFO: [Project 1-111] Unisim Transformation Summary:
No Unisim elements were transformed.

Constraint Validation Runtime : Time (s): cpu = 00:00:00 ; elapsed = 00:00:00.005 . Memory (MB): peak = 763.148 ; gain = 0.000
---------------------------------------------------------------------------------
Finished Constraint Validation : Time (s): cpu = 00:00:05 ; elapsed = 00:00:12 . Memory (MB): peak = 763.148 ; gain = 503.578
---------------------------------------------------------------------------------
---------------------------------------------------------------------------------
Start Loading Part and Timing Information
---------------------------------------------------------------------------------
Loading part: xc7a35tcpg236-1
---------------------------------------------------------------------------------
Finished Loading Part and Timing Information : Time (s): cpu = 00:00:05 ; elapsed = 00:00:12 . Memory (MB): peak = 763.148 ; gain = 503.578
---------------------------------------------------------------------------------
---------------------------------------------------------------------------------
Start Applying 'set_property' XDC Constraints
---------------------------------------------------------------------------------
---------------------------------------------------------------------------------
Finished applying 'set_property' XDC Constraints : Time (s): cpu = 00:00:05 ; elapsed = 00:00:12 . Memory (MB): peak = 763.148 ; gain = 503.578
---------------------------------------------------------------------------------
INFO: [Synth 8-5545] ROM "slow_clk0" won't be mapped to RAM because address size (32) is larger than maximum supported(25)
INFO: [Synth 8-5546] ROM "is_y_stat0" won't be mapped to RAM because it is too sparse
INFO: [Synth 8-5546] ROM "is_y_stat0" won't be mapped to RAM because it is too sparse
INFO: [Synth 8-5544] ROM "sprite_no" won't be mapped to Block RAM because address size (1) smaller than threshold (5)
INFO: [Synth 8-5546] ROM "proj_move" won't be mapped to RAM because it is too sparse
INFO: [Synth 8-5546] ROM "proj_move" won't be mapped to RAM because it is too sparse
INFO: [Synth 8-5546] ROM "is_y_stat0" won't be mapped to RAM because it is too sparse
INFO: [Synth 8-5546] ROM "is_y_stat0" won't be mapped to RAM because it is too sparse
INFO: [Synth 8-5546] ROM "stop_falling" won't be mapped to RAM because it is too sparse
INFO: [Synth 8-5546] ROM "stop_falling" won't be mapped to RAM because it is too sparse
INFO: [Synth 8-802] inferred FSM for state register 'state_reg' in module 'Oled_Display'
INFO: [Synth 8-5546] ROM "fsm_next_state0" won't be mapped to RAM because it is too sparse
INFO: [Synth 8-5544] ROM "fsm_next_state0" won't be mapped to Block RAM because address size (1) smaller than threshold (5)
INFO: [Synth 8-5546] ROM "fsm_next_state0" won't be mapped to RAM because it is too sparse
---------------------------------------------------------------------------------------------------
                   State |                     New Encoding |                Previous Encoding 
---------------------------------------------------------------------------------------------------
                 PowerUp | 00000000100000000000000000000000 |                            00000
                   Reset | 00000000000100000000000000000000 |                            00001
            ReleaseReset | 00000000000000000000100000000000 |                            00011
            EnableDriver | 00000000000000000001000000000000 |                            00010
              DisplayOff | 00000000000000000100000000000000 |                            00110
   SetRemapDisplayFormat | 00000100000000000000000000000000 |                            00111
            SetStartLine | 00001000000000000000000000000000 |                            00101
               SetOffset | 10000000000000000000000000000000 |                            00100
        SetNormalDisplay | 00000000000000000000000010000000 |                            01100
       SetMultiplexRatio | 00000000000000000000000000100000 |                            01101
  SetMasterConfiguration | 00000000000000000000000001000000 |                            01111
        DisablePowerSave | 00000000000000000000000000000100 |                            01110
          SetPhaseAdjust | 00000000000000000000000000001000 |                            01010
         SetDisplayClock | 00000000001000000000000000000000 |                            01011
     SetSecondPrechargeA | 00000000010000000000000000000000 |                            01001
     SetSecondPrechargeB | 01000000000000000000000000000000 |                            01000
     SetSecondPrechargeC | 00000010000000000000000000000000 |                            11000
       SetPrechargeLevel | 00000001000000000000000000000000 |                            11001
                SetVCOMH | 00000000000000010000000000000000 |                            11011
        SetMasterCurrent | 00000000000000100000000000000000 |                            11010
            SetContrastA | 00000000000001000000000000000000 |                            11110
            SetContrastB | 00100000000000000000000000000000 |                            11111
            SetContrastC | 00000000000000000000000000000001 |                            11101
        DisableScrolling | 00000000000000000000000000000010 |                            11100
             ClearScreen | 00000000000000000000000000010000 |                            10100
                   VccEn | 00010000000000000000000000000000 |                            10101
               DisplayOn | 00000000000010000000000000000000 |                            10111
        PrepareNextFrame | 00000000000000001000000000000000 |                            10110
           SetColAddress | 00000000000000000000010000000000 |                            10010
           SetRowAddress | 00000000000000000000000100000000 |                            10011
           WaitNextFrame | 00000000000000000000001000000000 |                            10001
               SendPixel | 00000000000000000010000000000000 |                            10000
---------------------------------------------------------------------------------------------------
INFO: [Synth 8-3354] encoded FSM with state register 'state_reg' using encoding 'one-hot' in module 'Oled_Display'
---------------------------------------------------------------------------------
Finished RTL Optimization Phase 2 : Time (s): cpu = 00:00:05 ; elapsed = 00:00:13 . Memory (MB): peak = 763.148 ; gain = 503.578
---------------------------------------------------------------------------------
INFO: [Synth 8-223] decloning instance 'clk_6p25MHz' (flexy_clock) to 'clk_25MHz'

Report RTL Partitions: 
+-+--------------+------------+----------+
| |RTL Partition |Replication |Instances |
+-+--------------+------------+----------+
+-+--------------+------------+----------+
---------------------------------------------------------------------------------
Start RTL Component Statistics 
---------------------------------------------------------------------------------
Detailed RTL Component Info : 
+---Adders : 
	   4 Input     33 Bit       Adders := 3     
	   2 Input     32 Bit       Adders := 11    
	   3 Input     32 Bit       Adders := 8     
	   2 Input     17 Bit       Adders := 1     
	   2 Input      9 Bit       Adders := 5     
	   3 Input      9 Bit       Adders := 1     
	   4 Input      9 Bit       Adders := 1     
	   2 Input      8 Bit       Adders := 11    
	   3 Input      8 Bit       Adders := 19    
	   2 Input      7 Bit       Adders := 61    
	   3 Input      7 Bit       Adders := 1     
	   2 Input      6 Bit       Adders := 1     
	   2 Input      3 Bit       Adders := 1     
+---Registers : 
	               40 Bit    Registers := 1     
	               32 Bit    Registers := 8     
	               17 Bit    Registers := 1     
	               16 Bit    Registers := 4     
	                7 Bit    Registers := 14    
	                6 Bit    Registers := 1     
	                3 Bit    Registers := 3     
	                2 Bit    Registers := 1     
	                1 Bit    Registers := 15    
+---Muxes : 
	   2 Input     40 Bit        Muxes := 3     
	   2 Input     32 Bit        Muxes := 22    
	   3 Input     32 Bit        Muxes := 1     
	  32 Input     32 Bit        Muxes := 1     
	  32 Input     20 Bit        Muxes := 1     
	   2 Input     17 Bit        Muxes := 1     
	   2 Input     16 Bit        Muxes := 11    
	   3 Input     16 Bit        Muxes := 1     
	   2 Input     11 Bit        Muxes := 2     
	   2 Input      7 Bit        Muxes := 76    
	  10 Input      7 Bit        Muxes := 2     
	   6 Input      7 Bit        Muxes := 1     
	   3 Input      7 Bit        Muxes := 3     
	   7 Input      7 Bit        Muxes := 1     
	  32 Input      6 Bit        Muxes := 1     
	   2 Input      6 Bit        Muxes := 1     
	   2 Input      5 Bit        Muxes := 2     
	  32 Input      5 Bit        Muxes := 1     
	   2 Input      3 Bit        Muxes := 4     
	   2 Input      2 Bit        Muxes := 4     
	   3 Input      2 Bit        Muxes := 5     
	   2 Input      1 Bit        Muxes := 12    
	   3 Input      1 Bit        Muxes := 1     
	   5 Input      1 Bit        Muxes := 1     
---------------------------------------------------------------------------------
Finished RTL Component Statistics 
---------------------------------------------------------------------------------
---------------------------------------------------------------------------------
Start RTL Hierarchical Component Statistics 
---------------------------------------------------------------------------------
Hierarchical RTL Component report 
Module flexy_clock 
Detailed RTL Component Info : 
+---Registers : 
	                1 Bit    Registers := 1     
+---Muxes : 
	   2 Input      1 Bit        Muxes := 1     
Module direction_mux 
Detailed RTL Component Info : 
+---Registers : 
	                7 Bit    Registers := 2     
+---Muxes : 
	   2 Input      7 Bit        Muxes := 3     
Module animate 
Detailed RTL Component Info : 
+---Adders : 
	   4 Input     33 Bit       Adders := 1     
	   2 Input     32 Bit       Adders := 4     
	   3 Input     32 Bit       Adders := 3     
	   2 Input      9 Bit       Adders := 2     
	   2 Input      8 Bit       Adders := 3     
	   2 Input      7 Bit       Adders := 11    
+---Registers : 
	               32 Bit    Registers := 3     
	               16 Bit    Registers := 1     
	                7 Bit    Registers := 3     
	                2 Bit    Registers := 1     
	                1 Bit    Registers := 2     
+---Muxes : 
	   2 Input     32 Bit        Muxes := 13    
	   2 Input      7 Bit        Muxes := 10    
	  10 Input      7 Bit        Muxes := 1     
	   6 Input      7 Bit        Muxes := 1     
	   2 Input      2 Bit        Muxes := 2     
	   3 Input      2 Bit        Muxes := 1     
Module hero_damage 
Detailed RTL Component Info : 
+---Adders : 
	   2 Input     32 Bit       Adders := 1     
+---Registers : 
	               32 Bit    Registers := 1     
	                3 Bit    Registers := 1     
+---Muxes : 
	   3 Input     32 Bit        Muxes := 1     
	   2 Input     32 Bit        Muxes := 1     
	   2 Input      3 Bit        Muxes := 3     
	   3 Input      2 Bit        Muxes := 1     
Module touch_muff 
Detailed RTL Component Info : 
+---Adders : 
	   2 Input      3 Bit       Adders := 1     
+---Registers : 
	                3 Bit    Registers := 2     
+---Muxes : 
	   2 Input      3 Bit        Muxes := 1     
Module laser_shot 
Detailed RTL Component Info : 
+---Adders : 
	   3 Input     32 Bit       Adders := 1     
	   3 Input      9 Bit       Adders := 1     
	   3 Input      8 Bit       Adders := 2     
	   2 Input      7 Bit       Adders := 11    
	   3 Input      7 Bit       Adders := 1     
+---Registers : 
	                7 Bit    Registers := 4     
	                1 Bit    Registers := 1     
+---Muxes : 
	   2 Input      7 Bit        Muxes := 35    
	   3 Input      7 Bit        Muxes := 3     
	   3 Input      2 Bit        Muxes := 3     
	   2 Input      1 Bit        Muxes := 3     
Module enimate 
Detailed RTL Component Info : 
+---Adders : 
	   4 Input     33 Bit       Adders := 1     
	   2 Input     32 Bit       Adders := 4     
	   3 Input     32 Bit       Adders := 3     
	   2 Input      9 Bit       Adders := 2     
	   2 Input      8 Bit       Adders := 3     
	   3 Input      8 Bit       Adders := 2     
	   2 Input      7 Bit       Adders := 16    
+---Registers : 
	               32 Bit    Registers := 3     
	               16 Bit    Registers := 1     
	                7 Bit    Registers := 2     
	                1 Bit    Registers := 2     
+---Muxes : 
	   2 Input     32 Bit        Muxes := 5     
	   2 Input      7 Bit        Muxes := 4     
	  10 Input      7 Bit        Muxes := 1     
	   7 Input      7 Bit        Muxes := 1     
	   2 Input      2 Bit        Muxes := 2     
Module muffinimate 
Detailed RTL Component Info : 
+---Adders : 
	   4 Input     33 Bit       Adders := 1     
	   2 Input     32 Bit       Adders := 2     
	   3 Input     32 Bit       Adders := 1     
	   2 Input      9 Bit       Adders := 1     
	   2 Input      8 Bit       Adders := 2     
	   3 Input      8 Bit       Adders := 3     
	   2 Input      7 Bit       Adders := 11    
+---Registers : 
	               32 Bit    Registers := 1     
	               16 Bit    Registers := 1     
	                7 Bit    Registers := 3     
	                1 Bit    Registers := 3     
+---Muxes : 
	   2 Input     32 Bit        Muxes := 1     
	   2 Input      7 Bit        Muxes := 24    
	   3 Input      1 Bit        Muxes := 1     
Module sprite_1 
Detailed RTL Component Info : 
+---Adders : 
	   4 Input      9 Bit       Adders := 1     
	   2 Input      8 Bit       Adders := 1     
+---Muxes : 
	   2 Input     16 Bit        Muxes := 1     
	   2 Input     11 Bit        Muxes := 1     
Module sprite_2 
Detailed RTL Component Info : 
+---Adders : 
	   2 Input      8 Bit       Adders := 1     
+---Muxes : 
	   3 Input     16 Bit        Muxes := 1     
Module sprite_3 
Detailed RTL Component Info : 
+---Adders : 
	   2 Input      8 Bit       Adders := 1     
+---Muxes : 
	   2 Input     16 Bit        Muxes := 2     
	   2 Input     11 Bit        Muxes := 1     
Module make_square 
Detailed RTL Component Info : 
+---Adders : 
	   3 Input      8 Bit       Adders := 12    
	   2 Input      7 Bit       Adders := 12    
+---Registers : 
	               16 Bit    Registers := 1     
+---Muxes : 
	   2 Input     16 Bit        Muxes := 8     
	   5 Input      1 Bit        Muxes := 1     
Module Oled_Display 
Detailed RTL Component Info : 
+---Adders : 
	   2 Input     17 Bit       Adders := 1     
	   2 Input      6 Bit       Adders := 1     
+---Registers : 
	               40 Bit    Registers := 1     
	               17 Bit    Registers := 1     
	                6 Bit    Registers := 1     
+---Muxes : 
	   2 Input     40 Bit        Muxes := 3     
	  32 Input     32 Bit        Muxes := 1     
	   2 Input     32 Bit        Muxes := 2     
	  32 Input     20 Bit        Muxes := 1     
	   2 Input     17 Bit        Muxes := 1     
	  32 Input      6 Bit        Muxes := 1     
	   2 Input      6 Bit        Muxes := 1     
	   2 Input      5 Bit        Muxes := 2     
	  32 Input      5 Bit        Muxes := 1     
	   2 Input      1 Bit        Muxes := 2     
---------------------------------------------------------------------------------
Finished RTL Hierarchical Component Statistics
---------------------------------------------------------------------------------
---------------------------------------------------------------------------------
Start Part Resource Summary
---------------------------------------------------------------------------------
Part Resources:
DSPs: 90 (col length:60)
BRAMs: 100 (col length: RAMB18 60 RAMB36 30)
---------------------------------------------------------------------------------
Finished Part Resource Summary
---------------------------------------------------------------------------------
---------------------------------------------------------------------------------
Start Cross Boundary and Area Optimization
---------------------------------------------------------------------------------
Warning: Parallel synthesis criteria is not met 
INFO: [Synth 8-5545] ROM "slow_clk0" won't be mapped to RAM because address size (32) is larger than maximum supported(25)
INFO: [Synth 8-5545] ROM "slow_clk0" won't be mapped to RAM because address size (32) is larger than maximum supported(25)
INFO: [Synth 8-5546] ROM "is_y_stat0" won't be mapped to RAM because it is too sparse
INFO: [Synth 8-5545] ROM "nolabel_line36/slow_clk0" won't be mapped to RAM because address size (32) is larger than maximum supported(25)
INFO: [Synth 8-5545] ROM "nolabel_line29/slow_clk0" won't be mapped to RAM because address size (32) is larger than maximum supported(25)
INFO: [Synth 8-5545] ROM "nolabel_line44/get_fps_clock/slow_clk0" won't be mapped to RAM because address size (32) is larger than maximum supported(25)
INFO: [Synth 8-5546] ROM "nolabel_line44/proj_move" won't be mapped to RAM because it is too sparse
INFO: [Synth 8-5545] ROM "slow_clk0" won't be mapped to RAM because address size (32) is larger than maximum supported(25)
INFO: [Synth 8-5546] ROM "is_y_stat0" won't be mapped to RAM because it is too sparse
INFO: [Synth 8-5545] ROM "get_fps_clock/slow_clk0" won't be mapped to RAM because address size (32) is larger than maximum supported(25)
INFO: [Synth 8-5546] ROM "fsm_next_state0" won't be mapped to RAM because it is too sparse
INFO: [Synth 8-5546] ROM "fsm_next_state0" won't be mapped to RAM because it is too sparse
INFO: [Synth 8-3886] merging instance 'draw_sq/oled_data_reg[0]' (FDE) to 'draw_sq/oled_data_reg[4]'
INFO: [Synth 8-3886] merging instance 'draw_sq/oled_data_reg[1]' (FDE) to 'draw_sq/oled_data_reg[4]'
INFO: [Synth 8-3886] merging instance 'draw_sq/oled_data_reg[2]' (FDE) to 'draw_sq/oled_data_reg[4]'
INFO: [Synth 8-3886] merging instance 'draw_sq/oled_data_reg[3]' (FDE) to 'draw_sq/oled_data_reg[4]'
INFO: [Synth 8-3886] merging instance 'draw_sq/oled_data_reg[5]' (FDE) to 'draw_sq/oled_data_reg[10]'
INFO: [Synth 8-3886] merging instance 'draw_sq/oled_data_reg[6]' (FDE) to 'draw_sq/oled_data_reg[10]'
INFO: [Synth 8-3886] merging instance 'draw_sq/oled_data_reg[7]' (FDE) to 'draw_sq/oled_data_reg[10]'
INFO: [Synth 8-3886] merging instance 'draw_sq/oled_data_reg[8]' (FDE) to 'draw_sq/oled_data_reg[10]'
INFO: [Synth 8-3886] merging instance 'draw_sq/oled_data_reg[9]' (FDE) to 'draw_sq/oled_data_reg[10]'
INFO: [Synth 8-3886] merging instance 'draw_sq/oled_data_reg[11]' (FDE) to 'draw_sq/oled_data_reg[15]'
INFO: [Synth 8-3886] merging instance 'draw_sq/oled_data_reg[12]' (FDE) to 'draw_sq/oled_data_reg[15]'
INFO: [Synth 8-3886] merging instance 'draw_sq/oled_data_reg[13]' (FDE) to 'draw_sq/oled_data_reg[15]'
INFO: [Synth 8-3886] merging instance 'choose_direction/y_vect_reg[1]' (FDSE) to 'choose_direction/y_vect_reg[2]'
INFO: [Synth 8-3886] merging instance 'choose_direction/y_vect_reg[2]' (FDSE) to 'choose_direction/y_vect_reg[3]'
INFO: [Synth 8-3886] merging instance 'choose_direction/y_vect_reg[3]' (FDSE) to 'choose_direction/y_vect_reg[4]'
INFO: [Synth 8-3886] merging instance 'choose_direction/y_vect_reg[4]' (FDSE) to 'choose_direction/y_vect_reg[5]'
INFO: [Synth 8-3886] merging instance 'choose_direction/y_vect_reg[5]' (FDSE) to 'choose_direction/y_vect_reg[6]'
INFO: [Synth 8-3886] merging instance 'choose_direction/x_vect_reg[6]' (FD) to 'choose_direction/x_vect_reg[1]'
INFO: [Synth 8-3886] merging instance 'choose_direction/x_vect_reg[5]' (FD) to 'choose_direction/x_vect_reg[1]'
INFO: [Synth 8-3886] merging instance 'choose_direction/x_vect_reg[4]' (FD) to 'choose_direction/x_vect_reg[1]'
INFO: [Synth 8-3886] merging instance 'choose_direction/x_vect_reg[3]' (FD) to 'choose_direction/x_vect_reg[1]'
INFO: [Synth 8-3886] merging instance 'choose_direction/x_vect_reg[2]' (FD) to 'choose_direction/x_vect_reg[1]'
INFO: [Synth 8-3886] merging instance 'draw_sq/oled_data_reg[14]' (FDE) to 'draw_sq/oled_data_reg[15]'
WARNING: [Synth 8-3332] Sequential element (center_sq_colour_reg[15]) is unused and will be removed from module animate.
WARNING: [Synth 8-3332] Sequential element (center_sq_colour_reg[14]) is unused and will be removed from module animate.
WARNING: [Synth 8-3332] Sequential element (center_sq_colour_reg[13]) is unused and will be removed from module animate.
WARNING: [Synth 8-3332] Sequential element (center_sq_colour_reg[12]) is unused and will be removed from module animate.
WARNING: [Synth 8-3332] Sequential element (center_sq_colour_reg[11]) is unused and will be removed from module animate.
WARNING: [Synth 8-3332] Sequential element (center_sq_colour_reg[10]) is unused and will be removed from module animate.
WARNING: [Synth 8-3332] Sequential element (center_sq_colour_reg[9]) is unused and will be removed from module animate.
WARNING: [Synth 8-3332] Sequential element (center_sq_colour_reg[8]) is unused and will be removed from module animate.
WARNING: [Synth 8-3332] Sequential element (center_sq_colour_reg[7]) is unused and will be removed from module animate.
WARNING: [Synth 8-3332] Sequential element (center_sq_colour_reg[6]) is unused and will be removed from module animate.
WARNING: [Synth 8-3332] Sequential element (center_sq_colour_reg[5]) is unused and will be removed from module animate.
WARNING: [Synth 8-3332] Sequential element (center_sq_colour_reg[4]) is unused and will be removed from module animate.
WARNING: [Synth 8-3332] Sequential element (center_sq_colour_reg[3]) is unused and will be removed from module animate.
WARNING: [Synth 8-3332] Sequential element (center_sq_colour_reg[2]) is unused and will be removed from module animate.
WARNING: [Synth 8-3332] Sequential element (center_sq_colour_reg[1]) is unused and will be removed from module animate.
WARNING: [Synth 8-3332] Sequential element (center_sq_colour_reg[0]) is unused and will be removed from module animate.
WARNING: [Synth 8-3332] Sequential element (sprite_no_reg[1]) is unused and will be removed from module animate.
WARNING: [Synth 8-3332] Sequential element (sprite_no_reg[0]) is unused and will be removed from module animate.
WARNING: [Synth 8-3332] Sequential element (jump_time_reg[31]) is unused and will be removed from module enimate.
WARNING: [Synth 8-3332] Sequential element (jump_time_reg[30]) is unused and will be removed from module enimate.
WARNING: [Synth 8-3332] Sequential element (jump_time_reg[29]) is unused and will be removed from module enimate.
WARNING: [Synth 8-3332] Sequential element (jump_time_reg[28]) is unused and will be removed from module enimate.
WARNING: [Synth 8-3332] Sequential element (jump_time_reg[27]) is unused and will be removed from module enimate.
WARNING: [Synth 8-3332] Sequential element (jump_time_reg[26]) is unused and will be removed from module enimate.
WARNING: [Synth 8-3332] Sequential element (jump_time_reg[25]) is unused and will be removed from module enimate.
WARNING: [Synth 8-3332] Sequential element (jump_time_reg[24]) is unused and will be removed from module enimate.
WARNING: [Synth 8-3332] Sequential element (jump_time_reg[23]) is unused and will be removed from module enimate.
WARNING: [Synth 8-3332] Sequential element (jump_time_reg[22]) is unused and will be removed from module enimate.
WARNING: [Synth 8-3332] Sequential element (jump_time_reg[21]) is unused and will be removed from module enimate.
WARNING: [Synth 8-3332] Sequential element (jump_time_reg[20]) is unused and will be removed from module enimate.
WARNING: [Synth 8-3332] Sequential element (jump_time_reg[19]) is unused and will be removed from module enimate.
WARNING: [Synth 8-3332] Sequential element (jump_time_reg[18]) is unused and will be removed from module enimate.
WARNING: [Synth 8-3332] Sequential element (jump_time_reg[17]) is unused and will be removed from module enimate.
WARNING: [Synth 8-3332] Sequential element (jump_time_reg[16]) is unused and will be removed from module enimate.
WARNING: [Synth 8-3332] Sequential element (jump_time_reg[15]) is unused and will be removed from module enimate.
WARNING: [Synth 8-3332] Sequential element (jump_time_reg[14]) is unused and will be removed from module enimate.
WARNING: [Synth 8-3332] Sequential element (jump_time_reg[13]) is unused and will be removed from module enimate.
WARNING: [Synth 8-3332] Sequential element (jump_time_reg[12]) is unused and will be removed from module enimate.
WARNING: [Synth 8-3332] Sequential element (jump_time_reg[11]) is unused and will be removed from module enimate.
WARNING: [Synth 8-3332] Sequential element (jump_time_reg[10]) is unused and will be removed from module enimate.
WARNING: [Synth 8-3332] Sequential element (jump_time_reg[9]) is unused and will be removed from module enimate.
WARNING: [Synth 8-3332] Sequential element (jump_time_reg[8]) is unused and will be removed from module enimate.
WARNING: [Synth 8-3332] Sequential element (jump_time_reg[7]) is unused and will be removed from module enimate.
WARNING: [Synth 8-3332] Sequential element (jump_time_reg[6]) is unused and will be removed from module enimate.
WARNING: [Synth 8-3332] Sequential element (jump_time_reg[5]) is unused and will be removed from module enimate.
WARNING: [Synth 8-3332] Sequential element (jump_time_reg[4]) is unused and will be removed from module enimate.
WARNING: [Synth 8-3332] Sequential element (jump_time_reg[3]) is unused and will be removed from module enimate.
WARNING: [Synth 8-3332] Sequential element (jump_time_reg[2]) is unused and will be removed from module enimate.
WARNING: [Synth 8-3332] Sequential element (jump_time_reg[1]) is unused and will be removed from module enimate.
WARNING: [Synth 8-3332] Sequential element (jump_time_reg[0]) is unused and will be removed from module enimate.
WARNING: [Synth 8-3332] Sequential element (center_sq_colour_reg[15]) is unused and will be removed from module enimate.
WARNING: [Synth 8-3332] Sequential element (center_sq_colour_reg[14]) is unused and will be removed from module enimate.
WARNING: [Synth 8-3332] Sequential element (center_sq_colour_reg[13]) is unused and will be removed from module enimate.
WARNING: [Synth 8-3332] Sequential element (center_sq_colour_reg[12]) is unused and will be removed from module enimate.
WARNING: [Synth 8-3332] Sequential element (center_sq_colour_reg[11]) is unused and will be removed from module enimate.
WARNING: [Synth 8-3332] Sequential element (center_sq_colour_reg[10]) is unused and will be removed from module enimate.
WARNING: [Synth 8-3332] Sequential element (center_sq_colour_reg[9]) is unused and will be removed from module enimate.
WARNING: [Synth 8-3332] Sequential element (center_sq_colour_reg[8]) is unused and will be removed from module enimate.
WARNING: [Synth 8-3332] Sequential element (center_sq_colour_reg[7]) is unused and will be removed from module enimate.
WARNING: [Synth 8-3332] Sequential element (center_sq_colour_reg[6]) is unused and will be removed from module enimate.
WARNING: [Synth 8-3332] Sequential element (center_sq_colour_reg[5]) is unused and will be removed from module enimate.
WARNING: [Synth 8-3332] Sequential element (center_sq_colour_reg[4]) is unused and will be removed from module enimate.
WARNING: [Synth 8-3332] Sequential element (center_sq_colour_reg[3]) is unused and will be removed from module enimate.
WARNING: [Synth 8-3332] Sequential element (center_sq_colour_reg[2]) is unused and will be removed from module enimate.
WARNING: [Synth 8-3332] Sequential element (center_sq_colour_reg[1]) is unused and will be removed from module enimate.
WARNING: [Synth 8-3332] Sequential element (center_sq_colour_reg[0]) is unused and will be removed from module enimate.
WARNING: [Synth 8-3332] Sequential element (center_sq_colour_reg[15]) is unused and will be removed from module muffinimate.
WARNING: [Synth 8-3332] Sequential element (center_sq_colour_reg[14]) is unused and will be removed from module muffinimate.
WARNING: [Synth 8-3332] Sequential element (center_sq_colour_reg[13]) is unused and will be removed from module muffinimate.
WARNING: [Synth 8-3332] Sequential element (center_sq_colour_reg[12]) is unused and will be removed from module muffinimate.
WARNING: [Synth 8-3332] Sequential element (center_sq_colour_reg[11]) is unused and will be removed from module muffinimate.
WARNING: [Synth 8-3332] Sequential element (center_sq_colour_reg[10]) is unused and will be removed from module muffinimate.
WARNING: [Synth 8-3332] Sequential element (center_sq_colour_reg[9]) is unused and will be removed from module muffinimate.
WARNING: [Synth 8-3332] Sequential element (center_sq_colour_reg[8]) is unused and will be removed from module muffinimate.
WARNING: [Synth 8-3332] Sequential element (center_sq_colour_reg[7]) is unused and will be removed from module muffinimate.
WARNING: [Synth 8-3332] Sequential element (center_sq_colour_reg[6]) is unused and will be removed from module muffinimate.
WARNING: [Synth 8-3332] Sequential element (center_sq_colour_reg[5]) is unused and will be removed from module muffinimate.
WARNING: [Synth 8-3332] Sequential element (center_sq_colour_reg[4]) is unused and will be removed from module muffinimate.
WARNING: [Synth 8-3332] Sequential element (center_sq_colour_reg[3]) is unused and will be removed from module muffinimate.
WARNING: [Synth 8-3332] Sequential element (center_sq_colour_reg[2]) is unused and will be removed from module muffinimate.
WARNING: [Synth 8-3332] Sequential element (center_sq_colour_reg[1]) is unused and will be removed from module muffinimate.
WARNING: [Synth 8-3332] Sequential element (center_sq_colour_reg[0]) is unused and will be removed from module muffinimate.
---------------------------------------------------------------------------------
Finished Cross Boundary and Area Optimization : Time (s): cpu = 00:00:14 ; elapsed = 00:00:27 . Memory (MB): peak = 763.148 ; gain = 503.578
---------------------------------------------------------------------------------

Report RTL Partitions: 
+-+--------------+------------+----------+
| |RTL Partition |Replication |Instances |
+-+--------------+------------+----------+
+-+--------------+------------+----------+
---------------------------------------------------------------------------------
Start Applying XDC Timing Constraints
---------------------------------------------------------------------------------
---------------------------------------------------------------------------------
Finished Applying XDC Timing Constraints : Time (s): cpu = 00:00:17 ; elapsed = 00:00:34 . Memory (MB): peak = 767.039 ; gain = 507.469
---------------------------------------------------------------------------------
---------------------------------------------------------------------------------
Start Timing Optimization
---------------------------------------------------------------------------------
---------------------------------------------------------------------------------
Finished Timing Optimization : Time (s): cpu = 00:00:18 ; elapsed = 00:00:34 . Memory (MB): peak = 790.270 ; gain = 530.699
---------------------------------------------------------------------------------

Report RTL Partitions: 
+-+--------------+------------+----------+
| |RTL Partition |Replication |Instances |
+-+--------------+------------+----------+
+-+--------------+------------+----------+
---------------------------------------------------------------------------------
Start Technology Mapping
---------------------------------------------------------------------------------
WARNING: [Synth 8-3332] Sequential element (animate_hero/jump_time_reg[31]) is unused and will be removed from module Top_Student.
WARNING: [Synth 8-3332] Sequential element (animate_hero/jump_time_reg[30]) is unused and will be removed from module Top_Student.
WARNING: [Synth 8-3332] Sequential element (animate_hero/jump_time_reg[29]) is unused and will be removed from module Top_Student.
WARNING: [Synth 8-3332] Sequential element (animate_hero/jump_time_reg[28]) is unused and will be removed from module Top_Student.
WARNING: [Synth 8-3332] Sequential element (animate_hero/jump_time_reg[27]) is unused and will be removed from module Top_Student.
WARNING: [Synth 8-3332] Sequential element (animate_hero/jump_time_reg[26]) is unused and will be removed from module Top_Student.
WARNING: [Synth 8-3332] Sequential element (animate_hero/jump_time_reg[25]) is unused and will be removed from module Top_Student.
WARNING: [Synth 8-3332] Sequential element (animate_hero/jump_time_reg[24]) is unused and will be removed from module Top_Student.
WARNING: [Synth 8-3332] Sequential element (animate_hero/jump_time_reg[23]) is unused and will be removed from module Top_Student.
WARNING: [Synth 8-3332] Sequential element (animate_hero/jump_time_reg[22]) is unused and will be removed from module Top_Student.
WARNING: [Synth 8-3332] Sequential element (animate_hero/jump_time_reg[21]) is unused and will be removed from module Top_Student.
WARNING: [Synth 8-3332] Sequential element (animate_hero/jump_time_reg[20]) is unused and will be removed from module Top_Student.
WARNING: [Synth 8-3332] Sequential element (animate_hero/jump_time_reg[19]) is unused and will be removed from module Top_Student.
WARNING: [Synth 8-3332] Sequential element (animate_hero/jump_time_reg[18]) is unused and will be removed from module Top_Student.
WARNING: [Synth 8-3332] Sequential element (animate_hero/jump_time_reg[17]) is unused and will be removed from module Top_Student.
WARNING: [Synth 8-3332] Sequential element (animate_hero/jump_time_reg[16]) is unused and will be removed from module Top_Student.
WARNING: [Synth 8-3332] Sequential element (animate_hero/jump_time_reg[15]) is unused and will be removed from module Top_Student.
WARNING: [Synth 8-3332] Sequential element (animate_hero/jump_time_reg[14]) is unused and will be removed from module Top_Student.
INFO: [Common 17-14] Message 'Synth 8-3332' appears 100 times and further instances of the messages will be disabled. Use the Tcl command set_msg_config to change the current settings.
---------------------------------------------------------------------------------
Finished Technology Mapping : Time (s): cpu = 00:00:19 ; elapsed = 00:00:36 . Memory (MB): peak = 882.590 ; gain = 623.020
---------------------------------------------------------------------------------

Report RTL Partitions: 
+-+--------------+------------+----------+
| |RTL Partition |Replication |Instances |
+-+--------------+------------+----------+
+-+--------------+------------+----------+
---------------------------------------------------------------------------------
Start IO Insertion
---------------------------------------------------------------------------------
---------------------------------------------------------------------------------
Start Flattening Before IO Insertion
---------------------------------------------------------------------------------
---------------------------------------------------------------------------------
Finished Flattening Before IO Insertion
---------------------------------------------------------------------------------
---------------------------------------------------------------------------------
Start Final Netlist Cleanup
---------------------------------------------------------------------------------
---------------------------------------------------------------------------------
Finished Final Netlist Cleanup
---------------------------------------------------------------------------------
---------------------------------------------------------------------------------
Finished IO Insertion : Time (s): cpu = 00:00:19 ; elapsed = 00:00:37 . Memory (MB): peak = 882.590 ; gain = 623.020
---------------------------------------------------------------------------------

Report Check Netlist: 
+------+------------------+-------+---------+-------+------------------+
|      |Item              |Errors |Warnings |Status |Description       |
+------+------------------+-------+---------+-------+------------------+
|1     |multi_driven_nets |      0|        0|Passed |Multi driven nets |
+------+------------------+-------+---------+-------+------------------+
---------------------------------------------------------------------------------
Start Renaming Generated Instances
---------------------------------------------------------------------------------
---------------------------------------------------------------------------------
Finished Renaming Generated Instances : Time (s): cpu = 00:00:19 ; elapsed = 00:00:37 . Memory (MB): peak = 882.590 ; gain = 623.020
---------------------------------------------------------------------------------

Report RTL Partitions: 
+-+--------------+------------+----------+
| |RTL Partition |Replication |Instances |
+-+--------------+------------+----------+
+-+--------------+------------+----------+
---------------------------------------------------------------------------------
Start Rebuilding User Hierarchy
---------------------------------------------------------------------------------
---------------------------------------------------------------------------------
Finished Rebuilding User Hierarchy : Time (s): cpu = 00:00:19 ; elapsed = 00:00:37 . Memory (MB): peak = 882.590 ; gain = 623.020
---------------------------------------------------------------------------------
---------------------------------------------------------------------------------
Start Renaming Generated Ports
---------------------------------------------------------------------------------
---------------------------------------------------------------------------------
Finished Renaming Generated Ports : Time (s): cpu = 00:00:19 ; elapsed = 00:00:37 . Memory (MB): peak = 882.590 ; gain = 623.020
---------------------------------------------------------------------------------
---------------------------------------------------------------------------------
Start Handling Custom Attributes
---------------------------------------------------------------------------------
---------------------------------------------------------------------------------
Finished Handling Custom Attributes : Time (s): cpu = 00:00:19 ; elapsed = 00:00:37 . Memory (MB): peak = 882.590 ; gain = 623.020
---------------------------------------------------------------------------------
---------------------------------------------------------------------------------
Start Renaming Generated Nets
---------------------------------------------------------------------------------
---------------------------------------------------------------------------------
Finished Renaming Generated Nets : Time (s): cpu = 00:00:19 ; elapsed = 00:00:37 . Memory (MB): peak = 882.590 ; gain = 623.020
---------------------------------------------------------------------------------
---------------------------------------------------------------------------------
Start Writing Synthesis Report
---------------------------------------------------------------------------------

Report BlackBoxes: 
+-+--------------+----------+
| |BlackBox name |Instances |
+-+--------------+----------+
+-+--------------+----------+

Report Cell Usage: 
+------+-------+------+
|      |Cell   |Count |
+------+-------+------+
|1     |BUFG   |     6|
|2     |CARRY4 |   834|
|3     |LUT1   |   168|
|4     |LUT2   |   796|
|5     |LUT3   |   711|
|6     |LUT4   |   671|
|7     |LUT5   |   873|
|8     |LUT6   |  1811|
|9     |MUXF7  |     2|
|10    |FDE_1  |    32|
|11    |FDRE   |   613|
|12    |FDSE   |     4|
|13    |IBUF   |     6|
|14    |OBUF   |    10|
|15    |OBUFT  |     1|
+------+-------+------+

Report Instance Areas: 
+------+---------------------+-------------------+------+
|      |Instance             |Module             |Cells |
+------+---------------------+-------------------+------+
|1     |top                  |                   |  6538|
|2     |  Q3A1               |Oled_Display       |   638|
|3     |  animate_enemy      |enimate            |  1943|
|4     |    get_fps_clock    |flexy_clock_5      |    63|
|5     |  animate_hero       |animate            |  2115|
|6     |    get_fps_clock    |flexy_clock_4      |    63|
|7     |  animate_muffin     |muffinimate        |  1095|
|8     |    get_fps_clock    |flexy_clock_3      |    55|
|9     |  animate_projectile |projectile_animate |   256|
|10    |    nolabel_line44   |laser_shot         |   256|
|11    |      get_fps_clock  |flexy_clock_2      |    53|
|12    |  choose_direction   |direction_mux      |   100|
|13    |  clk_6p25MHz        |flexy_clock        |    64|
|14    |  draw_sq            |make_square        |    69|
|15    |    draw_sprite_1    |sprite_1           |     4|
|16    |    draw_sprite_2    |sprite_2           |     3|
|17    |    draw_sprite_3    |sprite_3           |     5|
|18    |  nolabel_line86     |hero_damage        |   151|
|19    |    nolabel_line36   |flexy_clock_1      |    54|
|20    |  nolabel_line87     |touch_muff         |    72|
|21    |    nolabel_line29   |flexy_clock_0      |    54|
+------+---------------------+-------------------+------+
---------------------------------------------------------------------------------
Finished Writing Synthesis Report : Time (s): cpu = 00:00:19 ; elapsed = 00:00:37 . Memory (MB): peak = 882.590 ; gain = 623.020
---------------------------------------------------------------------------------
Synthesis finished with 0 errors, 0 critical warnings and 502 warnings.
Synthesis Optimization Runtime : Time (s): cpu = 00:00:15 ; elapsed = 00:00:30 . Memory (MB): peak = 882.590 ; gain = 273.781
Synthesis Optimization Complete : Time (s): cpu = 00:00:19 ; elapsed = 00:00:37 . Memory (MB): peak = 882.590 ; gain = 623.020
INFO: [Project 1-571] Translating synthesized netlist
INFO: [Netlist 29-17] Analyzing 874 Unisim elements for replacement
INFO: [Netlist 29-28] Unisim Transformation completed in 0 CPU seconds
INFO: [Project 1-570] Preparing netlist for logic optimization
INFO: [Opt 31-138] Pushed 0 inverter(s) to 0 load pin(s).
INFO: [Project 1-111] Unisim Transformation Summary:
  A total of 32 instances were transformed.
  FDE_1 => FDRE (inverted pins: C): 32 instances

INFO: [Common 17-83] Releasing license: Synthesis
98 Infos, 242 Warnings, 2 Critical Warnings and 0 Errors encountered.
synth_design completed successfully
synth_design: Time (s): cpu = 00:00:20 ; elapsed = 00:00:40 . Memory (MB): peak = 882.590 ; gain = 635.902
WARNING: [Constraints 18-5210] No constraint will be written out.
INFO: [Common 17-1381] The checkpoint 'C:/Users/cyber/Desktop/Kashfy-EE2026-Vivado/MODS/MODS.runs/synth_1/Top_Student.dcp' has been generated.
INFO: [runtcl-4] Executing : report_utilization -file Top_Student_utilization_synth.rpt -pb Top_Student_utilization_synth.pb
report_utilization: Time (s): cpu = 00:00:00 ; elapsed = 00:00:00.047 . Memory (MB): peak = 882.590 ; gain = 0.000
INFO: [Common 17-206] Exiting Vivado at Thu Oct 31 23:03:04 2024...
