Copyright 1986-2018 Xilinx, Inc. All Rights Reserved.
-----------------------------------------------------------------------------------------------------------------------------------------------------------------------------------------------------
| Tool Version : Vivado v.2018.2 (win64) Build 2258646 Thu Jun 14 20:03:12 MDT 2018
| Date         : Thu Oct 24 16:12:10 2024
| Host         : Kashfy-yoga7 running 64-bit major release  (build 9200)
| Command      : report_timing_summary -max_paths 10 -file top_module_timing_summary_routed.rpt -pb top_module_timing_summary_routed.pb -rpx top_module_timing_summary_routed.rpx -warn_on_violation
| Design       : top_module
| Device       : 7a35t-cpg236
| Speed File   : -1  PRODUCTION 1.22 2018-03-21
-----------------------------------------------------------------------------------------------------------------------------------------------------------------------------------------------------

Timing Summary Report

------------------------------------------------------------------------------------------------
| Timer Settings
| --------------
------------------------------------------------------------------------------------------------

  Enable Multi Corner Analysis               :  Yes
  Enable Pessimism Removal                   :  Yes
  Pessimism Removal Resolution               :  Nearest Common Node
  Enable Input Delay Default Clock           :  No
  Enable Preset / Clear Arcs                 :  No
  Disable Flight Delays                      :  No
  Ignore I/O Paths                           :  No
  Timing Early Launch at Borrowing Latches   :  false

  Corner  Analyze    Analyze    
  Name    Max Paths  Min Paths  
  ------  ---------  ---------  
  Slow    Yes        Yes        
  Fast    Yes        Yes        



check_timing report

Table of Contents
-----------------
1. checking no_clock
2. checking constant_clock
3. checking pulse_width_clock
4. checking unconstrained_internal_endpoints
5. checking no_input_delay
6. checking no_output_delay
7. checking multiple_clock
8. checking generated_clocks
9. checking loops
10. checking partial_input_delay
11. checking partial_output_delay
12. checking latch_loops

1. checking no_clock
--------------------
 There are 12 register/latch pins with no clock driven by root clock pin: nolabel_line35/nolabel_line43/move_right/slow_clk_reg/Q (HIGH)


2. checking constant_clock
--------------------------
 There are 0 register/latch pins with constant_clock.


3. checking pulse_width_clock
-----------------------------
 There are 0 register/latch pins which need pulse_width check


4. checking unconstrained_internal_endpoints
--------------------------------------------
 There are 20 pins that are not constrained for maximum delay. (HIGH)

 There are 0 pins that are not constrained for maximum delay due to constant clock.


5. checking no_input_delay
--------------------------
 There is 1 input port with no input delay specified. (HIGH)

 There are 0 input ports with no input delay but user has a false path constraint.


6. checking no_output_delay
---------------------------
 There are 12 ports with no output delay specified. (HIGH)

 There are 0 ports with no output delay but user has a false path constraint

 There are 0 ports with no output delay but with a timing clock defined on it or propagating through it


7. checking multiple_clock
--------------------------
 There are 0 register/latch pins with multiple clocks.


8. checking generated_clocks
----------------------------
 There are 0 generated clocks that are not connected to a clock source.


9. checking loops
-----------------
 There are 0 combinational loops in the design.


10. checking partial_input_delay
--------------------------------
 There are 0 input ports with partial input delay specified.


11. checking partial_output_delay
---------------------------------
 There are 0 ports with partial output delay specified.


12. checking latch_loops
------------------------
 There are 0 combinational latch loops in the design through latch input



------------------------------------------------------------------------------------------------
| Design Timing Summary
| ---------------------
------------------------------------------------------------------------------------------------

    WNS(ns)      TNS(ns)  TNS Failing Endpoints  TNS Total Endpoints      WHS(ns)      THS(ns)  THS Failing Endpoints  THS Total Endpoints     WPWS(ns)     TPWS(ns)  TPWS Failing Endpoints  TPWS Total Endpoints  
    -------      -------  ---------------------  -------------------      -------      -------  ---------------------  -------------------     --------     --------  ----------------------  --------------------  
      5.572        0.000                      0                   91        0.265        0.000                      0                   91        4.500        0.000                       0                    48  


All user specified timing constraints are met.


------------------------------------------------------------------------------------------------
| Clock Summary
| -------------
------------------------------------------------------------------------------------------------

Clock        Waveform(ns)       Period(ns)      Frequency(MHz)
-----        ------------       ----------      --------------
sys_clk_pin  {0.000 5.000}      10.000          100.000         


------------------------------------------------------------------------------------------------
| Intra Clock Table
| -----------------
------------------------------------------------------------------------------------------------

Clock             WNS(ns)      TNS(ns)  TNS Failing Endpoints  TNS Total Endpoints      WHS(ns)      THS(ns)  THS Failing Endpoints  THS Total Endpoints     WPWS(ns)     TPWS(ns)  TPWS Failing Endpoints  TPWS Total Endpoints  
-----             -------      -------  ---------------------  -------------------      -------      -------  ---------------------  -------------------     --------     --------  ----------------------  --------------------  
sys_clk_pin         5.572        0.000                      0                   91        0.265        0.000                      0                   91        4.500        0.000                       0                    48  


------------------------------------------------------------------------------------------------
| Inter Clock Table
| -----------------
------------------------------------------------------------------------------------------------

From Clock    To Clock          WNS(ns)      TNS(ns)  TNS Failing Endpoints  TNS Total Endpoints      WHS(ns)      THS(ns)  THS Failing Endpoints  THS Total Endpoints  
----------    --------          -------      -------  ---------------------  -------------------      -------      -------  ---------------------  -------------------  


------------------------------------------------------------------------------------------------
| Other Path Groups Table
| -----------------------
------------------------------------------------------------------------------------------------

Path Group    From Clock    To Clock          WNS(ns)      TNS(ns)  TNS Failing Endpoints  TNS Total Endpoints      WHS(ns)      THS(ns)  THS Failing Endpoints  THS Total Endpoints  
----------    ----------    --------          -------      -------  ---------------------  -------------------      -------      -------  ---------------------  -------------------  


------------------------------------------------------------------------------------------------
| Timing Details
| --------------
------------------------------------------------------------------------------------------------


---------------------------------------------------------------------------------------------------
From Clock:  sys_clk_pin
  To Clock:  sys_clk_pin

Setup :            0  Failing Endpoints,  Worst Slack        5.572ns,  Total Violation        0.000ns
Hold  :            0  Failing Endpoints,  Worst Slack        0.265ns,  Total Violation        0.000ns
PW    :            0  Failing Endpoints,  Worst Slack        4.500ns,  Total Violation        0.000ns
---------------------------------------------------------------------------------------------------


Max Delay Paths
--------------------------------------------------------------------------------------
Slack (MET) :             5.572ns  (required time - arrival time)
  Source:                 nolabel_line35/nolabel_line43/move_right/COUNT_reg[0]/C
                            (rising edge-triggered cell FDRE clocked by sys_clk_pin  {rise@0.000ns fall@5.000ns period=10.000ns})
  Destination:            nolabel_line35/nolabel_line43/move_right/COUNT_reg[28]/R
                            (rising edge-triggered cell FDRE clocked by sys_clk_pin  {rise@0.000ns fall@5.000ns period=10.000ns})
  Path Group:             sys_clk_pin
  Path Type:              Setup (Max at Slow Process Corner)
  Requirement:            10.000ns  (sys_clk_pin rise@10.000ns - sys_clk_pin rise@0.000ns)
  Data Path Delay:        3.837ns  (logic 0.766ns (19.965%)  route 3.071ns (80.035%))
  Logic Levels:           2  (LUT2=1 LUT6=1)
  Clock Path Skew:        -0.032ns (DCD - SCD + CPR)
    Destination Clock Delay (DCD):    4.848ns = ( 14.848 - 10.000 ) 
    Source Clock Delay      (SCD):    5.140ns
    Clock Pessimism Removal (CPR):    0.260ns
  Clock Uncertainty:      0.035ns  ((TSJ^2 + TIJ^2)^1/2 + DJ) / 2 + PE
    Total System Jitter     (TSJ):    0.071ns
    Total Input Jitter      (TIJ):    0.000ns
    Discrete Jitter          (DJ):    0.000ns
    Phase Error              (PE):    0.000ns

    Location             Delay type                Incr(ns)  Path(ns)    Netlist Resource(s)
  -------------------------------------------------------------------    -------------------
                         (clock sys_clk_pin rise edge)
                                                      0.000     0.000 r  
    W5                                                0.000     0.000 r  clk (IN)
                         net (fo=0)                   0.000     0.000    clk
    W5                   IBUF (Prop_ibuf_I_O)         1.458     1.458 r  clk_IBUF_inst/O
                         net (fo=1, routed)           1.967     3.425    clk_IBUF
    BUFGCTRL_X0Y0        BUFG (Prop_bufg_I_O)         0.096     3.521 r  clk_IBUF_BUFG_inst/O
                         net (fo=47, routed)          1.619     5.140    nolabel_line35/nolabel_line43/move_right/clk
    SLICE_X60Y23         FDRE                                         r  nolabel_line35/nolabel_line43/move_right/COUNT_reg[0]/C
  -------------------------------------------------------------------    -------------------
    SLICE_X60Y23         FDRE (Prop_fdre_C_Q)         0.518     5.658 r  nolabel_line35/nolabel_line43/move_right/COUNT_reg[0]/Q
                         net (fo=3, routed)           1.159     6.817    nolabel_line35/nolabel_line43/move_right/COUNT_reg[0]
    SLICE_X61Y26         LUT2 (Prop_lut2_I0_O)        0.124     6.941 r  nolabel_line35/nolabel_line43/move_right/COUNT[0]_i_3/O
                         net (fo=1, routed)           0.877     7.818    nolabel_line35/nolabel_line43/move_right/COUNT[0]_i_3_n_0
    SLICE_X61Y26         LUT6 (Prop_lut6_I0_O)        0.124     7.942 r  nolabel_line35/nolabel_line43/move_right/COUNT[0]_i_1/O
                         net (fo=32, routed)          1.035     8.977    nolabel_line35/nolabel_line43/move_right/clear
    SLICE_X60Y30         FDRE                                         r  nolabel_line35/nolabel_line43/move_right/COUNT_reg[28]/R
  -------------------------------------------------------------------    -------------------

                         (clock sys_clk_pin rise edge)
                                                     10.000    10.000 r  
    W5                                                0.000    10.000 r  clk (IN)
                         net (fo=0)                   0.000    10.000    clk
    W5                   IBUF (Prop_ibuf_I_O)         1.388    11.388 r  clk_IBUF_inst/O
                         net (fo=1, routed)           1.862    13.250    clk_IBUF
    BUFGCTRL_X0Y0        BUFG (Prop_bufg_I_O)         0.091    13.341 r  clk_IBUF_BUFG_inst/O
                         net (fo=47, routed)          1.507    14.848    nolabel_line35/nolabel_line43/move_right/clk
    SLICE_X60Y30         FDRE                                         r  nolabel_line35/nolabel_line43/move_right/COUNT_reg[28]/C
                         clock pessimism              0.260    15.108    
                         clock uncertainty           -0.035    15.073    
    SLICE_X60Y30         FDRE (Setup_fdre_C_R)       -0.524    14.549    nolabel_line35/nolabel_line43/move_right/COUNT_reg[28]
  -------------------------------------------------------------------
                         required time                         14.549    
                         arrival time                          -8.977    
  -------------------------------------------------------------------
                         slack                                  5.572    

Slack (MET) :             5.572ns  (required time - arrival time)
  Source:                 nolabel_line35/nolabel_line43/move_right/COUNT_reg[0]/C
                            (rising edge-triggered cell FDRE clocked by sys_clk_pin  {rise@0.000ns fall@5.000ns period=10.000ns})
  Destination:            nolabel_line35/nolabel_line43/move_right/COUNT_reg[29]/R
                            (rising edge-triggered cell FDRE clocked by sys_clk_pin  {rise@0.000ns fall@5.000ns period=10.000ns})
  Path Group:             sys_clk_pin
  Path Type:              Setup (Max at Slow Process Corner)
  Requirement:            10.000ns  (sys_clk_pin rise@10.000ns - sys_clk_pin rise@0.000ns)
  Data Path Delay:        3.837ns  (logic 0.766ns (19.965%)  route 3.071ns (80.035%))
  Logic Levels:           2  (LUT2=1 LUT6=1)
  Clock Path Skew:        -0.032ns (DCD - SCD + CPR)
    Destination Clock Delay (DCD):    4.848ns = ( 14.848 - 10.000 ) 
    Source Clock Delay      (SCD):    5.140ns
    Clock Pessimism Removal (CPR):    0.260ns
  Clock Uncertainty:      0.035ns  ((TSJ^2 + TIJ^2)^1/2 + DJ) / 2 + PE
    Total System Jitter     (TSJ):    0.071ns
    Total Input Jitter      (TIJ):    0.000ns
    Discrete Jitter          (DJ):    0.000ns
    Phase Error              (PE):    0.000ns

    Location             Delay type                Incr(ns)  Path(ns)    Netlist Resource(s)
  -------------------------------------------------------------------    -------------------
                         (clock sys_clk_pin rise edge)
                                                      0.000     0.000 r  
    W5                                                0.000     0.000 r  clk (IN)
                         net (fo=0)                   0.000     0.000    clk
    W5                   IBUF (Prop_ibuf_I_O)         1.458     1.458 r  clk_IBUF_inst/O
                         net (fo=1, routed)           1.967     3.425    clk_IBUF
    BUFGCTRL_X0Y0        BUFG (Prop_bufg_I_O)         0.096     3.521 r  clk_IBUF_BUFG_inst/O
                         net (fo=47, routed)          1.619     5.140    nolabel_line35/nolabel_line43/move_right/clk
    SLICE_X60Y23         FDRE                                         r  nolabel_line35/nolabel_line43/move_right/COUNT_reg[0]/C
  -------------------------------------------------------------------    -------------------
    SLICE_X60Y23         FDRE (Prop_fdre_C_Q)         0.518     5.658 r  nolabel_line35/nolabel_line43/move_right/COUNT_reg[0]/Q
                         net (fo=3, routed)           1.159     6.817    nolabel_line35/nolabel_line43/move_right/COUNT_reg[0]
    SLICE_X61Y26         LUT2 (Prop_lut2_I0_O)        0.124     6.941 r  nolabel_line35/nolabel_line43/move_right/COUNT[0]_i_3/O
                         net (fo=1, routed)           0.877     7.818    nolabel_line35/nolabel_line43/move_right/COUNT[0]_i_3_n_0
    SLICE_X61Y26         LUT6 (Prop_lut6_I0_O)        0.124     7.942 r  nolabel_line35/nolabel_line43/move_right/COUNT[0]_i_1/O
                         net (fo=32, routed)          1.035     8.977    nolabel_line35/nolabel_line43/move_right/clear
    SLICE_X60Y30         FDRE                                         r  nolabel_line35/nolabel_line43/move_right/COUNT_reg[29]/R
  -------------------------------------------------------------------    -------------------

                         (clock sys_clk_pin rise edge)
                                                     10.000    10.000 r  
    W5                                                0.000    10.000 r  clk (IN)
                         net (fo=0)                   0.000    10.000    clk
    W5                   IBUF (Prop_ibuf_I_O)         1.388    11.388 r  clk_IBUF_inst/O
                         net (fo=1, routed)           1.862    13.250    clk_IBUF
    BUFGCTRL_X0Y0        BUFG (Prop_bufg_I_O)         0.091    13.341 r  clk_IBUF_BUFG_inst/O
                         net (fo=47, routed)          1.507    14.848    nolabel_line35/nolabel_line43/move_right/clk
    SLICE_X60Y30         FDRE                                         r  nolabel_line35/nolabel_line43/move_right/COUNT_reg[29]/C
                         clock pessimism              0.260    15.108    
                         clock uncertainty           -0.035    15.073    
    SLICE_X60Y30         FDRE (Setup_fdre_C_R)       -0.524    14.549    nolabel_line35/nolabel_line43/move_right/COUNT_reg[29]
  -------------------------------------------------------------------
                         required time                         14.549    
                         arrival time                          -8.977    
  -------------------------------------------------------------------
                         slack                                  5.572    

Slack (MET) :             5.572ns  (required time - arrival time)
  Source:                 nolabel_line35/nolabel_line43/move_right/COUNT_reg[0]/C
                            (rising edge-triggered cell FDRE clocked by sys_clk_pin  {rise@0.000ns fall@5.000ns period=10.000ns})
  Destination:            nolabel_line35/nolabel_line43/move_right/COUNT_reg[30]/R
                            (rising edge-triggered cell FDRE clocked by sys_clk_pin  {rise@0.000ns fall@5.000ns period=10.000ns})
  Path Group:             sys_clk_pin
  Path Type:              Setup (Max at Slow Process Corner)
  Requirement:            10.000ns  (sys_clk_pin rise@10.000ns - sys_clk_pin rise@0.000ns)
  Data Path Delay:        3.837ns  (logic 0.766ns (19.965%)  route 3.071ns (80.035%))
  Logic Levels:           2  (LUT2=1 LUT6=1)
  Clock Path Skew:        -0.032ns (DCD - SCD + CPR)
    Destination Clock Delay (DCD):    4.848ns = ( 14.848 - 10.000 ) 
    Source Clock Delay      (SCD):    5.140ns
    Clock Pessimism Removal (CPR):    0.260ns
  Clock Uncertainty:      0.035ns  ((TSJ^2 + TIJ^2)^1/2 + DJ) / 2 + PE
    Total System Jitter     (TSJ):    0.071ns
    Total Input Jitter      (TIJ):    0.000ns
    Discrete Jitter          (DJ):    0.000ns
    Phase Error              (PE):    0.000ns

    Location             Delay type                Incr(ns)  Path(ns)    Netlist Resource(s)
  -------------------------------------------------------------------    -------------------
                         (clock sys_clk_pin rise edge)
                                                      0.000     0.000 r  
    W5                                                0.000     0.000 r  clk (IN)
                         net (fo=0)                   0.000     0.000    clk
    W5                   IBUF (Prop_ibuf_I_O)         1.458     1.458 r  clk_IBUF_inst/O
                         net (fo=1, routed)           1.967     3.425    clk_IBUF
    BUFGCTRL_X0Y0        BUFG (Prop_bufg_I_O)         0.096     3.521 r  clk_IBUF_BUFG_inst/O
                         net (fo=47, routed)          1.619     5.140    nolabel_line35/nolabel_line43/move_right/clk
    SLICE_X60Y23         FDRE                                         r  nolabel_line35/nolabel_line43/move_right/COUNT_reg[0]/C
  -------------------------------------------------------------------    -------------------
    SLICE_X60Y23         FDRE (Prop_fdre_C_Q)         0.518     5.658 r  nolabel_line35/nolabel_line43/move_right/COUNT_reg[0]/Q
                         net (fo=3, routed)           1.159     6.817    nolabel_line35/nolabel_line43/move_right/COUNT_reg[0]
    SLICE_X61Y26         LUT2 (Prop_lut2_I0_O)        0.124     6.941 r  nolabel_line35/nolabel_line43/move_right/COUNT[0]_i_3/O
                         net (fo=1, routed)           0.877     7.818    nolabel_line35/nolabel_line43/move_right/COUNT[0]_i_3_n_0
    SLICE_X61Y26         LUT6 (Prop_lut6_I0_O)        0.124     7.942 r  nolabel_line35/nolabel_line43/move_right/COUNT[0]_i_1/O
                         net (fo=32, routed)          1.035     8.977    nolabel_line35/nolabel_line43/move_right/clear
    SLICE_X60Y30         FDRE                                         r  nolabel_line35/nolabel_line43/move_right/COUNT_reg[30]/R
  -------------------------------------------------------------------    -------------------

                         (clock sys_clk_pin rise edge)
                                                     10.000    10.000 r  
    W5                                                0.000    10.000 r  clk (IN)
                         net (fo=0)                   0.000    10.000    clk
    W5                   IBUF (Prop_ibuf_I_O)         1.388    11.388 r  clk_IBUF_inst/O
                         net (fo=1, routed)           1.862    13.250    clk_IBUF
    BUFGCTRL_X0Y0        BUFG (Prop_bufg_I_O)         0.091    13.341 r  clk_IBUF_BUFG_inst/O
                         net (fo=47, routed)          1.507    14.848    nolabel_line35/nolabel_line43/move_right/clk
    SLICE_X60Y30         FDRE                                         r  nolabel_line35/nolabel_line43/move_right/COUNT_reg[30]/C
                         clock pessimism              0.260    15.108    
                         clock uncertainty           -0.035    15.073    
    SLICE_X60Y30         FDRE (Setup_fdre_C_R)       -0.524    14.549    nolabel_line35/nolabel_line43/move_right/COUNT_reg[30]
  -------------------------------------------------------------------
                         required time                         14.549    
                         arrival time                          -8.977    
  -------------------------------------------------------------------
                         slack                                  5.572    

Slack (MET) :             5.572ns  (required time - arrival time)
  Source:                 nolabel_line35/nolabel_line43/move_right/COUNT_reg[0]/C
                            (rising edge-triggered cell FDRE clocked by sys_clk_pin  {rise@0.000ns fall@5.000ns period=10.000ns})
  Destination:            nolabel_line35/nolabel_line43/move_right/COUNT_reg[31]/R
                            (rising edge-triggered cell FDRE clocked by sys_clk_pin  {rise@0.000ns fall@5.000ns period=10.000ns})
  Path Group:             sys_clk_pin
  Path Type:              Setup (Max at Slow Process Corner)
  Requirement:            10.000ns  (sys_clk_pin rise@10.000ns - sys_clk_pin rise@0.000ns)
  Data Path Delay:        3.837ns  (logic 0.766ns (19.965%)  route 3.071ns (80.035%))
  Logic Levels:           2  (LUT2=1 LUT6=1)
  Clock Path Skew:        -0.032ns (DCD - SCD + CPR)
    Destination Clock Delay (DCD):    4.848ns = ( 14.848 - 10.000 ) 
    Source Clock Delay      (SCD):    5.140ns
    Clock Pessimism Removal (CPR):    0.260ns
  Clock Uncertainty:      0.035ns  ((TSJ^2 + TIJ^2)^1/2 + DJ) / 2 + PE
    Total System Jitter     (TSJ):    0.071ns
    Total Input Jitter      (TIJ):    0.000ns
    Discrete Jitter          (DJ):    0.000ns
    Phase Error              (PE):    0.000ns

    Location             Delay type                Incr(ns)  Path(ns)    Netlist Resource(s)
  -------------------------------------------------------------------    -------------------
                         (clock sys_clk_pin rise edge)
                                                      0.000     0.000 r  
    W5                                                0.000     0.000 r  clk (IN)
                         net (fo=0)                   0.000     0.000    clk
    W5                   IBUF (Prop_ibuf_I_O)         1.458     1.458 r  clk_IBUF_inst/O
                         net (fo=1, routed)           1.967     3.425    clk_IBUF
    BUFGCTRL_X0Y0        BUFG (Prop_bufg_I_O)         0.096     3.521 r  clk_IBUF_BUFG_inst/O
                         net (fo=47, routed)          1.619     5.140    nolabel_line35/nolabel_line43/move_right/clk
    SLICE_X60Y23         FDRE                                         r  nolabel_line35/nolabel_line43/move_right/COUNT_reg[0]/C
  -------------------------------------------------------------------    -------------------
    SLICE_X60Y23         FDRE (Prop_fdre_C_Q)         0.518     5.658 r  nolabel_line35/nolabel_line43/move_right/COUNT_reg[0]/Q
                         net (fo=3, routed)           1.159     6.817    nolabel_line35/nolabel_line43/move_right/COUNT_reg[0]
    SLICE_X61Y26         LUT2 (Prop_lut2_I0_O)        0.124     6.941 r  nolabel_line35/nolabel_line43/move_right/COUNT[0]_i_3/O
                         net (fo=1, routed)           0.877     7.818    nolabel_line35/nolabel_line43/move_right/COUNT[0]_i_3_n_0
    SLICE_X61Y26         LUT6 (Prop_lut6_I0_O)        0.124     7.942 r  nolabel_line35/nolabel_line43/move_right/COUNT[0]_i_1/O
                         net (fo=32, routed)          1.035     8.977    nolabel_line35/nolabel_line43/move_right/clear
    SLICE_X60Y30         FDRE                                         r  nolabel_line35/nolabel_line43/move_right/COUNT_reg[31]/R
  -------------------------------------------------------------------    -------------------

                         (clock sys_clk_pin rise edge)
                                                     10.000    10.000 r  
    W5                                                0.000    10.000 r  clk (IN)
                         net (fo=0)                   0.000    10.000    clk
    W5                   IBUF (Prop_ibuf_I_O)         1.388    11.388 r  clk_IBUF_inst/O
                         net (fo=1, routed)           1.862    13.250    clk_IBUF
    BUFGCTRL_X0Y0        BUFG (Prop_bufg_I_O)         0.091    13.341 r  clk_IBUF_BUFG_inst/O
                         net (fo=47, routed)          1.507    14.848    nolabel_line35/nolabel_line43/move_right/clk
    SLICE_X60Y30         FDRE                                         r  nolabel_line35/nolabel_line43/move_right/COUNT_reg[31]/C
                         clock pessimism              0.260    15.108    
                         clock uncertainty           -0.035    15.073    
    SLICE_X60Y30         FDRE (Setup_fdre_C_R)       -0.524    14.549    nolabel_line35/nolabel_line43/move_right/COUNT_reg[31]
  -------------------------------------------------------------------
                         required time                         14.549    
                         arrival time                          -8.977    
  -------------------------------------------------------------------
                         slack                                  5.572    

Slack (MET) :             5.710ns  (required time - arrival time)
  Source:                 nolabel_line35/nolabel_line43/move_right/COUNT_reg[0]/C
                            (rising edge-triggered cell FDRE clocked by sys_clk_pin  {rise@0.000ns fall@5.000ns period=10.000ns})
  Destination:            nolabel_line35/nolabel_line43/move_right/COUNT_reg[24]/R
                            (rising edge-triggered cell FDRE clocked by sys_clk_pin  {rise@0.000ns fall@5.000ns period=10.000ns})
  Path Group:             sys_clk_pin
  Path Type:              Setup (Max at Slow Process Corner)
  Requirement:            10.000ns  (sys_clk_pin rise@10.000ns - sys_clk_pin rise@0.000ns)
  Data Path Delay:        3.698ns  (logic 0.766ns (20.712%)  route 2.932ns (79.288%))
  Logic Levels:           2  (LUT2=1 LUT6=1)
  Clock Path Skew:        -0.032ns (DCD - SCD + CPR)
    Destination Clock Delay (DCD):    4.848ns = ( 14.848 - 10.000 ) 
    Source Clock Delay      (SCD):    5.140ns
    Clock Pessimism Removal (CPR):    0.260ns
  Clock Uncertainty:      0.035ns  ((TSJ^2 + TIJ^2)^1/2 + DJ) / 2 + PE
    Total System Jitter     (TSJ):    0.071ns
    Total Input Jitter      (TIJ):    0.000ns
    Discrete Jitter          (DJ):    0.000ns
    Phase Error              (PE):    0.000ns

    Location             Delay type                Incr(ns)  Path(ns)    Netlist Resource(s)
  -------------------------------------------------------------------    -------------------
                         (clock sys_clk_pin rise edge)
                                                      0.000     0.000 r  
    W5                                                0.000     0.000 r  clk (IN)
                         net (fo=0)                   0.000     0.000    clk
    W5                   IBUF (Prop_ibuf_I_O)         1.458     1.458 r  clk_IBUF_inst/O
                         net (fo=1, routed)           1.967     3.425    clk_IBUF
    BUFGCTRL_X0Y0        BUFG (Prop_bufg_I_O)         0.096     3.521 r  clk_IBUF_BUFG_inst/O
                         net (fo=47, routed)          1.619     5.140    nolabel_line35/nolabel_line43/move_right/clk
    SLICE_X60Y23         FDRE                                         r  nolabel_line35/nolabel_line43/move_right/COUNT_reg[0]/C
  -------------------------------------------------------------------    -------------------
    SLICE_X60Y23         FDRE (Prop_fdre_C_Q)         0.518     5.658 r  nolabel_line35/nolabel_line43/move_right/COUNT_reg[0]/Q
                         net (fo=3, routed)           1.159     6.817    nolabel_line35/nolabel_line43/move_right/COUNT_reg[0]
    SLICE_X61Y26         LUT2 (Prop_lut2_I0_O)        0.124     6.941 r  nolabel_line35/nolabel_line43/move_right/COUNT[0]_i_3/O
                         net (fo=1, routed)           0.877     7.818    nolabel_line35/nolabel_line43/move_right/COUNT[0]_i_3_n_0
    SLICE_X61Y26         LUT6 (Prop_lut6_I0_O)        0.124     7.942 r  nolabel_line35/nolabel_line43/move_right/COUNT[0]_i_1/O
                         net (fo=32, routed)          0.897     8.839    nolabel_line35/nolabel_line43/move_right/clear
    SLICE_X60Y29         FDRE                                         r  nolabel_line35/nolabel_line43/move_right/COUNT_reg[24]/R
  -------------------------------------------------------------------    -------------------

                         (clock sys_clk_pin rise edge)
                                                     10.000    10.000 r  
    W5                                                0.000    10.000 r  clk (IN)
                         net (fo=0)                   0.000    10.000    clk
    W5                   IBUF (Prop_ibuf_I_O)         1.388    11.388 r  clk_IBUF_inst/O
                         net (fo=1, routed)           1.862    13.250    clk_IBUF
    BUFGCTRL_X0Y0        BUFG (Prop_bufg_I_O)         0.091    13.341 r  clk_IBUF_BUFG_inst/O
                         net (fo=47, routed)          1.507    14.848    nolabel_line35/nolabel_line43/move_right/clk
    SLICE_X60Y29         FDRE                                         r  nolabel_line35/nolabel_line43/move_right/COUNT_reg[24]/C
                         clock pessimism              0.260    15.108    
                         clock uncertainty           -0.035    15.073    
    SLICE_X60Y29         FDRE (Setup_fdre_C_R)       -0.524    14.549    nolabel_line35/nolabel_line43/move_right/COUNT_reg[24]
  -------------------------------------------------------------------
                         required time                         14.549    
                         arrival time                          -8.839    
  -------------------------------------------------------------------
                         slack                                  5.710    

Slack (MET) :             5.710ns  (required time - arrival time)
  Source:                 nolabel_line35/nolabel_line43/move_right/COUNT_reg[0]/C
                            (rising edge-triggered cell FDRE clocked by sys_clk_pin  {rise@0.000ns fall@5.000ns period=10.000ns})
  Destination:            nolabel_line35/nolabel_line43/move_right/COUNT_reg[25]/R
                            (rising edge-triggered cell FDRE clocked by sys_clk_pin  {rise@0.000ns fall@5.000ns period=10.000ns})
  Path Group:             sys_clk_pin
  Path Type:              Setup (Max at Slow Process Corner)
  Requirement:            10.000ns  (sys_clk_pin rise@10.000ns - sys_clk_pin rise@0.000ns)
  Data Path Delay:        3.698ns  (logic 0.766ns (20.712%)  route 2.932ns (79.288%))
  Logic Levels:           2  (LUT2=1 LUT6=1)
  Clock Path Skew:        -0.032ns (DCD - SCD + CPR)
    Destination Clock Delay (DCD):    4.848ns = ( 14.848 - 10.000 ) 
    Source Clock Delay      (SCD):    5.140ns
    Clock Pessimism Removal (CPR):    0.260ns
  Clock Uncertainty:      0.035ns  ((TSJ^2 + TIJ^2)^1/2 + DJ) / 2 + PE
    Total System Jitter     (TSJ):    0.071ns
    Total Input Jitter      (TIJ):    0.000ns
    Discrete Jitter          (DJ):    0.000ns
    Phase Error              (PE):    0.000ns

    Location             Delay type                Incr(ns)  Path(ns)    Netlist Resource(s)
  -------------------------------------------------------------------    -------------------
                         (clock sys_clk_pin rise edge)
                                                      0.000     0.000 r  
    W5                                                0.000     0.000 r  clk (IN)
                         net (fo=0)                   0.000     0.000    clk
    W5                   IBUF (Prop_ibuf_I_O)         1.458     1.458 r  clk_IBUF_inst/O
                         net (fo=1, routed)           1.967     3.425    clk_IBUF
    BUFGCTRL_X0Y0        BUFG (Prop_bufg_I_O)         0.096     3.521 r  clk_IBUF_BUFG_inst/O
                         net (fo=47, routed)          1.619     5.140    nolabel_line35/nolabel_line43/move_right/clk
    SLICE_X60Y23         FDRE                                         r  nolabel_line35/nolabel_line43/move_right/COUNT_reg[0]/C
  -------------------------------------------------------------------    -------------------
    SLICE_X60Y23         FDRE (Prop_fdre_C_Q)         0.518     5.658 r  nolabel_line35/nolabel_line43/move_right/COUNT_reg[0]/Q
                         net (fo=3, routed)           1.159     6.817    nolabel_line35/nolabel_line43/move_right/COUNT_reg[0]
    SLICE_X61Y26         LUT2 (Prop_lut2_I0_O)        0.124     6.941 r  nolabel_line35/nolabel_line43/move_right/COUNT[0]_i_3/O
                         net (fo=1, routed)           0.877     7.818    nolabel_line35/nolabel_line43/move_right/COUNT[0]_i_3_n_0
    SLICE_X61Y26         LUT6 (Prop_lut6_I0_O)        0.124     7.942 r  nolabel_line35/nolabel_line43/move_right/COUNT[0]_i_1/O
                         net (fo=32, routed)          0.897     8.839    nolabel_line35/nolabel_line43/move_right/clear
    SLICE_X60Y29         FDRE                                         r  nolabel_line35/nolabel_line43/move_right/COUNT_reg[25]/R
  -------------------------------------------------------------------    -------------------

                         (clock sys_clk_pin rise edge)
                                                     10.000    10.000 r  
    W5                                                0.000    10.000 r  clk (IN)
                         net (fo=0)                   0.000    10.000    clk
    W5                   IBUF (Prop_ibuf_I_O)         1.388    11.388 r  clk_IBUF_inst/O
                         net (fo=1, routed)           1.862    13.250    clk_IBUF
    BUFGCTRL_X0Y0        BUFG (Prop_bufg_I_O)         0.091    13.341 r  clk_IBUF_BUFG_inst/O
                         net (fo=47, routed)          1.507    14.848    nolabel_line35/nolabel_line43/move_right/clk
    SLICE_X60Y29         FDRE                                         r  nolabel_line35/nolabel_line43/move_right/COUNT_reg[25]/C
                         clock pessimism              0.260    15.108    
                         clock uncertainty           -0.035    15.073    
    SLICE_X60Y29         FDRE (Setup_fdre_C_R)       -0.524    14.549    nolabel_line35/nolabel_line43/move_right/COUNT_reg[25]
  -------------------------------------------------------------------
                         required time                         14.549    
                         arrival time                          -8.839    
  -------------------------------------------------------------------
                         slack                                  5.710    

Slack (MET) :             5.710ns  (required time - arrival time)
  Source:                 nolabel_line35/nolabel_line43/move_right/COUNT_reg[0]/C
                            (rising edge-triggered cell FDRE clocked by sys_clk_pin  {rise@0.000ns fall@5.000ns period=10.000ns})
  Destination:            nolabel_line35/nolabel_line43/move_right/COUNT_reg[26]/R
                            (rising edge-triggered cell FDRE clocked by sys_clk_pin  {rise@0.000ns fall@5.000ns period=10.000ns})
  Path Group:             sys_clk_pin
  Path Type:              Setup (Max at Slow Process Corner)
  Requirement:            10.000ns  (sys_clk_pin rise@10.000ns - sys_clk_pin rise@0.000ns)
  Data Path Delay:        3.698ns  (logic 0.766ns (20.712%)  route 2.932ns (79.288%))
  Logic Levels:           2  (LUT2=1 LUT6=1)
  Clock Path Skew:        -0.032ns (DCD - SCD + CPR)
    Destination Clock Delay (DCD):    4.848ns = ( 14.848 - 10.000 ) 
    Source Clock Delay      (SCD):    5.140ns
    Clock Pessimism Removal (CPR):    0.260ns
  Clock Uncertainty:      0.035ns  ((TSJ^2 + TIJ^2)^1/2 + DJ) / 2 + PE
    Total System Jitter     (TSJ):    0.071ns
    Total Input Jitter      (TIJ):    0.000ns
    Discrete Jitter          (DJ):    0.000ns
    Phase Error              (PE):    0.000ns

    Location             Delay type                Incr(ns)  Path(ns)    Netlist Resource(s)
  -------------------------------------------------------------------    -------------------
                         (clock sys_clk_pin rise edge)
                                                      0.000     0.000 r  
    W5                                                0.000     0.000 r  clk (IN)
                         net (fo=0)                   0.000     0.000    clk
    W5                   IBUF (Prop_ibuf_I_O)         1.458     1.458 r  clk_IBUF_inst/O
                         net (fo=1, routed)           1.967     3.425    clk_IBUF
    BUFGCTRL_X0Y0        BUFG (Prop_bufg_I_O)         0.096     3.521 r  clk_IBUF_BUFG_inst/O
                         net (fo=47, routed)          1.619     5.140    nolabel_line35/nolabel_line43/move_right/clk
    SLICE_X60Y23         FDRE                                         r  nolabel_line35/nolabel_line43/move_right/COUNT_reg[0]/C
  -------------------------------------------------------------------    -------------------
    SLICE_X60Y23         FDRE (Prop_fdre_C_Q)         0.518     5.658 r  nolabel_line35/nolabel_line43/move_right/COUNT_reg[0]/Q
                         net (fo=3, routed)           1.159     6.817    nolabel_line35/nolabel_line43/move_right/COUNT_reg[0]
    SLICE_X61Y26         LUT2 (Prop_lut2_I0_O)        0.124     6.941 r  nolabel_line35/nolabel_line43/move_right/COUNT[0]_i_3/O
                         net (fo=1, routed)           0.877     7.818    nolabel_line35/nolabel_line43/move_right/COUNT[0]_i_3_n_0
    SLICE_X61Y26         LUT6 (Prop_lut6_I0_O)        0.124     7.942 r  nolabel_line35/nolabel_line43/move_right/COUNT[0]_i_1/O
                         net (fo=32, routed)          0.897     8.839    nolabel_line35/nolabel_line43/move_right/clear
    SLICE_X60Y29         FDRE                                         r  nolabel_line35/nolabel_line43/move_right/COUNT_reg[26]/R
  -------------------------------------------------------------------    -------------------

                         (clock sys_clk_pin rise edge)
                                                     10.000    10.000 r  
    W5                                                0.000    10.000 r  clk (IN)
                         net (fo=0)                   0.000    10.000    clk
    W5                   IBUF (Prop_ibuf_I_O)         1.388    11.388 r  clk_IBUF_inst/O
                         net (fo=1, routed)           1.862    13.250    clk_IBUF
    BUFGCTRL_X0Y0        BUFG (Prop_bufg_I_O)         0.091    13.341 r  clk_IBUF_BUFG_inst/O
                         net (fo=47, routed)          1.507    14.848    nolabel_line35/nolabel_line43/move_right/clk
    SLICE_X60Y29         FDRE                                         r  nolabel_line35/nolabel_line43/move_right/COUNT_reg[26]/C
                         clock pessimism              0.260    15.108    
                         clock uncertainty           -0.035    15.073    
    SLICE_X60Y29         FDRE (Setup_fdre_C_R)       -0.524    14.549    nolabel_line35/nolabel_line43/move_right/COUNT_reg[26]
  -------------------------------------------------------------------
                         required time                         14.549    
                         arrival time                          -8.839    
  -------------------------------------------------------------------
                         slack                                  5.710    

Slack (MET) :             5.710ns  (required time - arrival time)
  Source:                 nolabel_line35/nolabel_line43/move_right/COUNT_reg[0]/C
                            (rising edge-triggered cell FDRE clocked by sys_clk_pin  {rise@0.000ns fall@5.000ns period=10.000ns})
  Destination:            nolabel_line35/nolabel_line43/move_right/COUNT_reg[27]/R
                            (rising edge-triggered cell FDRE clocked by sys_clk_pin  {rise@0.000ns fall@5.000ns period=10.000ns})
  Path Group:             sys_clk_pin
  Path Type:              Setup (Max at Slow Process Corner)
  Requirement:            10.000ns  (sys_clk_pin rise@10.000ns - sys_clk_pin rise@0.000ns)
  Data Path Delay:        3.698ns  (logic 0.766ns (20.712%)  route 2.932ns (79.288%))
  Logic Levels:           2  (LUT2=1 LUT6=1)
  Clock Path Skew:        -0.032ns (DCD - SCD + CPR)
    Destination Clock Delay (DCD):    4.848ns = ( 14.848 - 10.000 ) 
    Source Clock Delay      (SCD):    5.140ns
    Clock Pessimism Removal (CPR):    0.260ns
  Clock Uncertainty:      0.035ns  ((TSJ^2 + TIJ^2)^1/2 + DJ) / 2 + PE
    Total System Jitter     (TSJ):    0.071ns
    Total Input Jitter      (TIJ):    0.000ns
    Discrete Jitter          (DJ):    0.000ns
    Phase Error              (PE):    0.000ns

    Location             Delay type                Incr(ns)  Path(ns)    Netlist Resource(s)
  -------------------------------------------------------------------    -------------------
                         (clock sys_clk_pin rise edge)
                                                      0.000     0.000 r  
    W5                                                0.000     0.000 r  clk (IN)
                         net (fo=0)                   0.000     0.000    clk
    W5                   IBUF (Prop_ibuf_I_O)         1.458     1.458 r  clk_IBUF_inst/O
                         net (fo=1, routed)           1.967     3.425    clk_IBUF
    BUFGCTRL_X0Y0        BUFG (Prop_bufg_I_O)         0.096     3.521 r  clk_IBUF_BUFG_inst/O
                         net (fo=47, routed)          1.619     5.140    nolabel_line35/nolabel_line43/move_right/clk
    SLICE_X60Y23         FDRE                                         r  nolabel_line35/nolabel_line43/move_right/COUNT_reg[0]/C
  -------------------------------------------------------------------    -------------------
    SLICE_X60Y23         FDRE (Prop_fdre_C_Q)         0.518     5.658 r  nolabel_line35/nolabel_line43/move_right/COUNT_reg[0]/Q
                         net (fo=3, routed)           1.159     6.817    nolabel_line35/nolabel_line43/move_right/COUNT_reg[0]
    SLICE_X61Y26         LUT2 (Prop_lut2_I0_O)        0.124     6.941 r  nolabel_line35/nolabel_line43/move_right/COUNT[0]_i_3/O
                         net (fo=1, routed)           0.877     7.818    nolabel_line35/nolabel_line43/move_right/COUNT[0]_i_3_n_0
    SLICE_X61Y26         LUT6 (Prop_lut6_I0_O)        0.124     7.942 r  nolabel_line35/nolabel_line43/move_right/COUNT[0]_i_1/O
                         net (fo=32, routed)          0.897     8.839    nolabel_line35/nolabel_line43/move_right/clear
    SLICE_X60Y29         FDRE                                         r  nolabel_line35/nolabel_line43/move_right/COUNT_reg[27]/R
  -------------------------------------------------------------------    -------------------

                         (clock sys_clk_pin rise edge)
                                                     10.000    10.000 r  
    W5                                                0.000    10.000 r  clk (IN)
                         net (fo=0)                   0.000    10.000    clk
    W5                   IBUF (Prop_ibuf_I_O)         1.388    11.388 r  clk_IBUF_inst/O
                         net (fo=1, routed)           1.862    13.250    clk_IBUF
    BUFGCTRL_X0Y0        BUFG (Prop_bufg_I_O)         0.091    13.341 r  clk_IBUF_BUFG_inst/O
                         net (fo=47, routed)          1.507    14.848    nolabel_line35/nolabel_line43/move_right/clk
    SLICE_X60Y29         FDRE                                         r  nolabel_line35/nolabel_line43/move_right/COUNT_reg[27]/C
                         clock pessimism              0.260    15.108    
                         clock uncertainty           -0.035    15.073    
    SLICE_X60Y29         FDRE (Setup_fdre_C_R)       -0.524    14.549    nolabel_line35/nolabel_line43/move_right/COUNT_reg[27]
  -------------------------------------------------------------------
                         required time                         14.549    
                         arrival time                          -8.839    
  -------------------------------------------------------------------
                         slack                                  5.710    

Slack (MET) :             5.813ns  (required time - arrival time)
  Source:                 nolabel_line35/nolabel_line43/move_right/COUNT_reg[0]/C
                            (rising edge-triggered cell FDRE clocked by sys_clk_pin  {rise@0.000ns fall@5.000ns period=10.000ns})
  Destination:            nolabel_line35/nolabel_line43/move_right/COUNT_reg[10]/R
                            (rising edge-triggered cell FDRE clocked by sys_clk_pin  {rise@0.000ns fall@5.000ns period=10.000ns})
  Path Group:             sys_clk_pin
  Path Type:              Setup (Max at Slow Process Corner)
  Requirement:            10.000ns  (sys_clk_pin rise@10.000ns - sys_clk_pin rise@0.000ns)
  Data Path Delay:        3.590ns  (logic 0.766ns (21.337%)  route 2.824ns (78.663%))
  Logic Levels:           2  (LUT2=1 LUT6=1)
  Clock Path Skew:        -0.038ns (DCD - SCD + CPR)
    Destination Clock Delay (DCD):    4.842ns = ( 14.842 - 10.000 ) 
    Source Clock Delay      (SCD):    5.140ns
    Clock Pessimism Removal (CPR):    0.260ns
  Clock Uncertainty:      0.035ns  ((TSJ^2 + TIJ^2)^1/2 + DJ) / 2 + PE
    Total System Jitter     (TSJ):    0.071ns
    Total Input Jitter      (TIJ):    0.000ns
    Discrete Jitter          (DJ):    0.000ns
    Phase Error              (PE):    0.000ns

    Location             Delay type                Incr(ns)  Path(ns)    Netlist Resource(s)
  -------------------------------------------------------------------    -------------------
                         (clock sys_clk_pin rise edge)
                                                      0.000     0.000 r  
    W5                                                0.000     0.000 r  clk (IN)
                         net (fo=0)                   0.000     0.000    clk
    W5                   IBUF (Prop_ibuf_I_O)         1.458     1.458 r  clk_IBUF_inst/O
                         net (fo=1, routed)           1.967     3.425    clk_IBUF
    BUFGCTRL_X0Y0        BUFG (Prop_bufg_I_O)         0.096     3.521 r  clk_IBUF_BUFG_inst/O
                         net (fo=47, routed)          1.619     5.140    nolabel_line35/nolabel_line43/move_right/clk
    SLICE_X60Y23         FDRE                                         r  nolabel_line35/nolabel_line43/move_right/COUNT_reg[0]/C
  -------------------------------------------------------------------    -------------------
    SLICE_X60Y23         FDRE (Prop_fdre_C_Q)         0.518     5.658 r  nolabel_line35/nolabel_line43/move_right/COUNT_reg[0]/Q
                         net (fo=3, routed)           1.159     6.817    nolabel_line35/nolabel_line43/move_right/COUNT_reg[0]
    SLICE_X61Y26         LUT2 (Prop_lut2_I0_O)        0.124     6.941 r  nolabel_line35/nolabel_line43/move_right/COUNT[0]_i_3/O
                         net (fo=1, routed)           0.877     7.818    nolabel_line35/nolabel_line43/move_right/COUNT[0]_i_3_n_0
    SLICE_X61Y26         LUT6 (Prop_lut6_I0_O)        0.124     7.942 r  nolabel_line35/nolabel_line43/move_right/COUNT[0]_i_1/O
                         net (fo=32, routed)          0.789     8.730    nolabel_line35/nolabel_line43/move_right/clear
    SLICE_X60Y25         FDRE                                         r  nolabel_line35/nolabel_line43/move_right/COUNT_reg[10]/R
  -------------------------------------------------------------------    -------------------

                         (clock sys_clk_pin rise edge)
                                                     10.000    10.000 r  
    W5                                                0.000    10.000 r  clk (IN)
                         net (fo=0)                   0.000    10.000    clk
    W5                   IBUF (Prop_ibuf_I_O)         1.388    11.388 r  clk_IBUF_inst/O
                         net (fo=1, routed)           1.862    13.250    clk_IBUF
    BUFGCTRL_X0Y0        BUFG (Prop_bufg_I_O)         0.091    13.341 r  clk_IBUF_BUFG_inst/O
                         net (fo=47, routed)          1.501    14.842    nolabel_line35/nolabel_line43/move_right/clk
    SLICE_X60Y25         FDRE                                         r  nolabel_line35/nolabel_line43/move_right/COUNT_reg[10]/C
                         clock pessimism              0.260    15.102    
                         clock uncertainty           -0.035    15.067    
    SLICE_X60Y25         FDRE (Setup_fdre_C_R)       -0.524    14.543    nolabel_line35/nolabel_line43/move_right/COUNT_reg[10]
  -------------------------------------------------------------------
                         required time                         14.543    
                         arrival time                          -8.730    
  -------------------------------------------------------------------
                         slack                                  5.813    

Slack (MET) :             5.813ns  (required time - arrival time)
  Source:                 nolabel_line35/nolabel_line43/move_right/COUNT_reg[0]/C
                            (rising edge-triggered cell FDRE clocked by sys_clk_pin  {rise@0.000ns fall@5.000ns period=10.000ns})
  Destination:            nolabel_line35/nolabel_line43/move_right/COUNT_reg[11]/R
                            (rising edge-triggered cell FDRE clocked by sys_clk_pin  {rise@0.000ns fall@5.000ns period=10.000ns})
  Path Group:             sys_clk_pin
  Path Type:              Setup (Max at Slow Process Corner)
  Requirement:            10.000ns  (sys_clk_pin rise@10.000ns - sys_clk_pin rise@0.000ns)
  Data Path Delay:        3.590ns  (logic 0.766ns (21.337%)  route 2.824ns (78.663%))
  Logic Levels:           2  (LUT2=1 LUT6=1)
  Clock Path Skew:        -0.038ns (DCD - SCD + CPR)
    Destination Clock Delay (DCD):    4.842ns = ( 14.842 - 10.000 ) 
    Source Clock Delay      (SCD):    5.140ns
    Clock Pessimism Removal (CPR):    0.260ns
  Clock Uncertainty:      0.035ns  ((TSJ^2 + TIJ^2)^1/2 + DJ) / 2 + PE
    Total System Jitter     (TSJ):    0.071ns
    Total Input Jitter      (TIJ):    0.000ns
    Discrete Jitter          (DJ):    0.000ns
    Phase Error              (PE):    0.000ns

    Location             Delay type                Incr(ns)  Path(ns)    Netlist Resource(s)
  -------------------------------------------------------------------    -------------------
                         (clock sys_clk_pin rise edge)
                                                      0.000     0.000 r  
    W5                                                0.000     0.000 r  clk (IN)
                         net (fo=0)                   0.000     0.000    clk
    W5                   IBUF (Prop_ibuf_I_O)         1.458     1.458 r  clk_IBUF_inst/O
                         net (fo=1, routed)           1.967     3.425    clk_IBUF
    BUFGCTRL_X0Y0        BUFG (Prop_bufg_I_O)         0.096     3.521 r  clk_IBUF_BUFG_inst/O
                         net (fo=47, routed)          1.619     5.140    nolabel_line35/nolabel_line43/move_right/clk
    SLICE_X60Y23         FDRE                                         r  nolabel_line35/nolabel_line43/move_right/COUNT_reg[0]/C
  -------------------------------------------------------------------    -------------------
    SLICE_X60Y23         FDRE (Prop_fdre_C_Q)         0.518     5.658 r  nolabel_line35/nolabel_line43/move_right/COUNT_reg[0]/Q
                         net (fo=3, routed)           1.159     6.817    nolabel_line35/nolabel_line43/move_right/COUNT_reg[0]
    SLICE_X61Y26         LUT2 (Prop_lut2_I0_O)        0.124     6.941 r  nolabel_line35/nolabel_line43/move_right/COUNT[0]_i_3/O
                         net (fo=1, routed)           0.877     7.818    nolabel_line35/nolabel_line43/move_right/COUNT[0]_i_3_n_0
    SLICE_X61Y26         LUT6 (Prop_lut6_I0_O)        0.124     7.942 r  nolabel_line35/nolabel_line43/move_right/COUNT[0]_i_1/O
                         net (fo=32, routed)          0.789     8.730    nolabel_line35/nolabel_line43/move_right/clear
    SLICE_X60Y25         FDRE                                         r  nolabel_line35/nolabel_line43/move_right/COUNT_reg[11]/R
  -------------------------------------------------------------------    -------------------

                         (clock sys_clk_pin rise edge)
                                                     10.000    10.000 r  
    W5                                                0.000    10.000 r  clk (IN)
                         net (fo=0)                   0.000    10.000    clk
    W5                   IBUF (Prop_ibuf_I_O)         1.388    11.388 r  clk_IBUF_inst/O
                         net (fo=1, routed)           1.862    13.250    clk_IBUF
    BUFGCTRL_X0Y0        BUFG (Prop_bufg_I_O)         0.091    13.341 r  clk_IBUF_BUFG_inst/O
                         net (fo=47, routed)          1.501    14.842    nolabel_line35/nolabel_line43/move_right/clk
    SLICE_X60Y25         FDRE                                         r  nolabel_line35/nolabel_line43/move_right/COUNT_reg[11]/C
                         clock pessimism              0.260    15.102    
                         clock uncertainty           -0.035    15.067    
    SLICE_X60Y25         FDRE (Setup_fdre_C_R)       -0.524    14.543    nolabel_line35/nolabel_line43/move_right/COUNT_reg[11]
  -------------------------------------------------------------------
                         required time                         14.543    
                         arrival time                          -8.730    
  -------------------------------------------------------------------
                         slack                                  5.813    





Min Delay Paths
--------------------------------------------------------------------------------------
Slack (MET) :             0.265ns  (arrival time - required time)
  Source:                 nolabel_line35/nolabel_line43/move_right/COUNT_reg[30]/C
                            (rising edge-triggered cell FDRE clocked by sys_clk_pin  {rise@0.000ns fall@5.000ns period=10.000ns})
  Destination:            nolabel_line35/nolabel_line43/move_right/COUNT_reg[30]/D
                            (rising edge-triggered cell FDRE clocked by sys_clk_pin  {rise@0.000ns fall@5.000ns period=10.000ns})
  Path Group:             sys_clk_pin
  Path Type:              Hold (Min at Fast Process Corner)
  Requirement:            0.000ns  (sys_clk_pin rise@0.000ns - sys_clk_pin rise@0.000ns)
  Data Path Delay:        0.399ns  (logic 0.274ns (68.589%)  route 0.125ns (31.411%))
  Logic Levels:           1  (CARRY4=1)
  Clock Path Skew:        0.000ns (DCD - SCD - CPR)
    Destination Clock Delay (DCD):    1.981ns
    Source Clock Delay      (SCD):    1.469ns
    Clock Pessimism Removal (CPR):    0.512ns

    Location             Delay type                Incr(ns)  Path(ns)    Netlist Resource(s)
  -------------------------------------------------------------------    -------------------
                         (clock sys_clk_pin rise edge)
                                                      0.000     0.000 r  
    W5                                                0.000     0.000 r  clk (IN)
                         net (fo=0)                   0.000     0.000    clk
    W5                   IBUF (Prop_ibuf_I_O)         0.226     0.226 r  clk_IBUF_inst/O
                         net (fo=1, routed)           0.631     0.858    clk_IBUF
    BUFGCTRL_X0Y0        BUFG (Prop_bufg_I_O)         0.026     0.884 r  clk_IBUF_BUFG_inst/O
                         net (fo=47, routed)          0.586     1.469    nolabel_line35/nolabel_line43/move_right/clk
    SLICE_X60Y30         FDRE                                         r  nolabel_line35/nolabel_line43/move_right/COUNT_reg[30]/C
  -------------------------------------------------------------------    -------------------
    SLICE_X60Y30         FDRE (Prop_fdre_C_Q)         0.164     1.633 r  nolabel_line35/nolabel_line43/move_right/COUNT_reg[30]/Q
                         net (fo=2, routed)           0.125     1.759    nolabel_line35/nolabel_line43/move_right/COUNT_reg[30]
    SLICE_X60Y30         CARRY4 (Prop_carry4_S[2]_O[2])
                                                      0.110     1.869 r  nolabel_line35/nolabel_line43/move_right/COUNT_reg[28]_i_1/O[2]
                         net (fo=1, routed)           0.000     1.869    nolabel_line35/nolabel_line43/move_right/COUNT_reg[28]_i_1_n_5
    SLICE_X60Y30         FDRE                                         r  nolabel_line35/nolabel_line43/move_right/COUNT_reg[30]/D
  -------------------------------------------------------------------    -------------------

                         (clock sys_clk_pin rise edge)
                                                      0.000     0.000 r  
    W5                                                0.000     0.000 r  clk (IN)
                         net (fo=0)                   0.000     0.000    clk
    W5                   IBUF (Prop_ibuf_I_O)         0.414     0.414 r  clk_IBUF_inst/O
                         net (fo=1, routed)           0.685     1.099    clk_IBUF
    BUFGCTRL_X0Y0        BUFG (Prop_bufg_I_O)         0.029     1.128 r  clk_IBUF_BUFG_inst/O
                         net (fo=47, routed)          0.854     1.981    nolabel_line35/nolabel_line43/move_right/clk
    SLICE_X60Y30         FDRE                                         r  nolabel_line35/nolabel_line43/move_right/COUNT_reg[30]/C
                         clock pessimism             -0.512     1.469    
    SLICE_X60Y30         FDRE (Hold_fdre_C_D)         0.134     1.603    nolabel_line35/nolabel_line43/move_right/COUNT_reg[30]
  -------------------------------------------------------------------
                         required time                         -1.603    
                         arrival time                           1.869    
  -------------------------------------------------------------------
                         slack                                  0.265    

Slack (MET) :             0.267ns  (arrival time - required time)
  Source:                 nolabel_line35/nolabel_line43/move_right/COUNT_reg[26]/C
                            (rising edge-triggered cell FDRE clocked by sys_clk_pin  {rise@0.000ns fall@5.000ns period=10.000ns})
  Destination:            nolabel_line35/nolabel_line43/move_right/COUNT_reg[26]/D
                            (rising edge-triggered cell FDRE clocked by sys_clk_pin  {rise@0.000ns fall@5.000ns period=10.000ns})
  Path Group:             sys_clk_pin
  Path Type:              Hold (Min at Fast Process Corner)
  Requirement:            0.000ns  (sys_clk_pin rise@0.000ns - sys_clk_pin rise@0.000ns)
  Data Path Delay:        0.401ns  (logic 0.274ns (68.412%)  route 0.127ns (31.588%))
  Logic Levels:           1  (CARRY4=1)
  Clock Path Skew:        0.000ns (DCD - SCD - CPR)
    Destination Clock Delay (DCD):    1.980ns
    Source Clock Delay      (SCD):    1.468ns
    Clock Pessimism Removal (CPR):    0.512ns

    Location             Delay type                Incr(ns)  Path(ns)    Netlist Resource(s)
  -------------------------------------------------------------------    -------------------
                         (clock sys_clk_pin rise edge)
                                                      0.000     0.000 r  
    W5                                                0.000     0.000 r  clk (IN)
                         net (fo=0)                   0.000     0.000    clk
    W5                   IBUF (Prop_ibuf_I_O)         0.226     0.226 r  clk_IBUF_inst/O
                         net (fo=1, routed)           0.631     0.858    clk_IBUF
    BUFGCTRL_X0Y0        BUFG (Prop_bufg_I_O)         0.026     0.884 r  clk_IBUF_BUFG_inst/O
                         net (fo=47, routed)          0.585     1.468    nolabel_line35/nolabel_line43/move_right/clk
    SLICE_X60Y29         FDRE                                         r  nolabel_line35/nolabel_line43/move_right/COUNT_reg[26]/C
  -------------------------------------------------------------------    -------------------
    SLICE_X60Y29         FDRE (Prop_fdre_C_Q)         0.164     1.632 r  nolabel_line35/nolabel_line43/move_right/COUNT_reg[26]/Q
                         net (fo=2, routed)           0.127     1.759    nolabel_line35/nolabel_line43/move_right/COUNT_reg[26]
    SLICE_X60Y29         CARRY4 (Prop_carry4_S[2]_O[2])
                                                      0.110     1.869 r  nolabel_line35/nolabel_line43/move_right/COUNT_reg[24]_i_1/O[2]
                         net (fo=1, routed)           0.000     1.869    nolabel_line35/nolabel_line43/move_right/COUNT_reg[24]_i_1_n_5
    SLICE_X60Y29         FDRE                                         r  nolabel_line35/nolabel_line43/move_right/COUNT_reg[26]/D
  -------------------------------------------------------------------    -------------------

                         (clock sys_clk_pin rise edge)
                                                      0.000     0.000 r  
    W5                                                0.000     0.000 r  clk (IN)
                         net (fo=0)                   0.000     0.000    clk
    W5                   IBUF (Prop_ibuf_I_O)         0.414     0.414 r  clk_IBUF_inst/O
                         net (fo=1, routed)           0.685     1.099    clk_IBUF
    BUFGCTRL_X0Y0        BUFG (Prop_bufg_I_O)         0.029     1.128 r  clk_IBUF_BUFG_inst/O
                         net (fo=47, routed)          0.853     1.980    nolabel_line35/nolabel_line43/move_right/clk
    SLICE_X60Y29         FDRE                                         r  nolabel_line35/nolabel_line43/move_right/COUNT_reg[26]/C
                         clock pessimism             -0.512     1.468    
    SLICE_X60Y29         FDRE (Hold_fdre_C_D)         0.134     1.602    nolabel_line35/nolabel_line43/move_right/COUNT_reg[26]
  -------------------------------------------------------------------
                         required time                         -1.602    
                         arrival time                           1.869    
  -------------------------------------------------------------------
                         slack                                  0.267    

Slack (MET) :             0.267ns  (arrival time - required time)
  Source:                 nolabel_line35/nolabel_line43/move_right/COUNT_reg[14]/C
                            (rising edge-triggered cell FDRE clocked by sys_clk_pin  {rise@0.000ns fall@5.000ns period=10.000ns})
  Destination:            nolabel_line35/nolabel_line43/move_right/COUNT_reg[14]/D
                            (rising edge-triggered cell FDRE clocked by sys_clk_pin  {rise@0.000ns fall@5.000ns period=10.000ns})
  Path Group:             sys_clk_pin
  Path Type:              Hold (Min at Fast Process Corner)
  Requirement:            0.000ns  (sys_clk_pin rise@0.000ns - sys_clk_pin rise@0.000ns)
  Data Path Delay:        0.401ns  (logic 0.274ns (68.412%)  route 0.127ns (31.588%))
  Logic Levels:           1  (CARRY4=1)
  Clock Path Skew:        0.000ns (DCD - SCD - CPR)
    Destination Clock Delay (DCD):    1.976ns
    Source Clock Delay      (SCD):    1.465ns
    Clock Pessimism Removal (CPR):    0.511ns

    Location             Delay type                Incr(ns)  Path(ns)    Netlist Resource(s)
  -------------------------------------------------------------------    -------------------
                         (clock sys_clk_pin rise edge)
                                                      0.000     0.000 r  
    W5                                                0.000     0.000 r  clk (IN)
                         net (fo=0)                   0.000     0.000    clk
    W5                   IBUF (Prop_ibuf_I_O)         0.226     0.226 r  clk_IBUF_inst/O
                         net (fo=1, routed)           0.631     0.858    clk_IBUF
    BUFGCTRL_X0Y0        BUFG (Prop_bufg_I_O)         0.026     0.884 r  clk_IBUF_BUFG_inst/O
                         net (fo=47, routed)          0.582     1.465    nolabel_line35/nolabel_line43/move_right/clk
    SLICE_X60Y26         FDRE                                         r  nolabel_line35/nolabel_line43/move_right/COUNT_reg[14]/C
  -------------------------------------------------------------------    -------------------
    SLICE_X60Y26         FDRE (Prop_fdre_C_Q)         0.164     1.629 r  nolabel_line35/nolabel_line43/move_right/COUNT_reg[14]/Q
                         net (fo=3, routed)           0.127     1.756    nolabel_line35/nolabel_line43/move_right/COUNT_reg[14]
    SLICE_X60Y26         CARRY4 (Prop_carry4_S[2]_O[2])
                                                      0.110     1.866 r  nolabel_line35/nolabel_line43/move_right/COUNT_reg[12]_i_1/O[2]
                         net (fo=1, routed)           0.000     1.866    nolabel_line35/nolabel_line43/move_right/COUNT_reg[12]_i_1_n_5
    SLICE_X60Y26         FDRE                                         r  nolabel_line35/nolabel_line43/move_right/COUNT_reg[14]/D
  -------------------------------------------------------------------    -------------------

                         (clock sys_clk_pin rise edge)
                                                      0.000     0.000 r  
    W5                                                0.000     0.000 r  clk (IN)
                         net (fo=0)                   0.000     0.000    clk
    W5                   IBUF (Prop_ibuf_I_O)         0.414     0.414 r  clk_IBUF_inst/O
                         net (fo=1, routed)           0.685     1.099    clk_IBUF
    BUFGCTRL_X0Y0        BUFG (Prop_bufg_I_O)         0.029     1.128 r  clk_IBUF_BUFG_inst/O
                         net (fo=47, routed)          0.849     1.976    nolabel_line35/nolabel_line43/move_right/clk
    SLICE_X60Y26         FDRE                                         r  nolabel_line35/nolabel_line43/move_right/COUNT_reg[14]/C
                         clock pessimism             -0.511     1.465    
    SLICE_X60Y26         FDRE (Hold_fdre_C_D)         0.134     1.599    nolabel_line35/nolabel_line43/move_right/COUNT_reg[14]
  -------------------------------------------------------------------
                         required time                         -1.599    
                         arrival time                           1.866    
  -------------------------------------------------------------------
                         slack                                  0.267    

Slack (MET) :             0.277ns  (arrival time - required time)
  Source:                 nolabel_line35/nolabel_line43/move_right/COUNT_reg[22]/C
                            (rising edge-triggered cell FDRE clocked by sys_clk_pin  {rise@0.000ns fall@5.000ns period=10.000ns})
  Destination:            nolabel_line35/nolabel_line43/move_right/COUNT_reg[22]/D
                            (rising edge-triggered cell FDRE clocked by sys_clk_pin  {rise@0.000ns fall@5.000ns period=10.000ns})
  Path Group:             sys_clk_pin
  Path Type:              Hold (Min at Fast Process Corner)
  Requirement:            0.000ns  (sys_clk_pin rise@0.000ns - sys_clk_pin rise@0.000ns)
  Data Path Delay:        0.411ns  (logic 0.274ns (66.734%)  route 0.137ns (33.266%))
  Logic Levels:           1  (CARRY4=1)
  Clock Path Skew:        0.000ns (DCD - SCD - CPR)
    Destination Clock Delay (DCD):    1.979ns
    Source Clock Delay      (SCD):    1.467ns
    Clock Pessimism Removal (CPR):    0.512ns

    Location             Delay type                Incr(ns)  Path(ns)    Netlist Resource(s)
  -------------------------------------------------------------------    -------------------
                         (clock sys_clk_pin rise edge)
                                                      0.000     0.000 r  
    W5                                                0.000     0.000 r  clk (IN)
                         net (fo=0)                   0.000     0.000    clk
    W5                   IBUF (Prop_ibuf_I_O)         0.226     0.226 r  clk_IBUF_inst/O
                         net (fo=1, routed)           0.631     0.858    clk_IBUF
    BUFGCTRL_X0Y0        BUFG (Prop_bufg_I_O)         0.026     0.884 r  clk_IBUF_BUFG_inst/O
                         net (fo=47, routed)          0.584     1.467    nolabel_line35/nolabel_line43/move_right/clk
    SLICE_X60Y28         FDRE                                         r  nolabel_line35/nolabel_line43/move_right/COUNT_reg[22]/C
  -------------------------------------------------------------------    -------------------
    SLICE_X60Y28         FDRE (Prop_fdre_C_Q)         0.164     1.631 r  nolabel_line35/nolabel_line43/move_right/COUNT_reg[22]/Q
                         net (fo=3, routed)           0.137     1.768    nolabel_line35/nolabel_line43/move_right/COUNT_reg[22]
    SLICE_X60Y28         CARRY4 (Prop_carry4_S[2]_O[2])
                                                      0.110     1.878 r  nolabel_line35/nolabel_line43/move_right/COUNT_reg[20]_i_1/O[2]
                         net (fo=1, routed)           0.000     1.878    nolabel_line35/nolabel_line43/move_right/COUNT_reg[20]_i_1_n_5
    SLICE_X60Y28         FDRE                                         r  nolabel_line35/nolabel_line43/move_right/COUNT_reg[22]/D
  -------------------------------------------------------------------    -------------------

                         (clock sys_clk_pin rise edge)
                                                      0.000     0.000 r  
    W5                                                0.000     0.000 r  clk (IN)
                         net (fo=0)                   0.000     0.000    clk
    W5                   IBUF (Prop_ibuf_I_O)         0.414     0.414 r  clk_IBUF_inst/O
                         net (fo=1, routed)           0.685     1.099    clk_IBUF
    BUFGCTRL_X0Y0        BUFG (Prop_bufg_I_O)         0.029     1.128 r  clk_IBUF_BUFG_inst/O
                         net (fo=47, routed)          0.852     1.979    nolabel_line35/nolabel_line43/move_right/clk
    SLICE_X60Y28         FDRE                                         r  nolabel_line35/nolabel_line43/move_right/COUNT_reg[22]/C
                         clock pessimism             -0.512     1.467    
    SLICE_X60Y28         FDRE (Hold_fdre_C_D)         0.134     1.601    nolabel_line35/nolabel_line43/move_right/COUNT_reg[22]
  -------------------------------------------------------------------
                         required time                         -1.601    
                         arrival time                           1.878    
  -------------------------------------------------------------------
                         slack                                  0.277    

Slack (MET) :             0.277ns  (arrival time - required time)
  Source:                 nolabel_line35/nolabel_line43/move_right/COUNT_reg[10]/C
                            (rising edge-triggered cell FDRE clocked by sys_clk_pin  {rise@0.000ns fall@5.000ns period=10.000ns})
  Destination:            nolabel_line35/nolabel_line43/move_right/COUNT_reg[10]/D
                            (rising edge-triggered cell FDRE clocked by sys_clk_pin  {rise@0.000ns fall@5.000ns period=10.000ns})
  Path Group:             sys_clk_pin
  Path Type:              Hold (Min at Fast Process Corner)
  Requirement:            0.000ns  (sys_clk_pin rise@0.000ns - sys_clk_pin rise@0.000ns)
  Data Path Delay:        0.411ns  (logic 0.274ns (66.734%)  route 0.137ns (33.266%))
  Logic Levels:           1  (CARRY4=1)
  Clock Path Skew:        0.000ns (DCD - SCD - CPR)
    Destination Clock Delay (DCD):    1.975ns
    Source Clock Delay      (SCD):    1.464ns
    Clock Pessimism Removal (CPR):    0.511ns

    Location             Delay type                Incr(ns)  Path(ns)    Netlist Resource(s)
  -------------------------------------------------------------------    -------------------
                         (clock sys_clk_pin rise edge)
                                                      0.000     0.000 r  
    W5                                                0.000     0.000 r  clk (IN)
                         net (fo=0)                   0.000     0.000    clk
    W5                   IBUF (Prop_ibuf_I_O)         0.226     0.226 r  clk_IBUF_inst/O
                         net (fo=1, routed)           0.631     0.858    clk_IBUF
    BUFGCTRL_X0Y0        BUFG (Prop_bufg_I_O)         0.026     0.884 r  clk_IBUF_BUFG_inst/O
                         net (fo=47, routed)          0.581     1.464    nolabel_line35/nolabel_line43/move_right/clk
    SLICE_X60Y25         FDRE                                         r  nolabel_line35/nolabel_line43/move_right/COUNT_reg[10]/C
  -------------------------------------------------------------------    -------------------
    SLICE_X60Y25         FDRE (Prop_fdre_C_Q)         0.164     1.628 r  nolabel_line35/nolabel_line43/move_right/COUNT_reg[10]/Q
                         net (fo=3, routed)           0.137     1.765    nolabel_line35/nolabel_line43/move_right/COUNT_reg[10]
    SLICE_X60Y25         CARRY4 (Prop_carry4_S[2]_O[2])
                                                      0.110     1.875 r  nolabel_line35/nolabel_line43/move_right/COUNT_reg[8]_i_1/O[2]
                         net (fo=1, routed)           0.000     1.875    nolabel_line35/nolabel_line43/move_right/COUNT_reg[8]_i_1_n_5
    SLICE_X60Y25         FDRE                                         r  nolabel_line35/nolabel_line43/move_right/COUNT_reg[10]/D
  -------------------------------------------------------------------    -------------------

                         (clock sys_clk_pin rise edge)
                                                      0.000     0.000 r  
    W5                                                0.000     0.000 r  clk (IN)
                         net (fo=0)                   0.000     0.000    clk
    W5                   IBUF (Prop_ibuf_I_O)         0.414     0.414 r  clk_IBUF_inst/O
                         net (fo=1, routed)           0.685     1.099    clk_IBUF
    BUFGCTRL_X0Y0        BUFG (Prop_bufg_I_O)         0.029     1.128 r  clk_IBUF_BUFG_inst/O
                         net (fo=47, routed)          0.848     1.975    nolabel_line35/nolabel_line43/move_right/clk
    SLICE_X60Y25         FDRE                                         r  nolabel_line35/nolabel_line43/move_right/COUNT_reg[10]/C
                         clock pessimism             -0.511     1.464    
    SLICE_X60Y25         FDRE (Hold_fdre_C_D)         0.134     1.598    nolabel_line35/nolabel_line43/move_right/COUNT_reg[10]
  -------------------------------------------------------------------
                         required time                         -1.598    
                         arrival time                           1.875    
  -------------------------------------------------------------------
                         slack                                  0.277    

Slack (MET) :             0.277ns  (arrival time - required time)
  Source:                 nolabel_line35/nolabel_line43/move_right/COUNT_reg[18]/C
                            (rising edge-triggered cell FDRE clocked by sys_clk_pin  {rise@0.000ns fall@5.000ns period=10.000ns})
  Destination:            nolabel_line35/nolabel_line43/move_right/COUNT_reg[18]/D
                            (rising edge-triggered cell FDRE clocked by sys_clk_pin  {rise@0.000ns fall@5.000ns period=10.000ns})
  Path Group:             sys_clk_pin
  Path Type:              Hold (Min at Fast Process Corner)
  Requirement:            0.000ns  (sys_clk_pin rise@0.000ns - sys_clk_pin rise@0.000ns)
  Data Path Delay:        0.411ns  (logic 0.274ns (66.734%)  route 0.137ns (33.266%))
  Logic Levels:           1  (CARRY4=1)
  Clock Path Skew:        0.000ns (DCD - SCD - CPR)
    Destination Clock Delay (DCD):    1.978ns
    Source Clock Delay      (SCD):    1.467ns
    Clock Pessimism Removal (CPR):    0.511ns

    Location             Delay type                Incr(ns)  Path(ns)    Netlist Resource(s)
  -------------------------------------------------------------------    -------------------
                         (clock sys_clk_pin rise edge)
                                                      0.000     0.000 r  
    W5                                                0.000     0.000 r  clk (IN)
                         net (fo=0)                   0.000     0.000    clk
    W5                   IBUF (Prop_ibuf_I_O)         0.226     0.226 r  clk_IBUF_inst/O
                         net (fo=1, routed)           0.631     0.858    clk_IBUF
    BUFGCTRL_X0Y0        BUFG (Prop_bufg_I_O)         0.026     0.884 r  clk_IBUF_BUFG_inst/O
                         net (fo=47, routed)          0.584     1.467    nolabel_line35/nolabel_line43/move_right/clk
    SLICE_X60Y27         FDRE                                         r  nolabel_line35/nolabel_line43/move_right/COUNT_reg[18]/C
  -------------------------------------------------------------------    -------------------
    SLICE_X60Y27         FDRE (Prop_fdre_C_Q)         0.164     1.631 r  nolabel_line35/nolabel_line43/move_right/COUNT_reg[18]/Q
                         net (fo=3, routed)           0.137     1.768    nolabel_line35/nolabel_line43/move_right/COUNT_reg[18]
    SLICE_X60Y27         CARRY4 (Prop_carry4_S[2]_O[2])
                                                      0.110     1.878 r  nolabel_line35/nolabel_line43/move_right/COUNT_reg[16]_i_1/O[2]
                         net (fo=1, routed)           0.000     1.878    nolabel_line35/nolabel_line43/move_right/COUNT_reg[16]_i_1_n_5
    SLICE_X60Y27         FDRE                                         r  nolabel_line35/nolabel_line43/move_right/COUNT_reg[18]/D
  -------------------------------------------------------------------    -------------------

                         (clock sys_clk_pin rise edge)
                                                      0.000     0.000 r  
    W5                                                0.000     0.000 r  clk (IN)
                         net (fo=0)                   0.000     0.000    clk
    W5                   IBUF (Prop_ibuf_I_O)         0.414     0.414 r  clk_IBUF_inst/O
                         net (fo=1, routed)           0.685     1.099    clk_IBUF
    BUFGCTRL_X0Y0        BUFG (Prop_bufg_I_O)         0.029     1.128 r  clk_IBUF_BUFG_inst/O
                         net (fo=47, routed)          0.851     1.978    nolabel_line35/nolabel_line43/move_right/clk
    SLICE_X60Y27         FDRE                                         r  nolabel_line35/nolabel_line43/move_right/COUNT_reg[18]/C
                         clock pessimism             -0.511     1.467    
    SLICE_X60Y27         FDRE (Hold_fdre_C_D)         0.134     1.601    nolabel_line35/nolabel_line43/move_right/COUNT_reg[18]
  -------------------------------------------------------------------
                         required time                         -1.601    
                         arrival time                           1.878    
  -------------------------------------------------------------------
                         slack                                  0.277    

Slack (MET) :             0.277ns  (arrival time - required time)
  Source:                 nolabel_line35/nolabel_line43/move_right/COUNT_reg[6]/C
                            (rising edge-triggered cell FDRE clocked by sys_clk_pin  {rise@0.000ns fall@5.000ns period=10.000ns})
  Destination:            nolabel_line35/nolabel_line43/move_right/COUNT_reg[6]/D
                            (rising edge-triggered cell FDRE clocked by sys_clk_pin  {rise@0.000ns fall@5.000ns period=10.000ns})
  Path Group:             sys_clk_pin
  Path Type:              Hold (Min at Fast Process Corner)
  Requirement:            0.000ns  (sys_clk_pin rise@0.000ns - sys_clk_pin rise@0.000ns)
  Data Path Delay:        0.411ns  (logic 0.274ns (66.734%)  route 0.137ns (33.266%))
  Logic Levels:           1  (CARRY4=1)
  Clock Path Skew:        0.000ns (DCD - SCD - CPR)
    Destination Clock Delay (DCD):    1.975ns
    Source Clock Delay      (SCD):    1.464ns
    Clock Pessimism Removal (CPR):    0.511ns

    Location             Delay type                Incr(ns)  Path(ns)    Netlist Resource(s)
  -------------------------------------------------------------------    -------------------
                         (clock sys_clk_pin rise edge)
                                                      0.000     0.000 r  
    W5                                                0.000     0.000 r  clk (IN)
                         net (fo=0)                   0.000     0.000    clk
    W5                   IBUF (Prop_ibuf_I_O)         0.226     0.226 r  clk_IBUF_inst/O
                         net (fo=1, routed)           0.631     0.858    clk_IBUF
    BUFGCTRL_X0Y0        BUFG (Prop_bufg_I_O)         0.026     0.884 r  clk_IBUF_BUFG_inst/O
                         net (fo=47, routed)          0.581     1.464    nolabel_line35/nolabel_line43/move_right/clk
    SLICE_X60Y24         FDRE                                         r  nolabel_line35/nolabel_line43/move_right/COUNT_reg[6]/C
  -------------------------------------------------------------------    -------------------
    SLICE_X60Y24         FDRE (Prop_fdre_C_Q)         0.164     1.628 r  nolabel_line35/nolabel_line43/move_right/COUNT_reg[6]/Q
                         net (fo=3, routed)           0.137     1.765    nolabel_line35/nolabel_line43/move_right/COUNT_reg[6]
    SLICE_X60Y24         CARRY4 (Prop_carry4_S[2]_O[2])
                                                      0.110     1.875 r  nolabel_line35/nolabel_line43/move_right/COUNT_reg[4]_i_1/O[2]
                         net (fo=1, routed)           0.000     1.875    nolabel_line35/nolabel_line43/move_right/COUNT_reg[4]_i_1_n_5
    SLICE_X60Y24         FDRE                                         r  nolabel_line35/nolabel_line43/move_right/COUNT_reg[6]/D
  -------------------------------------------------------------------    -------------------

                         (clock sys_clk_pin rise edge)
                                                      0.000     0.000 r  
    W5                                                0.000     0.000 r  clk (IN)
                         net (fo=0)                   0.000     0.000    clk
    W5                   IBUF (Prop_ibuf_I_O)         0.414     0.414 r  clk_IBUF_inst/O
                         net (fo=1, routed)           0.685     1.099    clk_IBUF
    BUFGCTRL_X0Y0        BUFG (Prop_bufg_I_O)         0.029     1.128 r  clk_IBUF_BUFG_inst/O
                         net (fo=47, routed)          0.848     1.975    nolabel_line35/nolabel_line43/move_right/clk
    SLICE_X60Y24         FDRE                                         r  nolabel_line35/nolabel_line43/move_right/COUNT_reg[6]/C
                         clock pessimism             -0.511     1.464    
    SLICE_X60Y24         FDRE (Hold_fdre_C_D)         0.134     1.598    nolabel_line35/nolabel_line43/move_right/COUNT_reg[6]
  -------------------------------------------------------------------
                         required time                         -1.598    
                         arrival time                           1.875    
  -------------------------------------------------------------------
                         slack                                  0.277    

Slack (MET) :             0.290ns  (arrival time - required time)
  Source:                 nolabel_line35/nolabel_line43/move_right/slow_clk_reg/C
                            (rising edge-triggered cell FDRE clocked by sys_clk_pin  {rise@0.000ns fall@5.000ns period=10.000ns})
  Destination:            nolabel_line35/nolabel_line43/move_right/slow_clk_reg/D
                            (rising edge-triggered cell FDRE clocked by sys_clk_pin  {rise@0.000ns fall@5.000ns period=10.000ns})
  Path Group:             sys_clk_pin
  Path Type:              Hold (Min at Fast Process Corner)
  Requirement:            0.000ns  (sys_clk_pin rise@0.000ns - sys_clk_pin rise@0.000ns)
  Data Path Delay:        0.381ns  (logic 0.186ns (48.844%)  route 0.195ns (51.156%))
  Logic Levels:           1  (LUT3=1)
  Clock Path Skew:        0.000ns (DCD - SCD - CPR)
    Destination Clock Delay (DCD):    1.975ns
    Source Clock Delay      (SCD):    1.464ns
    Clock Pessimism Removal (CPR):    0.511ns

    Location             Delay type                Incr(ns)  Path(ns)    Netlist Resource(s)
  -------------------------------------------------------------------    -------------------
                         (clock sys_clk_pin rise edge)
                                                      0.000     0.000 r  
    W5                                                0.000     0.000 r  clk (IN)
                         net (fo=0)                   0.000     0.000    clk
    W5                   IBUF (Prop_ibuf_I_O)         0.226     0.226 r  clk_IBUF_inst/O
                         net (fo=1, routed)           0.631     0.858    clk_IBUF
    BUFGCTRL_X0Y0        BUFG (Prop_bufg_I_O)         0.026     0.884 r  clk_IBUF_BUFG_inst/O
                         net (fo=47, routed)          0.581     1.464    nolabel_line35/nolabel_line43/move_right/clk
    SLICE_X61Y25         FDRE                                         r  nolabel_line35/nolabel_line43/move_right/slow_clk_reg/C
  -------------------------------------------------------------------    -------------------
    SLICE_X61Y25         FDRE (Prop_fdre_C_Q)         0.141     1.605 r  nolabel_line35/nolabel_line43/move_right/slow_clk_reg/Q
                         net (fo=13, routed)          0.195     1.800    nolabel_line35/nolabel_line43/move_right/CLK
    SLICE_X61Y25         LUT3 (Prop_lut3_I2_O)        0.045     1.845 r  nolabel_line35/nolabel_line43/move_right/slow_clk_i_1/O
                         net (fo=1, routed)           0.000     1.845    nolabel_line35/nolabel_line43/move_right/slow_clk_i_1_n_0
    SLICE_X61Y25         FDRE                                         r  nolabel_line35/nolabel_line43/move_right/slow_clk_reg/D
  -------------------------------------------------------------------    -------------------

                         (clock sys_clk_pin rise edge)
                                                      0.000     0.000 r  
    W5                                                0.000     0.000 r  clk (IN)
                         net (fo=0)                   0.000     0.000    clk
    W5                   IBUF (Prop_ibuf_I_O)         0.414     0.414 r  clk_IBUF_inst/O
                         net (fo=1, routed)           0.685     1.099    clk_IBUF
    BUFGCTRL_X0Y0        BUFG (Prop_bufg_I_O)         0.029     1.128 r  clk_IBUF_BUFG_inst/O
                         net (fo=47, routed)          0.848     1.975    nolabel_line35/nolabel_line43/move_right/clk
    SLICE_X61Y25         FDRE                                         r  nolabel_line35/nolabel_line43/move_right/slow_clk_reg/C
                         clock pessimism             -0.511     1.464    
    SLICE_X61Y25         FDRE (Hold_fdre_C_D)         0.091     1.555    nolabel_line35/nolabel_line43/move_right/slow_clk_reg
  -------------------------------------------------------------------
                         required time                         -1.555    
                         arrival time                           1.845    
  -------------------------------------------------------------------
                         slack                                  0.290    

Slack (MET) :             0.301ns  (arrival time - required time)
  Source:                 nolabel_line35/nolabel_line43/move_right/COUNT_reg[30]/C
                            (rising edge-triggered cell FDRE clocked by sys_clk_pin  {rise@0.000ns fall@5.000ns period=10.000ns})
  Destination:            nolabel_line35/nolabel_line43/move_right/COUNT_reg[31]/D
                            (rising edge-triggered cell FDRE clocked by sys_clk_pin  {rise@0.000ns fall@5.000ns period=10.000ns})
  Path Group:             sys_clk_pin
  Path Type:              Hold (Min at Fast Process Corner)
  Requirement:            0.000ns  (sys_clk_pin rise@0.000ns - sys_clk_pin rise@0.000ns)
  Data Path Delay:        0.435ns  (logic 0.310ns (71.185%)  route 0.125ns (28.815%))
  Logic Levels:           1  (CARRY4=1)
  Clock Path Skew:        0.000ns (DCD - SCD - CPR)
    Destination Clock Delay (DCD):    1.981ns
    Source Clock Delay      (SCD):    1.469ns
    Clock Pessimism Removal (CPR):    0.512ns

    Location             Delay type                Incr(ns)  Path(ns)    Netlist Resource(s)
  -------------------------------------------------------------------    -------------------
                         (clock sys_clk_pin rise edge)
                                                      0.000     0.000 r  
    W5                                                0.000     0.000 r  clk (IN)
                         net (fo=0)                   0.000     0.000    clk
    W5                   IBUF (Prop_ibuf_I_O)         0.226     0.226 r  clk_IBUF_inst/O
                         net (fo=1, routed)           0.631     0.858    clk_IBUF
    BUFGCTRL_X0Y0        BUFG (Prop_bufg_I_O)         0.026     0.884 r  clk_IBUF_BUFG_inst/O
                         net (fo=47, routed)          0.586     1.469    nolabel_line35/nolabel_line43/move_right/clk
    SLICE_X60Y30         FDRE                                         r  nolabel_line35/nolabel_line43/move_right/COUNT_reg[30]/C
  -------------------------------------------------------------------    -------------------
    SLICE_X60Y30         FDRE (Prop_fdre_C_Q)         0.164     1.633 r  nolabel_line35/nolabel_line43/move_right/COUNT_reg[30]/Q
                         net (fo=2, routed)           0.125     1.759    nolabel_line35/nolabel_line43/move_right/COUNT_reg[30]
    SLICE_X60Y30         CARRY4 (Prop_carry4_S[2]_O[3])
                                                      0.146     1.905 r  nolabel_line35/nolabel_line43/move_right/COUNT_reg[28]_i_1/O[3]
                         net (fo=1, routed)           0.000     1.905    nolabel_line35/nolabel_line43/move_right/COUNT_reg[28]_i_1_n_4
    SLICE_X60Y30         FDRE                                         r  nolabel_line35/nolabel_line43/move_right/COUNT_reg[31]/D
  -------------------------------------------------------------------    -------------------

                         (clock sys_clk_pin rise edge)
                                                      0.000     0.000 r  
    W5                                                0.000     0.000 r  clk (IN)
                         net (fo=0)                   0.000     0.000    clk
    W5                   IBUF (Prop_ibuf_I_O)         0.414     0.414 r  clk_IBUF_inst/O
                         net (fo=1, routed)           0.685     1.099    clk_IBUF
    BUFGCTRL_X0Y0        BUFG (Prop_bufg_I_O)         0.029     1.128 r  clk_IBUF_BUFG_inst/O
                         net (fo=47, routed)          0.854     1.981    nolabel_line35/nolabel_line43/move_right/clk
    SLICE_X60Y30         FDRE                                         r  nolabel_line35/nolabel_line43/move_right/COUNT_reg[31]/C
                         clock pessimism             -0.512     1.469    
    SLICE_X60Y30         FDRE (Hold_fdre_C_D)         0.134     1.603    nolabel_line35/nolabel_line43/move_right/COUNT_reg[31]
  -------------------------------------------------------------------
                         required time                         -1.603    
                         arrival time                           1.905    
  -------------------------------------------------------------------
                         slack                                  0.301    

Slack (MET) :             0.303ns  (arrival time - required time)
  Source:                 nolabel_line35/nolabel_line43/move_right/COUNT_reg[14]/C
                            (rising edge-triggered cell FDRE clocked by sys_clk_pin  {rise@0.000ns fall@5.000ns period=10.000ns})
  Destination:            nolabel_line35/nolabel_line43/move_right/COUNT_reg[15]/D
                            (rising edge-triggered cell FDRE clocked by sys_clk_pin  {rise@0.000ns fall@5.000ns period=10.000ns})
  Path Group:             sys_clk_pin
  Path Type:              Hold (Min at Fast Process Corner)
  Requirement:            0.000ns  (sys_clk_pin rise@0.000ns - sys_clk_pin rise@0.000ns)
  Data Path Delay:        0.437ns  (logic 0.310ns (71.017%)  route 0.127ns (28.983%))
  Logic Levels:           1  (CARRY4=1)
  Clock Path Skew:        0.000ns (DCD - SCD - CPR)
    Destination Clock Delay (DCD):    1.976ns
    Source Clock Delay      (SCD):    1.465ns
    Clock Pessimism Removal (CPR):    0.511ns

    Location             Delay type                Incr(ns)  Path(ns)    Netlist Resource(s)
  -------------------------------------------------------------------    -------------------
                         (clock sys_clk_pin rise edge)
                                                      0.000     0.000 r  
    W5                                                0.000     0.000 r  clk (IN)
                         net (fo=0)                   0.000     0.000    clk
    W5                   IBUF (Prop_ibuf_I_O)         0.226     0.226 r  clk_IBUF_inst/O
                         net (fo=1, routed)           0.631     0.858    clk_IBUF
    BUFGCTRL_X0Y0        BUFG (Prop_bufg_I_O)         0.026     0.884 r  clk_IBUF_BUFG_inst/O
                         net (fo=47, routed)          0.582     1.465    nolabel_line35/nolabel_line43/move_right/clk
    SLICE_X60Y26         FDRE                                         r  nolabel_line35/nolabel_line43/move_right/COUNT_reg[14]/C
  -------------------------------------------------------------------    -------------------
    SLICE_X60Y26         FDRE (Prop_fdre_C_Q)         0.164     1.629 r  nolabel_line35/nolabel_line43/move_right/COUNT_reg[14]/Q
                         net (fo=3, routed)           0.127     1.756    nolabel_line35/nolabel_line43/move_right/COUNT_reg[14]
    SLICE_X60Y26         CARRY4 (Prop_carry4_S[2]_O[3])
                                                      0.146     1.902 r  nolabel_line35/nolabel_line43/move_right/COUNT_reg[12]_i_1/O[3]
                         net (fo=1, routed)           0.000     1.902    nolabel_line35/nolabel_line43/move_right/COUNT_reg[12]_i_1_n_4
    SLICE_X60Y26         FDRE                                         r  nolabel_line35/nolabel_line43/move_right/COUNT_reg[15]/D
  -------------------------------------------------------------------    -------------------

                         (clock sys_clk_pin rise edge)
                                                      0.000     0.000 r  
    W5                                                0.000     0.000 r  clk (IN)
                         net (fo=0)                   0.000     0.000    clk
    W5                   IBUF (Prop_ibuf_I_O)         0.414     0.414 r  clk_IBUF_inst/O
                         net (fo=1, routed)           0.685     1.099    clk_IBUF
    BUFGCTRL_X0Y0        BUFG (Prop_bufg_I_O)         0.029     1.128 r  clk_IBUF_BUFG_inst/O
                         net (fo=47, routed)          0.849     1.976    nolabel_line35/nolabel_line43/move_right/clk
    SLICE_X60Y26         FDRE                                         r  nolabel_line35/nolabel_line43/move_right/COUNT_reg[15]/C
                         clock pessimism             -0.511     1.465    
    SLICE_X60Y26         FDRE (Hold_fdre_C_D)         0.134     1.599    nolabel_line35/nolabel_line43/move_right/COUNT_reg[15]
  -------------------------------------------------------------------
                         required time                         -1.599    
                         arrival time                           1.902    
  -------------------------------------------------------------------
                         slack                                  0.303    





Pulse Width Checks
--------------------------------------------------------------------------------------
Clock Name:         sys_clk_pin
Waveform(ns):       { 0.000 5.000 }
Period(ns):         10.000
Sources:            { clk }

Check Type        Corner  Lib Pin  Reference Pin  Required(ns)  Actual(ns)  Slack(ns)  Location       Pin
Min Period        n/a     BUFG/I   n/a            2.155         10.000      7.845      BUFGCTRL_X0Y0  clk_IBUF_BUFG_inst/I
Min Period        n/a     FDSE/C   n/a            1.000         10.000      9.000      SLICE_X65Y26   nolabel_line35/an_reg[0]/C
Min Period        n/a     FDSE/C   n/a            1.000         10.000      9.000      SLICE_X65Y26   nolabel_line35/an_reg[1]/C
Min Period        n/a     FDRE/C   n/a            1.000         10.000      9.000      SLICE_X65Y26   nolabel_line35/an_reg[2]/C
Min Period        n/a     FDSE/C   n/a            1.000         10.000      9.000      SLICE_X64Y26   nolabel_line35/an_reg[3]/C
Min Period        n/a     FDRE/C   n/a            1.000         10.000      9.000      SLICE_X63Y26   nolabel_line35/btn_pressed_reg/C
Min Period        n/a     FDRE/C   n/a            1.000         10.000      9.000      SLICE_X63Y26   nolabel_line35/direction_reg[0]/C
Min Period        n/a     FDRE/C   n/a            1.000         10.000      9.000      SLICE_X60Y23   nolabel_line35/nolabel_line43/move_right/COUNT_reg[0]/C
Min Period        n/a     FDRE/C   n/a            1.000         10.000      9.000      SLICE_X60Y25   nolabel_line35/nolabel_line43/move_right/COUNT_reg[10]/C
Min Period        n/a     FDRE/C   n/a            1.000         10.000      9.000      SLICE_X60Y25   nolabel_line35/nolabel_line43/move_right/COUNT_reg[11]/C
Low Pulse Width   Slow    FDRE/C   n/a            0.500         5.000       4.500      SLICE_X60Y29   nolabel_line35/nolabel_line43/move_right/COUNT_reg[24]/C
Low Pulse Width   Slow    FDRE/C   n/a            0.500         5.000       4.500      SLICE_X60Y29   nolabel_line35/nolabel_line43/move_right/COUNT_reg[25]/C
Low Pulse Width   Slow    FDRE/C   n/a            0.500         5.000       4.500      SLICE_X60Y29   nolabel_line35/nolabel_line43/move_right/COUNT_reg[26]/C
Low Pulse Width   Slow    FDRE/C   n/a            0.500         5.000       4.500      SLICE_X60Y29   nolabel_line35/nolabel_line43/move_right/COUNT_reg[27]/C
Low Pulse Width   Slow    FDRE/C   n/a            0.500         5.000       4.500      SLICE_X60Y30   nolabel_line35/nolabel_line43/move_right/COUNT_reg[28]/C
Low Pulse Width   Slow    FDRE/C   n/a            0.500         5.000       4.500      SLICE_X60Y30   nolabel_line35/nolabel_line43/move_right/COUNT_reg[29]/C
Low Pulse Width   Slow    FDRE/C   n/a            0.500         5.000       4.500      SLICE_X60Y30   nolabel_line35/nolabel_line43/move_right/COUNT_reg[30]/C
Low Pulse Width   Slow    FDRE/C   n/a            0.500         5.000       4.500      SLICE_X60Y30   nolabel_line35/nolabel_line43/move_right/COUNT_reg[31]/C
Low Pulse Width   Fast    FDSE/C   n/a            0.500         5.000       4.500      SLICE_X65Y26   nolabel_line35/an_reg[0]/C
Low Pulse Width   Fast    FDSE/C   n/a            0.500         5.000       4.500      SLICE_X65Y26   nolabel_line35/an_reg[1]/C
High Pulse Width  Slow    FDSE/C   n/a            0.500         5.000       4.500      SLICE_X65Y26   nolabel_line35/an_reg[0]/C
High Pulse Width  Slow    FDSE/C   n/a            0.500         5.000       4.500      SLICE_X65Y26   nolabel_line35/an_reg[1]/C
High Pulse Width  Slow    FDRE/C   n/a            0.500         5.000       4.500      SLICE_X65Y26   nolabel_line35/an_reg[2]/C
High Pulse Width  Slow    FDSE/C   n/a            0.500         5.000       4.500      SLICE_X64Y26   nolabel_line35/an_reg[3]/C
High Pulse Width  Slow    FDRE/C   n/a            0.500         5.000       4.500      SLICE_X63Y26   nolabel_line35/btn_pressed_reg/C
High Pulse Width  Slow    FDRE/C   n/a            0.500         5.000       4.500      SLICE_X63Y26   nolabel_line35/direction_reg[0]/C
High Pulse Width  Slow    FDRE/C   n/a            0.500         5.000       4.500      SLICE_X60Y23   nolabel_line35/nolabel_line43/move_right/COUNT_reg[0]/C
High Pulse Width  Slow    FDRE/C   n/a            0.500         5.000       4.500      SLICE_X60Y25   nolabel_line35/nolabel_line43/move_right/COUNT_reg[10]/C
High Pulse Width  Fast    FDRE/C   n/a            0.500         5.000       4.500      SLICE_X60Y25   nolabel_line35/nolabel_line43/move_right/COUNT_reg[10]/C
High Pulse Width  Slow    FDRE/C   n/a            0.500         5.000       4.500      SLICE_X60Y25   nolabel_line35/nolabel_line43/move_right/COUNT_reg[11]/C



