Copyright 1986-2018 Xilinx, Inc. All Rights Reserved.
--------------------------------------------------------------------------------------------------------------------------------------------------------------------------------------------------------
| Tool Version : Vivado v.2018.2 (win64) Build 2258646 Thu Jun 14 20:03:12 MDT 2018
| Date         : Thu Oct 31 14:29:16 2024
| Host         : Kashfy-yoga7 running 64-bit major release  (build 9200)
| Command      : report_timing_summary -max_paths 10 -file Top_Student_timing_summary_routed.rpt -pb Top_Student_timing_summary_routed.pb -rpx Top_Student_timing_summary_routed.rpx -warn_on_violation
| Design       : Top_Student
| Device       : 7a35t-cpg236
| Speed File   : -1  PRODUCTION 1.22 2018-03-21
--------------------------------------------------------------------------------------------------------------------------------------------------------------------------------------------------------

Timing Summary Report

------------------------------------------------------------------------------------------------
| Timer Settings
| --------------
------------------------------------------------------------------------------------------------

  Enable Multi Corner Analysis               :  Yes
  Enable Pessimism Removal                   :  Yes
  Pessimism Removal Resolution               :  Nearest Common Node
  Enable Input Delay Default Clock           :  No
  Enable Preset / Clear Arcs                 :  No
  Disable Flight Delays                      :  No
  Ignore I/O Paths                           :  No
  Timing Early Launch at Borrowing Latches   :  false

  Corner  Analyze    Analyze    
  Name    Max Paths  Min Paths  
  ------  ---------  ---------  
  Slow    Yes        Yes        
  Fast    Yes        Yes        



check_timing report

Table of Contents
-----------------
1. checking no_clock
2. checking constant_clock
3. checking pulse_width_clock
4. checking unconstrained_internal_endpoints
5. checking no_input_delay
6. checking no_output_delay
7. checking multiple_clock
8. checking generated_clocks
9. checking loops
10. checking partial_input_delay
11. checking partial_output_delay
12. checking latch_loops

1. checking no_clock
--------------------
 There are 80 register/latch pins with no clock driven by root clock pin: animate_enemy/get_fps_clock/slow_clk_reg/Q (HIGH)

 There are 89 register/latch pins with no clock driven by root clock pin: animate_hero/get_fps_clock/slow_clk_reg/Q (HIGH)

 There are 21 register/latch pins with no clock driven by root clock pin: animate_projectile/get_fps_clock/slow_clk_reg/Q (HIGH)

 There are 115 register/latch pins with no clock driven by root clock pin: clk_6p25MHz/slow_clk_reg/Q (HIGH)

 There are 35 register/latch pins with no clock driven by root clock pin: nolabel_line82/nolabel_line36/slow_clk_reg/Q (HIGH)


2. checking constant_clock
--------------------------
 There are 0 register/latch pins with constant_clock.


3. checking pulse_width_clock
-----------------------------
 There are 0 register/latch pins which need pulse_width check


4. checking unconstrained_internal_endpoints
--------------------------------------------
 There are 550 pins that are not constrained for maximum delay. (HIGH)

 There are 0 pins that are not constrained for maximum delay due to constant clock.


5. checking no_input_delay
--------------------------
 There are 5 input ports with no input delay specified. (HIGH)

 There are 0 input ports with no input delay but user has a false path constraint.


6. checking no_output_delay
---------------------------
 There are 9 ports with no output delay specified. (HIGH)

 There are 0 ports with no output delay but user has a false path constraint

 There are 0 ports with no output delay but with a timing clock defined on it or propagating through it


7. checking multiple_clock
--------------------------
 There are 0 register/latch pins with multiple clocks.


8. checking generated_clocks
----------------------------
 There are 0 generated clocks that are not connected to a clock source.


9. checking loops
-----------------
 There are 0 combinational loops in the design.


10. checking partial_input_delay
--------------------------------
 There are 0 input ports with partial input delay specified.


11. checking partial_output_delay
---------------------------------
 There are 0 ports with partial output delay specified.


12. checking latch_loops
------------------------
 There are 0 combinational latch loops in the design through latch input



------------------------------------------------------------------------------------------------
| Design Timing Summary
| ---------------------
------------------------------------------------------------------------------------------------

    WNS(ns)      TNS(ns)  TNS Failing Endpoints  TNS Total Endpoints      WHS(ns)      THS(ns)  THS Failing Endpoints  THS Total Endpoints     WPWS(ns)     TPWS(ns)  TPWS Failing Endpoints  TPWS Total Endpoints  
    -------      -------  ---------------------  -------------------      -------      -------  ---------------------  -------------------     --------     --------  ----------------------  --------------------  
      5.535        0.000                      0                  334        0.103        0.000                      0                  334        4.500        0.000                       0                   177  


All user specified timing constraints are met.


------------------------------------------------------------------------------------------------
| Clock Summary
| -------------
------------------------------------------------------------------------------------------------

Clock        Waveform(ns)       Period(ns)      Frequency(MHz)
-----        ------------       ----------      --------------
sys_clk_pin  {0.000 5.000}      10.000          100.000         


------------------------------------------------------------------------------------------------
| Intra Clock Table
| -----------------
------------------------------------------------------------------------------------------------

Clock             WNS(ns)      TNS(ns)  TNS Failing Endpoints  TNS Total Endpoints      WHS(ns)      THS(ns)  THS Failing Endpoints  THS Total Endpoints     WPWS(ns)     TPWS(ns)  TPWS Failing Endpoints  TPWS Total Endpoints  
-----             -------      -------  ---------------------  -------------------      -------      -------  ---------------------  -------------------     --------     --------  ----------------------  --------------------  
sys_clk_pin         5.535        0.000                      0                  334        0.103        0.000                      0                  334        4.500        0.000                       0                   177  


------------------------------------------------------------------------------------------------
| Inter Clock Table
| -----------------
------------------------------------------------------------------------------------------------

From Clock    To Clock          WNS(ns)      TNS(ns)  TNS Failing Endpoints  TNS Total Endpoints      WHS(ns)      THS(ns)  THS Failing Endpoints  THS Total Endpoints  
----------    --------          -------      -------  ---------------------  -------------------      -------      -------  ---------------------  -------------------  


------------------------------------------------------------------------------------------------
| Other Path Groups Table
| -----------------------
------------------------------------------------------------------------------------------------

Path Group    From Clock    To Clock          WNS(ns)      TNS(ns)  TNS Failing Endpoints  TNS Total Endpoints      WHS(ns)      THS(ns)  THS Failing Endpoints  THS Total Endpoints  
----------    ----------    --------          -------      -------  ---------------------  -------------------      -------      -------  ---------------------  -------------------  


------------------------------------------------------------------------------------------------
| Timing Details
| --------------
------------------------------------------------------------------------------------------------


---------------------------------------------------------------------------------------------------
From Clock:  sys_clk_pin
  To Clock:  sys_clk_pin

Setup :            0  Failing Endpoints,  Worst Slack        5.535ns,  Total Violation        0.000ns
Hold  :            0  Failing Endpoints,  Worst Slack        0.103ns,  Total Violation        0.000ns
PW    :            0  Failing Endpoints,  Worst Slack        4.500ns,  Total Violation        0.000ns
---------------------------------------------------------------------------------------------------


Max Delay Paths
--------------------------------------------------------------------------------------
Slack (MET) :             5.535ns  (required time - arrival time)
  Source:                 animate_hero/get_fps_clock/COUNT_reg[0]/C
                            (rising edge-triggered cell FDRE clocked by sys_clk_pin  {rise@0.000ns fall@5.000ns period=10.000ns})
  Destination:            animate_hero/get_fps_clock/COUNT_reg[24]/R
                            (rising edge-triggered cell FDRE clocked by sys_clk_pin  {rise@0.000ns fall@5.000ns period=10.000ns})
  Path Group:             sys_clk_pin
  Path Type:              Setup (Max at Slow Process Corner)
  Requirement:            10.000ns  (sys_clk_pin rise@10.000ns - sys_clk_pin rise@0.000ns)
  Data Path Delay:        3.585ns  (logic 1.516ns (42.285%)  route 2.069ns (57.715%))
  Logic Levels:           4  (CARRY4=3 LUT3=1)
  Clock Path Skew:        -0.132ns (DCD - SCD + CPR)
    Destination Clock Delay (DCD):    4.776ns = ( 14.776 - 10.000 ) 
    Source Clock Delay      (SCD):    5.087ns
    Clock Pessimism Removal (CPR):    0.180ns
  Clock Uncertainty:      0.035ns  ((TSJ^2 + TIJ^2)^1/2 + DJ) / 2 + PE
    Total System Jitter     (TSJ):    0.071ns
    Total Input Jitter      (TIJ):    0.000ns
    Discrete Jitter          (DJ):    0.000ns
    Phase Error              (PE):    0.000ns

    Location             Delay type                Incr(ns)  Path(ns)    Netlist Resource(s)
  -------------------------------------------------------------------    -------------------
                         (clock sys_clk_pin rise edge)
                                                      0.000     0.000 r  
    W5                                                0.000     0.000 r  clk (IN)
                         net (fo=0)                   0.000     0.000    clk
    W5                   IBUF (Prop_ibuf_I_O)         1.458     1.458 r  clk_IBUF_inst/O
                         net (fo=1, routed)           1.967     3.425    clk_IBUF
    BUFGCTRL_X0Y0        BUFG (Prop_bufg_I_O)         0.096     3.521 r  clk_IBUF_BUFG_inst/O
                         net (fo=176, routed)         1.566     5.087    animate_hero/get_fps_clock/clk_IBUF_BUFG
    SLICE_X30Y47         FDRE                                         r  animate_hero/get_fps_clock/COUNT_reg[0]/C
  -------------------------------------------------------------------    -------------------
    SLICE_X30Y47         FDRE (Prop_fdre_C_Q)         0.518     5.605 r  animate_hero/get_fps_clock/COUNT_reg[0]/Q
                         net (fo=3, routed)           0.955     6.561    animate_hero/get_fps_clock/COUNT_reg[0]
    SLICE_X31Y48         LUT3 (Prop_lut3_I2_O)        0.124     6.685 r  animate_hero/get_fps_clock/COUNT[0]_i_16/O
                         net (fo=1, routed)           0.000     6.685    animate_hero/get_fps_clock/COUNT[0]_i_16_n_0
    SLICE_X31Y48         CARRY4 (Prop_carry4_S[0]_CO[3])
                                                      0.532     7.217 r  animate_hero/get_fps_clock/COUNT_reg[0]_i_8/CO[3]
                         net (fo=1, routed)           0.000     7.217    animate_hero/get_fps_clock/COUNT_reg[0]_i_8_n_0
    SLICE_X31Y49         CARRY4 (Prop_carry4_CI_CO[3])
                                                      0.114     7.331 r  animate_hero/get_fps_clock/COUNT_reg[0]_i_3/CO[3]
                         net (fo=1, routed)           0.001     7.331    animate_hero/get_fps_clock/COUNT_reg[0]_i_3_n_0
    SLICE_X31Y50         CARRY4 (Prop_carry4_CI_CO[2])
                                                      0.228     7.559 r  animate_hero/get_fps_clock/COUNT_reg[0]_i_1/CO[2]
                         net (fo=32, routed)          1.113     8.672    animate_hero/get_fps_clock/clear
    SLICE_X30Y53         FDRE                                         r  animate_hero/get_fps_clock/COUNT_reg[24]/R
  -------------------------------------------------------------------    -------------------

                         (clock sys_clk_pin rise edge)
                                                     10.000    10.000 r  
    W5                                                0.000    10.000 r  clk (IN)
                         net (fo=0)                   0.000    10.000    clk
    W5                   IBUF (Prop_ibuf_I_O)         1.388    11.388 r  clk_IBUF_inst/O
                         net (fo=1, routed)           1.862    13.250    clk_IBUF
    BUFGCTRL_X0Y0        BUFG (Prop_bufg_I_O)         0.091    13.341 r  clk_IBUF_BUFG_inst/O
                         net (fo=176, routed)         1.435    14.776    animate_hero/get_fps_clock/clk_IBUF_BUFG
    SLICE_X30Y53         FDRE                                         r  animate_hero/get_fps_clock/COUNT_reg[24]/C
                         clock pessimism              0.180    14.956    
                         clock uncertainty           -0.035    14.920    
    SLICE_X30Y53         FDRE (Setup_fdre_C_R)       -0.713    14.207    animate_hero/get_fps_clock/COUNT_reg[24]
  -------------------------------------------------------------------
                         required time                         14.207    
                         arrival time                          -8.672    
  -------------------------------------------------------------------
                         slack                                  5.535    

Slack (MET) :             5.535ns  (required time - arrival time)
  Source:                 animate_hero/get_fps_clock/COUNT_reg[0]/C
                            (rising edge-triggered cell FDRE clocked by sys_clk_pin  {rise@0.000ns fall@5.000ns period=10.000ns})
  Destination:            animate_hero/get_fps_clock/COUNT_reg[25]/R
                            (rising edge-triggered cell FDRE clocked by sys_clk_pin  {rise@0.000ns fall@5.000ns period=10.000ns})
  Path Group:             sys_clk_pin
  Path Type:              Setup (Max at Slow Process Corner)
  Requirement:            10.000ns  (sys_clk_pin rise@10.000ns - sys_clk_pin rise@0.000ns)
  Data Path Delay:        3.585ns  (logic 1.516ns (42.285%)  route 2.069ns (57.715%))
  Logic Levels:           4  (CARRY4=3 LUT3=1)
  Clock Path Skew:        -0.132ns (DCD - SCD + CPR)
    Destination Clock Delay (DCD):    4.776ns = ( 14.776 - 10.000 ) 
    Source Clock Delay      (SCD):    5.087ns
    Clock Pessimism Removal (CPR):    0.180ns
  Clock Uncertainty:      0.035ns  ((TSJ^2 + TIJ^2)^1/2 + DJ) / 2 + PE
    Total System Jitter     (TSJ):    0.071ns
    Total Input Jitter      (TIJ):    0.000ns
    Discrete Jitter          (DJ):    0.000ns
    Phase Error              (PE):    0.000ns

    Location             Delay type                Incr(ns)  Path(ns)    Netlist Resource(s)
  -------------------------------------------------------------------    -------------------
                         (clock sys_clk_pin rise edge)
                                                      0.000     0.000 r  
    W5                                                0.000     0.000 r  clk (IN)
                         net (fo=0)                   0.000     0.000    clk
    W5                   IBUF (Prop_ibuf_I_O)         1.458     1.458 r  clk_IBUF_inst/O
                         net (fo=1, routed)           1.967     3.425    clk_IBUF
    BUFGCTRL_X0Y0        BUFG (Prop_bufg_I_O)         0.096     3.521 r  clk_IBUF_BUFG_inst/O
                         net (fo=176, routed)         1.566     5.087    animate_hero/get_fps_clock/clk_IBUF_BUFG
    SLICE_X30Y47         FDRE                                         r  animate_hero/get_fps_clock/COUNT_reg[0]/C
  -------------------------------------------------------------------    -------------------
    SLICE_X30Y47         FDRE (Prop_fdre_C_Q)         0.518     5.605 r  animate_hero/get_fps_clock/COUNT_reg[0]/Q
                         net (fo=3, routed)           0.955     6.561    animate_hero/get_fps_clock/COUNT_reg[0]
    SLICE_X31Y48         LUT3 (Prop_lut3_I2_O)        0.124     6.685 r  animate_hero/get_fps_clock/COUNT[0]_i_16/O
                         net (fo=1, routed)           0.000     6.685    animate_hero/get_fps_clock/COUNT[0]_i_16_n_0
    SLICE_X31Y48         CARRY4 (Prop_carry4_S[0]_CO[3])
                                                      0.532     7.217 r  animate_hero/get_fps_clock/COUNT_reg[0]_i_8/CO[3]
                         net (fo=1, routed)           0.000     7.217    animate_hero/get_fps_clock/COUNT_reg[0]_i_8_n_0
    SLICE_X31Y49         CARRY4 (Prop_carry4_CI_CO[3])
                                                      0.114     7.331 r  animate_hero/get_fps_clock/COUNT_reg[0]_i_3/CO[3]
                         net (fo=1, routed)           0.001     7.331    animate_hero/get_fps_clock/COUNT_reg[0]_i_3_n_0
    SLICE_X31Y50         CARRY4 (Prop_carry4_CI_CO[2])
                                                      0.228     7.559 r  animate_hero/get_fps_clock/COUNT_reg[0]_i_1/CO[2]
                         net (fo=32, routed)          1.113     8.672    animate_hero/get_fps_clock/clear
    SLICE_X30Y53         FDRE                                         r  animate_hero/get_fps_clock/COUNT_reg[25]/R
  -------------------------------------------------------------------    -------------------

                         (clock sys_clk_pin rise edge)
                                                     10.000    10.000 r  
    W5                                                0.000    10.000 r  clk (IN)
                         net (fo=0)                   0.000    10.000    clk
    W5                   IBUF (Prop_ibuf_I_O)         1.388    11.388 r  clk_IBUF_inst/O
                         net (fo=1, routed)           1.862    13.250    clk_IBUF
    BUFGCTRL_X0Y0        BUFG (Prop_bufg_I_O)         0.091    13.341 r  clk_IBUF_BUFG_inst/O
                         net (fo=176, routed)         1.435    14.776    animate_hero/get_fps_clock/clk_IBUF_BUFG
    SLICE_X30Y53         FDRE                                         r  animate_hero/get_fps_clock/COUNT_reg[25]/C
                         clock pessimism              0.180    14.956    
                         clock uncertainty           -0.035    14.920    
    SLICE_X30Y53         FDRE (Setup_fdre_C_R)       -0.713    14.207    animate_hero/get_fps_clock/COUNT_reg[25]
  -------------------------------------------------------------------
                         required time                         14.207    
                         arrival time                          -8.672    
  -------------------------------------------------------------------
                         slack                                  5.535    

Slack (MET) :             5.535ns  (required time - arrival time)
  Source:                 animate_hero/get_fps_clock/COUNT_reg[0]/C
                            (rising edge-triggered cell FDRE clocked by sys_clk_pin  {rise@0.000ns fall@5.000ns period=10.000ns})
  Destination:            animate_hero/get_fps_clock/COUNT_reg[26]/R
                            (rising edge-triggered cell FDRE clocked by sys_clk_pin  {rise@0.000ns fall@5.000ns period=10.000ns})
  Path Group:             sys_clk_pin
  Path Type:              Setup (Max at Slow Process Corner)
  Requirement:            10.000ns  (sys_clk_pin rise@10.000ns - sys_clk_pin rise@0.000ns)
  Data Path Delay:        3.585ns  (logic 1.516ns (42.285%)  route 2.069ns (57.715%))
  Logic Levels:           4  (CARRY4=3 LUT3=1)
  Clock Path Skew:        -0.132ns (DCD - SCD + CPR)
    Destination Clock Delay (DCD):    4.776ns = ( 14.776 - 10.000 ) 
    Source Clock Delay      (SCD):    5.087ns
    Clock Pessimism Removal (CPR):    0.180ns
  Clock Uncertainty:      0.035ns  ((TSJ^2 + TIJ^2)^1/2 + DJ) / 2 + PE
    Total System Jitter     (TSJ):    0.071ns
    Total Input Jitter      (TIJ):    0.000ns
    Discrete Jitter          (DJ):    0.000ns
    Phase Error              (PE):    0.000ns

    Location             Delay type                Incr(ns)  Path(ns)    Netlist Resource(s)
  -------------------------------------------------------------------    -------------------
                         (clock sys_clk_pin rise edge)
                                                      0.000     0.000 r  
    W5                                                0.000     0.000 r  clk (IN)
                         net (fo=0)                   0.000     0.000    clk
    W5                   IBUF (Prop_ibuf_I_O)         1.458     1.458 r  clk_IBUF_inst/O
                         net (fo=1, routed)           1.967     3.425    clk_IBUF
    BUFGCTRL_X0Y0        BUFG (Prop_bufg_I_O)         0.096     3.521 r  clk_IBUF_BUFG_inst/O
                         net (fo=176, routed)         1.566     5.087    animate_hero/get_fps_clock/clk_IBUF_BUFG
    SLICE_X30Y47         FDRE                                         r  animate_hero/get_fps_clock/COUNT_reg[0]/C
  -------------------------------------------------------------------    -------------------
    SLICE_X30Y47         FDRE (Prop_fdre_C_Q)         0.518     5.605 r  animate_hero/get_fps_clock/COUNT_reg[0]/Q
                         net (fo=3, routed)           0.955     6.561    animate_hero/get_fps_clock/COUNT_reg[0]
    SLICE_X31Y48         LUT3 (Prop_lut3_I2_O)        0.124     6.685 r  animate_hero/get_fps_clock/COUNT[0]_i_16/O
                         net (fo=1, routed)           0.000     6.685    animate_hero/get_fps_clock/COUNT[0]_i_16_n_0
    SLICE_X31Y48         CARRY4 (Prop_carry4_S[0]_CO[3])
                                                      0.532     7.217 r  animate_hero/get_fps_clock/COUNT_reg[0]_i_8/CO[3]
                         net (fo=1, routed)           0.000     7.217    animate_hero/get_fps_clock/COUNT_reg[0]_i_8_n_0
    SLICE_X31Y49         CARRY4 (Prop_carry4_CI_CO[3])
                                                      0.114     7.331 r  animate_hero/get_fps_clock/COUNT_reg[0]_i_3/CO[3]
                         net (fo=1, routed)           0.001     7.331    animate_hero/get_fps_clock/COUNT_reg[0]_i_3_n_0
    SLICE_X31Y50         CARRY4 (Prop_carry4_CI_CO[2])
                                                      0.228     7.559 r  animate_hero/get_fps_clock/COUNT_reg[0]_i_1/CO[2]
                         net (fo=32, routed)          1.113     8.672    animate_hero/get_fps_clock/clear
    SLICE_X30Y53         FDRE                                         r  animate_hero/get_fps_clock/COUNT_reg[26]/R
  -------------------------------------------------------------------    -------------------

                         (clock sys_clk_pin rise edge)
                                                     10.000    10.000 r  
    W5                                                0.000    10.000 r  clk (IN)
                         net (fo=0)                   0.000    10.000    clk
    W5                   IBUF (Prop_ibuf_I_O)         1.388    11.388 r  clk_IBUF_inst/O
                         net (fo=1, routed)           1.862    13.250    clk_IBUF
    BUFGCTRL_X0Y0        BUFG (Prop_bufg_I_O)         0.091    13.341 r  clk_IBUF_BUFG_inst/O
                         net (fo=176, routed)         1.435    14.776    animate_hero/get_fps_clock/clk_IBUF_BUFG
    SLICE_X30Y53         FDRE                                         r  animate_hero/get_fps_clock/COUNT_reg[26]/C
                         clock pessimism              0.180    14.956    
                         clock uncertainty           -0.035    14.920    
    SLICE_X30Y53         FDRE (Setup_fdre_C_R)       -0.713    14.207    animate_hero/get_fps_clock/COUNT_reg[26]
  -------------------------------------------------------------------
                         required time                         14.207    
                         arrival time                          -8.672    
  -------------------------------------------------------------------
                         slack                                  5.535    

Slack (MET) :             5.535ns  (required time - arrival time)
  Source:                 animate_hero/get_fps_clock/COUNT_reg[0]/C
                            (rising edge-triggered cell FDRE clocked by sys_clk_pin  {rise@0.000ns fall@5.000ns period=10.000ns})
  Destination:            animate_hero/get_fps_clock/COUNT_reg[27]/R
                            (rising edge-triggered cell FDRE clocked by sys_clk_pin  {rise@0.000ns fall@5.000ns period=10.000ns})
  Path Group:             sys_clk_pin
  Path Type:              Setup (Max at Slow Process Corner)
  Requirement:            10.000ns  (sys_clk_pin rise@10.000ns - sys_clk_pin rise@0.000ns)
  Data Path Delay:        3.585ns  (logic 1.516ns (42.285%)  route 2.069ns (57.715%))
  Logic Levels:           4  (CARRY4=3 LUT3=1)
  Clock Path Skew:        -0.132ns (DCD - SCD + CPR)
    Destination Clock Delay (DCD):    4.776ns = ( 14.776 - 10.000 ) 
    Source Clock Delay      (SCD):    5.087ns
    Clock Pessimism Removal (CPR):    0.180ns
  Clock Uncertainty:      0.035ns  ((TSJ^2 + TIJ^2)^1/2 + DJ) / 2 + PE
    Total System Jitter     (TSJ):    0.071ns
    Total Input Jitter      (TIJ):    0.000ns
    Discrete Jitter          (DJ):    0.000ns
    Phase Error              (PE):    0.000ns

    Location             Delay type                Incr(ns)  Path(ns)    Netlist Resource(s)
  -------------------------------------------------------------------    -------------------
                         (clock sys_clk_pin rise edge)
                                                      0.000     0.000 r  
    W5                                                0.000     0.000 r  clk (IN)
                         net (fo=0)                   0.000     0.000    clk
    W5                   IBUF (Prop_ibuf_I_O)         1.458     1.458 r  clk_IBUF_inst/O
                         net (fo=1, routed)           1.967     3.425    clk_IBUF
    BUFGCTRL_X0Y0        BUFG (Prop_bufg_I_O)         0.096     3.521 r  clk_IBUF_BUFG_inst/O
                         net (fo=176, routed)         1.566     5.087    animate_hero/get_fps_clock/clk_IBUF_BUFG
    SLICE_X30Y47         FDRE                                         r  animate_hero/get_fps_clock/COUNT_reg[0]/C
  -------------------------------------------------------------------    -------------------
    SLICE_X30Y47         FDRE (Prop_fdre_C_Q)         0.518     5.605 r  animate_hero/get_fps_clock/COUNT_reg[0]/Q
                         net (fo=3, routed)           0.955     6.561    animate_hero/get_fps_clock/COUNT_reg[0]
    SLICE_X31Y48         LUT3 (Prop_lut3_I2_O)        0.124     6.685 r  animate_hero/get_fps_clock/COUNT[0]_i_16/O
                         net (fo=1, routed)           0.000     6.685    animate_hero/get_fps_clock/COUNT[0]_i_16_n_0
    SLICE_X31Y48         CARRY4 (Prop_carry4_S[0]_CO[3])
                                                      0.532     7.217 r  animate_hero/get_fps_clock/COUNT_reg[0]_i_8/CO[3]
                         net (fo=1, routed)           0.000     7.217    animate_hero/get_fps_clock/COUNT_reg[0]_i_8_n_0
    SLICE_X31Y49         CARRY4 (Prop_carry4_CI_CO[3])
                                                      0.114     7.331 r  animate_hero/get_fps_clock/COUNT_reg[0]_i_3/CO[3]
                         net (fo=1, routed)           0.001     7.331    animate_hero/get_fps_clock/COUNT_reg[0]_i_3_n_0
    SLICE_X31Y50         CARRY4 (Prop_carry4_CI_CO[2])
                                                      0.228     7.559 r  animate_hero/get_fps_clock/COUNT_reg[0]_i_1/CO[2]
                         net (fo=32, routed)          1.113     8.672    animate_hero/get_fps_clock/clear
    SLICE_X30Y53         FDRE                                         r  animate_hero/get_fps_clock/COUNT_reg[27]/R
  -------------------------------------------------------------------    -------------------

                         (clock sys_clk_pin rise edge)
                                                     10.000    10.000 r  
    W5                                                0.000    10.000 r  clk (IN)
                         net (fo=0)                   0.000    10.000    clk
    W5                   IBUF (Prop_ibuf_I_O)         1.388    11.388 r  clk_IBUF_inst/O
                         net (fo=1, routed)           1.862    13.250    clk_IBUF
    BUFGCTRL_X0Y0        BUFG (Prop_bufg_I_O)         0.091    13.341 r  clk_IBUF_BUFG_inst/O
                         net (fo=176, routed)         1.435    14.776    animate_hero/get_fps_clock/clk_IBUF_BUFG
    SLICE_X30Y53         FDRE                                         r  animate_hero/get_fps_clock/COUNT_reg[27]/C
                         clock pessimism              0.180    14.956    
                         clock uncertainty           -0.035    14.920    
    SLICE_X30Y53         FDRE (Setup_fdre_C_R)       -0.713    14.207    animate_hero/get_fps_clock/COUNT_reg[27]
  -------------------------------------------------------------------
                         required time                         14.207    
                         arrival time                          -8.672    
  -------------------------------------------------------------------
                         slack                                  5.535    

Slack (MET) :             5.543ns  (required time - arrival time)
  Source:                 animate_hero/get_fps_clock/COUNT_reg[0]/C
                            (rising edge-triggered cell FDRE clocked by sys_clk_pin  {rise@0.000ns fall@5.000ns period=10.000ns})
  Destination:            animate_hero/get_fps_clock/COUNT_reg[0]/R
                            (rising edge-triggered cell FDRE clocked by sys_clk_pin  {rise@0.000ns fall@5.000ns period=10.000ns})
  Path Group:             sys_clk_pin
  Path Type:              Setup (Max at Slow Process Corner)
  Requirement:            10.000ns  (sys_clk_pin rise@10.000ns - sys_clk_pin rise@0.000ns)
  Data Path Delay:        3.709ns  (logic 1.516ns (40.874%)  route 2.193ns (59.126%))
  Logic Levels:           4  (CARRY4=3 LUT3=1)
  Clock Path Skew:        0.000ns (DCD - SCD + CPR)
    Destination Clock Delay (DCD):    4.787ns = ( 14.787 - 10.000 ) 
    Source Clock Delay      (SCD):    5.087ns
    Clock Pessimism Removal (CPR):    0.300ns
  Clock Uncertainty:      0.035ns  ((TSJ^2 + TIJ^2)^1/2 + DJ) / 2 + PE
    Total System Jitter     (TSJ):    0.071ns
    Total Input Jitter      (TIJ):    0.000ns
    Discrete Jitter          (DJ):    0.000ns
    Phase Error              (PE):    0.000ns

    Location             Delay type                Incr(ns)  Path(ns)    Netlist Resource(s)
  -------------------------------------------------------------------    -------------------
                         (clock sys_clk_pin rise edge)
                                                      0.000     0.000 r  
    W5                                                0.000     0.000 r  clk (IN)
                         net (fo=0)                   0.000     0.000    clk
    W5                   IBUF (Prop_ibuf_I_O)         1.458     1.458 r  clk_IBUF_inst/O
                         net (fo=1, routed)           1.967     3.425    clk_IBUF
    BUFGCTRL_X0Y0        BUFG (Prop_bufg_I_O)         0.096     3.521 r  clk_IBUF_BUFG_inst/O
                         net (fo=176, routed)         1.566     5.087    animate_hero/get_fps_clock/clk_IBUF_BUFG
    SLICE_X30Y47         FDRE                                         r  animate_hero/get_fps_clock/COUNT_reg[0]/C
  -------------------------------------------------------------------    -------------------
    SLICE_X30Y47         FDRE (Prop_fdre_C_Q)         0.518     5.605 r  animate_hero/get_fps_clock/COUNT_reg[0]/Q
                         net (fo=3, routed)           0.955     6.561    animate_hero/get_fps_clock/COUNT_reg[0]
    SLICE_X31Y48         LUT3 (Prop_lut3_I2_O)        0.124     6.685 r  animate_hero/get_fps_clock/COUNT[0]_i_16/O
                         net (fo=1, routed)           0.000     6.685    animate_hero/get_fps_clock/COUNT[0]_i_16_n_0
    SLICE_X31Y48         CARRY4 (Prop_carry4_S[0]_CO[3])
                                                      0.532     7.217 r  animate_hero/get_fps_clock/COUNT_reg[0]_i_8/CO[3]
                         net (fo=1, routed)           0.000     7.217    animate_hero/get_fps_clock/COUNT_reg[0]_i_8_n_0
    SLICE_X31Y49         CARRY4 (Prop_carry4_CI_CO[3])
                                                      0.114     7.331 r  animate_hero/get_fps_clock/COUNT_reg[0]_i_3/CO[3]
                         net (fo=1, routed)           0.001     7.331    animate_hero/get_fps_clock/COUNT_reg[0]_i_3_n_0
    SLICE_X31Y50         CARRY4 (Prop_carry4_CI_CO[2])
                                                      0.228     7.559 r  animate_hero/get_fps_clock/COUNT_reg[0]_i_1/CO[2]
                         net (fo=32, routed)          1.237     8.796    animate_hero/get_fps_clock/clear
    SLICE_X30Y47         FDRE                                         r  animate_hero/get_fps_clock/COUNT_reg[0]/R
  -------------------------------------------------------------------    -------------------

                         (clock sys_clk_pin rise edge)
                                                     10.000    10.000 r  
    W5                                                0.000    10.000 r  clk (IN)
                         net (fo=0)                   0.000    10.000    clk
    W5                   IBUF (Prop_ibuf_I_O)         1.388    11.388 r  clk_IBUF_inst/O
                         net (fo=1, routed)           1.862    13.250    clk_IBUF
    BUFGCTRL_X0Y0        BUFG (Prop_bufg_I_O)         0.091    13.341 r  clk_IBUF_BUFG_inst/O
                         net (fo=176, routed)         1.446    14.787    animate_hero/get_fps_clock/clk_IBUF_BUFG
    SLICE_X30Y47         FDRE                                         r  animate_hero/get_fps_clock/COUNT_reg[0]/C
                         clock pessimism              0.300    15.087    
                         clock uncertainty           -0.035    15.052    
    SLICE_X30Y47         FDRE (Setup_fdre_C_R)       -0.713    14.339    animate_hero/get_fps_clock/COUNT_reg[0]
  -------------------------------------------------------------------
                         required time                         14.339    
                         arrival time                          -8.796    
  -------------------------------------------------------------------
                         slack                                  5.543    

Slack (MET) :             5.543ns  (required time - arrival time)
  Source:                 animate_hero/get_fps_clock/COUNT_reg[0]/C
                            (rising edge-triggered cell FDRE clocked by sys_clk_pin  {rise@0.000ns fall@5.000ns period=10.000ns})
  Destination:            animate_hero/get_fps_clock/COUNT_reg[1]/R
                            (rising edge-triggered cell FDRE clocked by sys_clk_pin  {rise@0.000ns fall@5.000ns period=10.000ns})
  Path Group:             sys_clk_pin
  Path Type:              Setup (Max at Slow Process Corner)
  Requirement:            10.000ns  (sys_clk_pin rise@10.000ns - sys_clk_pin rise@0.000ns)
  Data Path Delay:        3.709ns  (logic 1.516ns (40.874%)  route 2.193ns (59.126%))
  Logic Levels:           4  (CARRY4=3 LUT3=1)
  Clock Path Skew:        0.000ns (DCD - SCD + CPR)
    Destination Clock Delay (DCD):    4.787ns = ( 14.787 - 10.000 ) 
    Source Clock Delay      (SCD):    5.087ns
    Clock Pessimism Removal (CPR):    0.300ns
  Clock Uncertainty:      0.035ns  ((TSJ^2 + TIJ^2)^1/2 + DJ) / 2 + PE
    Total System Jitter     (TSJ):    0.071ns
    Total Input Jitter      (TIJ):    0.000ns
    Discrete Jitter          (DJ):    0.000ns
    Phase Error              (PE):    0.000ns

    Location             Delay type                Incr(ns)  Path(ns)    Netlist Resource(s)
  -------------------------------------------------------------------    -------------------
                         (clock sys_clk_pin rise edge)
                                                      0.000     0.000 r  
    W5                                                0.000     0.000 r  clk (IN)
                         net (fo=0)                   0.000     0.000    clk
    W5                   IBUF (Prop_ibuf_I_O)         1.458     1.458 r  clk_IBUF_inst/O
                         net (fo=1, routed)           1.967     3.425    clk_IBUF
    BUFGCTRL_X0Y0        BUFG (Prop_bufg_I_O)         0.096     3.521 r  clk_IBUF_BUFG_inst/O
                         net (fo=176, routed)         1.566     5.087    animate_hero/get_fps_clock/clk_IBUF_BUFG
    SLICE_X30Y47         FDRE                                         r  animate_hero/get_fps_clock/COUNT_reg[0]/C
  -------------------------------------------------------------------    -------------------
    SLICE_X30Y47         FDRE (Prop_fdre_C_Q)         0.518     5.605 r  animate_hero/get_fps_clock/COUNT_reg[0]/Q
                         net (fo=3, routed)           0.955     6.561    animate_hero/get_fps_clock/COUNT_reg[0]
    SLICE_X31Y48         LUT3 (Prop_lut3_I2_O)        0.124     6.685 r  animate_hero/get_fps_clock/COUNT[0]_i_16/O
                         net (fo=1, routed)           0.000     6.685    animate_hero/get_fps_clock/COUNT[0]_i_16_n_0
    SLICE_X31Y48         CARRY4 (Prop_carry4_S[0]_CO[3])
                                                      0.532     7.217 r  animate_hero/get_fps_clock/COUNT_reg[0]_i_8/CO[3]
                         net (fo=1, routed)           0.000     7.217    animate_hero/get_fps_clock/COUNT_reg[0]_i_8_n_0
    SLICE_X31Y49         CARRY4 (Prop_carry4_CI_CO[3])
                                                      0.114     7.331 r  animate_hero/get_fps_clock/COUNT_reg[0]_i_3/CO[3]
                         net (fo=1, routed)           0.001     7.331    animate_hero/get_fps_clock/COUNT_reg[0]_i_3_n_0
    SLICE_X31Y50         CARRY4 (Prop_carry4_CI_CO[2])
                                                      0.228     7.559 r  animate_hero/get_fps_clock/COUNT_reg[0]_i_1/CO[2]
                         net (fo=32, routed)          1.237     8.796    animate_hero/get_fps_clock/clear
    SLICE_X30Y47         FDRE                                         r  animate_hero/get_fps_clock/COUNT_reg[1]/R
  -------------------------------------------------------------------    -------------------

                         (clock sys_clk_pin rise edge)
                                                     10.000    10.000 r  
    W5                                                0.000    10.000 r  clk (IN)
                         net (fo=0)                   0.000    10.000    clk
    W5                   IBUF (Prop_ibuf_I_O)         1.388    11.388 r  clk_IBUF_inst/O
                         net (fo=1, routed)           1.862    13.250    clk_IBUF
    BUFGCTRL_X0Y0        BUFG (Prop_bufg_I_O)         0.091    13.341 r  clk_IBUF_BUFG_inst/O
                         net (fo=176, routed)         1.446    14.787    animate_hero/get_fps_clock/clk_IBUF_BUFG
    SLICE_X30Y47         FDRE                                         r  animate_hero/get_fps_clock/COUNT_reg[1]/C
                         clock pessimism              0.300    15.087    
                         clock uncertainty           -0.035    15.052    
    SLICE_X30Y47         FDRE (Setup_fdre_C_R)       -0.713    14.339    animate_hero/get_fps_clock/COUNT_reg[1]
  -------------------------------------------------------------------
                         required time                         14.339    
                         arrival time                          -8.796    
  -------------------------------------------------------------------
                         slack                                  5.543    

Slack (MET) :             5.543ns  (required time - arrival time)
  Source:                 animate_hero/get_fps_clock/COUNT_reg[0]/C
                            (rising edge-triggered cell FDRE clocked by sys_clk_pin  {rise@0.000ns fall@5.000ns period=10.000ns})
  Destination:            animate_hero/get_fps_clock/COUNT_reg[2]/R
                            (rising edge-triggered cell FDRE clocked by sys_clk_pin  {rise@0.000ns fall@5.000ns period=10.000ns})
  Path Group:             sys_clk_pin
  Path Type:              Setup (Max at Slow Process Corner)
  Requirement:            10.000ns  (sys_clk_pin rise@10.000ns - sys_clk_pin rise@0.000ns)
  Data Path Delay:        3.709ns  (logic 1.516ns (40.874%)  route 2.193ns (59.126%))
  Logic Levels:           4  (CARRY4=3 LUT3=1)
  Clock Path Skew:        0.000ns (DCD - SCD + CPR)
    Destination Clock Delay (DCD):    4.787ns = ( 14.787 - 10.000 ) 
    Source Clock Delay      (SCD):    5.087ns
    Clock Pessimism Removal (CPR):    0.300ns
  Clock Uncertainty:      0.035ns  ((TSJ^2 + TIJ^2)^1/2 + DJ) / 2 + PE
    Total System Jitter     (TSJ):    0.071ns
    Total Input Jitter      (TIJ):    0.000ns
    Discrete Jitter          (DJ):    0.000ns
    Phase Error              (PE):    0.000ns

    Location             Delay type                Incr(ns)  Path(ns)    Netlist Resource(s)
  -------------------------------------------------------------------    -------------------
                         (clock sys_clk_pin rise edge)
                                                      0.000     0.000 r  
    W5                                                0.000     0.000 r  clk (IN)
                         net (fo=0)                   0.000     0.000    clk
    W5                   IBUF (Prop_ibuf_I_O)         1.458     1.458 r  clk_IBUF_inst/O
                         net (fo=1, routed)           1.967     3.425    clk_IBUF
    BUFGCTRL_X0Y0        BUFG (Prop_bufg_I_O)         0.096     3.521 r  clk_IBUF_BUFG_inst/O
                         net (fo=176, routed)         1.566     5.087    animate_hero/get_fps_clock/clk_IBUF_BUFG
    SLICE_X30Y47         FDRE                                         r  animate_hero/get_fps_clock/COUNT_reg[0]/C
  -------------------------------------------------------------------    -------------------
    SLICE_X30Y47         FDRE (Prop_fdre_C_Q)         0.518     5.605 r  animate_hero/get_fps_clock/COUNT_reg[0]/Q
                         net (fo=3, routed)           0.955     6.561    animate_hero/get_fps_clock/COUNT_reg[0]
    SLICE_X31Y48         LUT3 (Prop_lut3_I2_O)        0.124     6.685 r  animate_hero/get_fps_clock/COUNT[0]_i_16/O
                         net (fo=1, routed)           0.000     6.685    animate_hero/get_fps_clock/COUNT[0]_i_16_n_0
    SLICE_X31Y48         CARRY4 (Prop_carry4_S[0]_CO[3])
                                                      0.532     7.217 r  animate_hero/get_fps_clock/COUNT_reg[0]_i_8/CO[3]
                         net (fo=1, routed)           0.000     7.217    animate_hero/get_fps_clock/COUNT_reg[0]_i_8_n_0
    SLICE_X31Y49         CARRY4 (Prop_carry4_CI_CO[3])
                                                      0.114     7.331 r  animate_hero/get_fps_clock/COUNT_reg[0]_i_3/CO[3]
                         net (fo=1, routed)           0.001     7.331    animate_hero/get_fps_clock/COUNT_reg[0]_i_3_n_0
    SLICE_X31Y50         CARRY4 (Prop_carry4_CI_CO[2])
                                                      0.228     7.559 r  animate_hero/get_fps_clock/COUNT_reg[0]_i_1/CO[2]
                         net (fo=32, routed)          1.237     8.796    animate_hero/get_fps_clock/clear
    SLICE_X30Y47         FDRE                                         r  animate_hero/get_fps_clock/COUNT_reg[2]/R
  -------------------------------------------------------------------    -------------------

                         (clock sys_clk_pin rise edge)
                                                     10.000    10.000 r  
    W5                                                0.000    10.000 r  clk (IN)
                         net (fo=0)                   0.000    10.000    clk
    W5                   IBUF (Prop_ibuf_I_O)         1.388    11.388 r  clk_IBUF_inst/O
                         net (fo=1, routed)           1.862    13.250    clk_IBUF
    BUFGCTRL_X0Y0        BUFG (Prop_bufg_I_O)         0.091    13.341 r  clk_IBUF_BUFG_inst/O
                         net (fo=176, routed)         1.446    14.787    animate_hero/get_fps_clock/clk_IBUF_BUFG
    SLICE_X30Y47         FDRE                                         r  animate_hero/get_fps_clock/COUNT_reg[2]/C
                         clock pessimism              0.300    15.087    
                         clock uncertainty           -0.035    15.052    
    SLICE_X30Y47         FDRE (Setup_fdre_C_R)       -0.713    14.339    animate_hero/get_fps_clock/COUNT_reg[2]
  -------------------------------------------------------------------
                         required time                         14.339    
                         arrival time                          -8.796    
  -------------------------------------------------------------------
                         slack                                  5.543    

Slack (MET) :             5.543ns  (required time - arrival time)
  Source:                 animate_hero/get_fps_clock/COUNT_reg[0]/C
                            (rising edge-triggered cell FDRE clocked by sys_clk_pin  {rise@0.000ns fall@5.000ns period=10.000ns})
  Destination:            animate_hero/get_fps_clock/COUNT_reg[3]/R
                            (rising edge-triggered cell FDRE clocked by sys_clk_pin  {rise@0.000ns fall@5.000ns period=10.000ns})
  Path Group:             sys_clk_pin
  Path Type:              Setup (Max at Slow Process Corner)
  Requirement:            10.000ns  (sys_clk_pin rise@10.000ns - sys_clk_pin rise@0.000ns)
  Data Path Delay:        3.709ns  (logic 1.516ns (40.874%)  route 2.193ns (59.126%))
  Logic Levels:           4  (CARRY4=3 LUT3=1)
  Clock Path Skew:        0.000ns (DCD - SCD + CPR)
    Destination Clock Delay (DCD):    4.787ns = ( 14.787 - 10.000 ) 
    Source Clock Delay      (SCD):    5.087ns
    Clock Pessimism Removal (CPR):    0.300ns
  Clock Uncertainty:      0.035ns  ((TSJ^2 + TIJ^2)^1/2 + DJ) / 2 + PE
    Total System Jitter     (TSJ):    0.071ns
    Total Input Jitter      (TIJ):    0.000ns
    Discrete Jitter          (DJ):    0.000ns
    Phase Error              (PE):    0.000ns

    Location             Delay type                Incr(ns)  Path(ns)    Netlist Resource(s)
  -------------------------------------------------------------------    -------------------
                         (clock sys_clk_pin rise edge)
                                                      0.000     0.000 r  
    W5                                                0.000     0.000 r  clk (IN)
                         net (fo=0)                   0.000     0.000    clk
    W5                   IBUF (Prop_ibuf_I_O)         1.458     1.458 r  clk_IBUF_inst/O
                         net (fo=1, routed)           1.967     3.425    clk_IBUF
    BUFGCTRL_X0Y0        BUFG (Prop_bufg_I_O)         0.096     3.521 r  clk_IBUF_BUFG_inst/O
                         net (fo=176, routed)         1.566     5.087    animate_hero/get_fps_clock/clk_IBUF_BUFG
    SLICE_X30Y47         FDRE                                         r  animate_hero/get_fps_clock/COUNT_reg[0]/C
  -------------------------------------------------------------------    -------------------
    SLICE_X30Y47         FDRE (Prop_fdre_C_Q)         0.518     5.605 r  animate_hero/get_fps_clock/COUNT_reg[0]/Q
                         net (fo=3, routed)           0.955     6.561    animate_hero/get_fps_clock/COUNT_reg[0]
    SLICE_X31Y48         LUT3 (Prop_lut3_I2_O)        0.124     6.685 r  animate_hero/get_fps_clock/COUNT[0]_i_16/O
                         net (fo=1, routed)           0.000     6.685    animate_hero/get_fps_clock/COUNT[0]_i_16_n_0
    SLICE_X31Y48         CARRY4 (Prop_carry4_S[0]_CO[3])
                                                      0.532     7.217 r  animate_hero/get_fps_clock/COUNT_reg[0]_i_8/CO[3]
                         net (fo=1, routed)           0.000     7.217    animate_hero/get_fps_clock/COUNT_reg[0]_i_8_n_0
    SLICE_X31Y49         CARRY4 (Prop_carry4_CI_CO[3])
                                                      0.114     7.331 r  animate_hero/get_fps_clock/COUNT_reg[0]_i_3/CO[3]
                         net (fo=1, routed)           0.001     7.331    animate_hero/get_fps_clock/COUNT_reg[0]_i_3_n_0
    SLICE_X31Y50         CARRY4 (Prop_carry4_CI_CO[2])
                                                      0.228     7.559 r  animate_hero/get_fps_clock/COUNT_reg[0]_i_1/CO[2]
                         net (fo=32, routed)          1.237     8.796    animate_hero/get_fps_clock/clear
    SLICE_X30Y47         FDRE                                         r  animate_hero/get_fps_clock/COUNT_reg[3]/R
  -------------------------------------------------------------------    -------------------

                         (clock sys_clk_pin rise edge)
                                                     10.000    10.000 r  
    W5                                                0.000    10.000 r  clk (IN)
                         net (fo=0)                   0.000    10.000    clk
    W5                   IBUF (Prop_ibuf_I_O)         1.388    11.388 r  clk_IBUF_inst/O
                         net (fo=1, routed)           1.862    13.250    clk_IBUF
    BUFGCTRL_X0Y0        BUFG (Prop_bufg_I_O)         0.091    13.341 r  clk_IBUF_BUFG_inst/O
                         net (fo=176, routed)         1.446    14.787    animate_hero/get_fps_clock/clk_IBUF_BUFG
    SLICE_X30Y47         FDRE                                         r  animate_hero/get_fps_clock/COUNT_reg[3]/C
                         clock pessimism              0.300    15.087    
                         clock uncertainty           -0.035    15.052    
    SLICE_X30Y47         FDRE (Setup_fdre_C_R)       -0.713    14.339    animate_hero/get_fps_clock/COUNT_reg[3]
  -------------------------------------------------------------------
                         required time                         14.339    
                         arrival time                          -8.796    
  -------------------------------------------------------------------
                         slack                                  5.543    

Slack (MET) :             5.581ns  (required time - arrival time)
  Source:                 animate_hero/get_fps_clock/COUNT_reg[0]/C
                            (rising edge-triggered cell FDRE clocked by sys_clk_pin  {rise@0.000ns fall@5.000ns period=10.000ns})
  Destination:            animate_hero/get_fps_clock/COUNT_reg[16]/R
                            (rising edge-triggered cell FDRE clocked by sys_clk_pin  {rise@0.000ns fall@5.000ns period=10.000ns})
  Path Group:             sys_clk_pin
  Path Type:              Setup (Max at Slow Process Corner)
  Requirement:            10.000ns  (sys_clk_pin rise@10.000ns - sys_clk_pin rise@0.000ns)
  Data Path Delay:        3.540ns  (logic 1.516ns (42.826%)  route 2.024ns (57.174%))
  Logic Levels:           4  (CARRY4=3 LUT3=1)
  Clock Path Skew:        -0.131ns (DCD - SCD + CPR)
    Destination Clock Delay (DCD):    4.777ns = ( 14.777 - 10.000 ) 
    Source Clock Delay      (SCD):    5.087ns
    Clock Pessimism Removal (CPR):    0.180ns
  Clock Uncertainty:      0.035ns  ((TSJ^2 + TIJ^2)^1/2 + DJ) / 2 + PE
    Total System Jitter     (TSJ):    0.071ns
    Total Input Jitter      (TIJ):    0.000ns
    Discrete Jitter          (DJ):    0.000ns
    Phase Error              (PE):    0.000ns

    Location             Delay type                Incr(ns)  Path(ns)    Netlist Resource(s)
  -------------------------------------------------------------------    -------------------
                         (clock sys_clk_pin rise edge)
                                                      0.000     0.000 r  
    W5                                                0.000     0.000 r  clk (IN)
                         net (fo=0)                   0.000     0.000    clk
    W5                   IBUF (Prop_ibuf_I_O)         1.458     1.458 r  clk_IBUF_inst/O
                         net (fo=1, routed)           1.967     3.425    clk_IBUF
    BUFGCTRL_X0Y0        BUFG (Prop_bufg_I_O)         0.096     3.521 r  clk_IBUF_BUFG_inst/O
                         net (fo=176, routed)         1.566     5.087    animate_hero/get_fps_clock/clk_IBUF_BUFG
    SLICE_X30Y47         FDRE                                         r  animate_hero/get_fps_clock/COUNT_reg[0]/C
  -------------------------------------------------------------------    -------------------
    SLICE_X30Y47         FDRE (Prop_fdre_C_Q)         0.518     5.605 r  animate_hero/get_fps_clock/COUNT_reg[0]/Q
                         net (fo=3, routed)           0.955     6.561    animate_hero/get_fps_clock/COUNT_reg[0]
    SLICE_X31Y48         LUT3 (Prop_lut3_I2_O)        0.124     6.685 r  animate_hero/get_fps_clock/COUNT[0]_i_16/O
                         net (fo=1, routed)           0.000     6.685    animate_hero/get_fps_clock/COUNT[0]_i_16_n_0
    SLICE_X31Y48         CARRY4 (Prop_carry4_S[0]_CO[3])
                                                      0.532     7.217 r  animate_hero/get_fps_clock/COUNT_reg[0]_i_8/CO[3]
                         net (fo=1, routed)           0.000     7.217    animate_hero/get_fps_clock/COUNT_reg[0]_i_8_n_0
    SLICE_X31Y49         CARRY4 (Prop_carry4_CI_CO[3])
                                                      0.114     7.331 r  animate_hero/get_fps_clock/COUNT_reg[0]_i_3/CO[3]
                         net (fo=1, routed)           0.001     7.331    animate_hero/get_fps_clock/COUNT_reg[0]_i_3_n_0
    SLICE_X31Y50         CARRY4 (Prop_carry4_CI_CO[2])
                                                      0.228     7.559 r  animate_hero/get_fps_clock/COUNT_reg[0]_i_1/CO[2]
                         net (fo=32, routed)          1.068     8.627    animate_hero/get_fps_clock/clear
    SLICE_X30Y51         FDRE                                         r  animate_hero/get_fps_clock/COUNT_reg[16]/R
  -------------------------------------------------------------------    -------------------

                         (clock sys_clk_pin rise edge)
                                                     10.000    10.000 r  
    W5                                                0.000    10.000 r  clk (IN)
                         net (fo=0)                   0.000    10.000    clk
    W5                   IBUF (Prop_ibuf_I_O)         1.388    11.388 r  clk_IBUF_inst/O
                         net (fo=1, routed)           1.862    13.250    clk_IBUF
    BUFGCTRL_X0Y0        BUFG (Prop_bufg_I_O)         0.091    13.341 r  clk_IBUF_BUFG_inst/O
                         net (fo=176, routed)         1.436    14.777    animate_hero/get_fps_clock/clk_IBUF_BUFG
    SLICE_X30Y51         FDRE                                         r  animate_hero/get_fps_clock/COUNT_reg[16]/C
                         clock pessimism              0.180    14.957    
                         clock uncertainty           -0.035    14.921    
    SLICE_X30Y51         FDRE (Setup_fdre_C_R)       -0.713    14.208    animate_hero/get_fps_clock/COUNT_reg[16]
  -------------------------------------------------------------------
                         required time                         14.208    
                         arrival time                          -8.627    
  -------------------------------------------------------------------
                         slack                                  5.581    

Slack (MET) :             5.581ns  (required time - arrival time)
  Source:                 animate_hero/get_fps_clock/COUNT_reg[0]/C
                            (rising edge-triggered cell FDRE clocked by sys_clk_pin  {rise@0.000ns fall@5.000ns period=10.000ns})
  Destination:            animate_hero/get_fps_clock/COUNT_reg[17]/R
                            (rising edge-triggered cell FDRE clocked by sys_clk_pin  {rise@0.000ns fall@5.000ns period=10.000ns})
  Path Group:             sys_clk_pin
  Path Type:              Setup (Max at Slow Process Corner)
  Requirement:            10.000ns  (sys_clk_pin rise@10.000ns - sys_clk_pin rise@0.000ns)
  Data Path Delay:        3.540ns  (logic 1.516ns (42.826%)  route 2.024ns (57.174%))
  Logic Levels:           4  (CARRY4=3 LUT3=1)
  Clock Path Skew:        -0.131ns (DCD - SCD + CPR)
    Destination Clock Delay (DCD):    4.777ns = ( 14.777 - 10.000 ) 
    Source Clock Delay      (SCD):    5.087ns
    Clock Pessimism Removal (CPR):    0.180ns
  Clock Uncertainty:      0.035ns  ((TSJ^2 + TIJ^2)^1/2 + DJ) / 2 + PE
    Total System Jitter     (TSJ):    0.071ns
    Total Input Jitter      (TIJ):    0.000ns
    Discrete Jitter          (DJ):    0.000ns
    Phase Error              (PE):    0.000ns

    Location             Delay type                Incr(ns)  Path(ns)    Netlist Resource(s)
  -------------------------------------------------------------------    -------------------
                         (clock sys_clk_pin rise edge)
                                                      0.000     0.000 r  
    W5                                                0.000     0.000 r  clk (IN)
                         net (fo=0)                   0.000     0.000    clk
    W5                   IBUF (Prop_ibuf_I_O)         1.458     1.458 r  clk_IBUF_inst/O
                         net (fo=1, routed)           1.967     3.425    clk_IBUF
    BUFGCTRL_X0Y0        BUFG (Prop_bufg_I_O)         0.096     3.521 r  clk_IBUF_BUFG_inst/O
                         net (fo=176, routed)         1.566     5.087    animate_hero/get_fps_clock/clk_IBUF_BUFG
    SLICE_X30Y47         FDRE                                         r  animate_hero/get_fps_clock/COUNT_reg[0]/C
  -------------------------------------------------------------------    -------------------
    SLICE_X30Y47         FDRE (Prop_fdre_C_Q)         0.518     5.605 r  animate_hero/get_fps_clock/COUNT_reg[0]/Q
                         net (fo=3, routed)           0.955     6.561    animate_hero/get_fps_clock/COUNT_reg[0]
    SLICE_X31Y48         LUT3 (Prop_lut3_I2_O)        0.124     6.685 r  animate_hero/get_fps_clock/COUNT[0]_i_16/O
                         net (fo=1, routed)           0.000     6.685    animate_hero/get_fps_clock/COUNT[0]_i_16_n_0
    SLICE_X31Y48         CARRY4 (Prop_carry4_S[0]_CO[3])
                                                      0.532     7.217 r  animate_hero/get_fps_clock/COUNT_reg[0]_i_8/CO[3]
                         net (fo=1, routed)           0.000     7.217    animate_hero/get_fps_clock/COUNT_reg[0]_i_8_n_0
    SLICE_X31Y49         CARRY4 (Prop_carry4_CI_CO[3])
                                                      0.114     7.331 r  animate_hero/get_fps_clock/COUNT_reg[0]_i_3/CO[3]
                         net (fo=1, routed)           0.001     7.331    animate_hero/get_fps_clock/COUNT_reg[0]_i_3_n_0
    SLICE_X31Y50         CARRY4 (Prop_carry4_CI_CO[2])
                                                      0.228     7.559 r  animate_hero/get_fps_clock/COUNT_reg[0]_i_1/CO[2]
                         net (fo=32, routed)          1.068     8.627    animate_hero/get_fps_clock/clear
    SLICE_X30Y51         FDRE                                         r  animate_hero/get_fps_clock/COUNT_reg[17]/R
  -------------------------------------------------------------------    -------------------

                         (clock sys_clk_pin rise edge)
                                                     10.000    10.000 r  
    W5                                                0.000    10.000 r  clk (IN)
                         net (fo=0)                   0.000    10.000    clk
    W5                   IBUF (Prop_ibuf_I_O)         1.388    11.388 r  clk_IBUF_inst/O
                         net (fo=1, routed)           1.862    13.250    clk_IBUF
    BUFGCTRL_X0Y0        BUFG (Prop_bufg_I_O)         0.091    13.341 r  clk_IBUF_BUFG_inst/O
                         net (fo=176, routed)         1.436    14.777    animate_hero/get_fps_clock/clk_IBUF_BUFG
    SLICE_X30Y51         FDRE                                         r  animate_hero/get_fps_clock/COUNT_reg[17]/C
                         clock pessimism              0.180    14.957    
                         clock uncertainty           -0.035    14.921    
    SLICE_X30Y51         FDRE (Setup_fdre_C_R)       -0.713    14.208    animate_hero/get_fps_clock/COUNT_reg[17]
  -------------------------------------------------------------------
                         required time                         14.208    
                         arrival time                          -8.627    
  -------------------------------------------------------------------
                         slack                                  5.581    





Min Delay Paths
--------------------------------------------------------------------------------------
Slack (MET) :             0.103ns  (arrival time - required time)
  Source:                 nolabel_line82/nolabel_line36/COUNT_reg[3]/C
                            (rising edge-triggered cell FDRE clocked by sys_clk_pin  {rise@0.000ns fall@5.000ns period=10.000ns})
  Destination:            nolabel_line82/nolabel_line36/COUNT_reg[4]/D
                            (rising edge-triggered cell FDRE clocked by sys_clk_pin  {rise@0.000ns fall@5.000ns period=10.000ns})
  Path Group:             sys_clk_pin
  Path Type:              Hold (Min at Fast Process Corner)
  Requirement:            0.000ns  (sys_clk_pin rise@0.000ns - sys_clk_pin rise@0.000ns)
  Data Path Delay:        0.476ns  (logic 0.355ns (74.570%)  route 0.121ns (25.430%))
  Logic Levels:           2  (CARRY4=2)
  Clock Path Skew:        0.268ns (DCD - SCD - CPR)
    Destination Clock Delay (DCD):    1.959ns
    Source Clock Delay      (SCD):    1.447ns
    Clock Pessimism Removal (CPR):    0.244ns

    Location             Delay type                Incr(ns)  Path(ns)    Netlist Resource(s)
  -------------------------------------------------------------------    -------------------
                         (clock sys_clk_pin rise edge)
                                                      0.000     0.000 r  
    W5                                                0.000     0.000 r  clk (IN)
                         net (fo=0)                   0.000     0.000    clk
    W5                   IBUF (Prop_ibuf_I_O)         0.226     0.226 r  clk_IBUF_inst/O
                         net (fo=1, routed)           0.631     0.858    clk_IBUF
    BUFGCTRL_X0Y0        BUFG (Prop_bufg_I_O)         0.026     0.884 r  clk_IBUF_BUFG_inst/O
                         net (fo=176, routed)         0.564     1.447    nolabel_line82/nolabel_line36/clk_IBUF_BUFG
    SLICE_X29Y49         FDRE                                         r  nolabel_line82/nolabel_line36/COUNT_reg[3]/C
  -------------------------------------------------------------------    -------------------
    SLICE_X29Y49         FDRE (Prop_fdre_C_Q)         0.141     1.588 r  nolabel_line82/nolabel_line36/COUNT_reg[3]/Q
                         net (fo=3, routed)           0.120     1.708    nolabel_line82/nolabel_line36/COUNT_reg[3]
    SLICE_X29Y49         CARRY4 (Prop_carry4_S[3]_CO[3])
                                                      0.160     1.868 r  nolabel_line82/nolabel_line36/COUNT_reg[0]_i_2__1/CO[3]
                         net (fo=1, routed)           0.001     1.869    nolabel_line82/nolabel_line36/COUNT_reg[0]_i_2__1_n_0
    SLICE_X29Y50         CARRY4 (Prop_carry4_CI_O[0])
                                                      0.054     1.923 r  nolabel_line82/nolabel_line36/COUNT_reg[4]_i_1__2/O[0]
                         net (fo=1, routed)           0.000     1.923    nolabel_line82/nolabel_line36/COUNT_reg[4]_i_1__2_n_7
    SLICE_X29Y50         FDRE                                         r  nolabel_line82/nolabel_line36/COUNT_reg[4]/D
  -------------------------------------------------------------------    -------------------

                         (clock sys_clk_pin rise edge)
                                                      0.000     0.000 r  
    W5                                                0.000     0.000 r  clk (IN)
                         net (fo=0)                   0.000     0.000    clk
    W5                   IBUF (Prop_ibuf_I_O)         0.414     0.414 r  clk_IBUF_inst/O
                         net (fo=1, routed)           0.685     1.099    clk_IBUF
    BUFGCTRL_X0Y0        BUFG (Prop_bufg_I_O)         0.029     1.128 r  clk_IBUF_BUFG_inst/O
                         net (fo=176, routed)         0.832     1.959    nolabel_line82/nolabel_line36/clk_IBUF_BUFG
    SLICE_X29Y50         FDRE                                         r  nolabel_line82/nolabel_line36/COUNT_reg[4]/C
                         clock pessimism             -0.244     1.715    
    SLICE_X29Y50         FDRE (Hold_fdre_C_D)         0.105     1.820    nolabel_line82/nolabel_line36/COUNT_reg[4]
  -------------------------------------------------------------------
                         required time                         -1.820    
                         arrival time                           1.923    
  -------------------------------------------------------------------
                         slack                                  0.103    

Slack (MET) :             0.111ns  (arrival time - required time)
  Source:                 animate_hero/get_fps_clock/COUNT_reg[10]/C
                            (rising edge-triggered cell FDRE clocked by sys_clk_pin  {rise@0.000ns fall@5.000ns period=10.000ns})
  Destination:            animate_hero/get_fps_clock/COUNT_reg[12]/D
                            (rising edge-triggered cell FDRE clocked by sys_clk_pin  {rise@0.000ns fall@5.000ns period=10.000ns})
  Path Group:             sys_clk_pin
  Path Type:              Hold (Min at Fast Process Corner)
  Requirement:            0.000ns  (sys_clk_pin rise@0.000ns - sys_clk_pin rise@0.000ns)
  Data Path Delay:        0.512ns  (logic 0.373ns (72.803%)  route 0.139ns (27.197%))
  Logic Levels:           2  (CARRY4=2)
  Clock Path Skew:        0.267ns (DCD - SCD - CPR)
    Destination Clock Delay (DCD):    1.958ns
    Source Clock Delay      (SCD):    1.447ns
    Clock Pessimism Removal (CPR):    0.244ns

    Location             Delay type                Incr(ns)  Path(ns)    Netlist Resource(s)
  -------------------------------------------------------------------    -------------------
                         (clock sys_clk_pin rise edge)
                                                      0.000     0.000 r  
    W5                                                0.000     0.000 r  clk (IN)
                         net (fo=0)                   0.000     0.000    clk
    W5                   IBUF (Prop_ibuf_I_O)         0.226     0.226 r  clk_IBUF_inst/O
                         net (fo=1, routed)           0.631     0.858    clk_IBUF
    BUFGCTRL_X0Y0        BUFG (Prop_bufg_I_O)         0.026     0.884 r  clk_IBUF_BUFG_inst/O
                         net (fo=176, routed)         0.564     1.447    animate_hero/get_fps_clock/clk_IBUF_BUFG
    SLICE_X30Y49         FDRE                                         r  animate_hero/get_fps_clock/COUNT_reg[10]/C
  -------------------------------------------------------------------    -------------------
    SLICE_X30Y49         FDRE (Prop_fdre_C_Q)         0.164     1.611 r  animate_hero/get_fps_clock/COUNT_reg[10]/Q
                         net (fo=3, routed)           0.139     1.750    animate_hero/get_fps_clock/COUNT_reg[10]
    SLICE_X30Y49         CARRY4 (Prop_carry4_S[2]_CO[3])
                                                      0.156     1.906 r  animate_hero/get_fps_clock/COUNT_reg[8]_i_1/CO[3]
                         net (fo=1, routed)           0.001     1.906    animate_hero/get_fps_clock/COUNT_reg[8]_i_1_n_0
    SLICE_X30Y50         CARRY4 (Prop_carry4_CI_O[0])
                                                      0.053     1.959 r  animate_hero/get_fps_clock/COUNT_reg[12]_i_1/O[0]
                         net (fo=1, routed)           0.000     1.959    animate_hero/get_fps_clock/COUNT_reg[12]_i_1_n_7
    SLICE_X30Y50         FDRE                                         r  animate_hero/get_fps_clock/COUNT_reg[12]/D
  -------------------------------------------------------------------    -------------------

                         (clock sys_clk_pin rise edge)
                                                      0.000     0.000 r  
    W5                                                0.000     0.000 r  clk (IN)
                         net (fo=0)                   0.000     0.000    clk
    W5                   IBUF (Prop_ibuf_I_O)         0.414     0.414 r  clk_IBUF_inst/O
                         net (fo=1, routed)           0.685     1.099    clk_IBUF
    BUFGCTRL_X0Y0        BUFG (Prop_bufg_I_O)         0.029     1.128 r  clk_IBUF_BUFG_inst/O
                         net (fo=176, routed)         0.830     1.958    animate_hero/get_fps_clock/clk_IBUF_BUFG
    SLICE_X30Y50         FDRE                                         r  animate_hero/get_fps_clock/COUNT_reg[12]/C
                         clock pessimism             -0.244     1.714    
    SLICE_X30Y50         FDRE (Hold_fdre_C_D)         0.134     1.848    animate_hero/get_fps_clock/COUNT_reg[12]
  -------------------------------------------------------------------
                         required time                         -1.848    
                         arrival time                           1.959    
  -------------------------------------------------------------------
                         slack                                  0.111    

Slack (MET) :             0.113ns  (arrival time - required time)
  Source:                 clk_6p25MHz/COUNT_reg[19]/C
                            (rising edge-triggered cell FDRE clocked by sys_clk_pin  {rise@0.000ns fall@5.000ns period=10.000ns})
  Destination:            clk_6p25MHz/COUNT_reg[20]/D
                            (rising edge-triggered cell FDRE clocked by sys_clk_pin  {rise@0.000ns fall@5.000ns period=10.000ns})
  Path Group:             sys_clk_pin
  Path Type:              Hold (Min at Fast Process Corner)
  Requirement:            0.000ns  (sys_clk_pin rise@0.000ns - sys_clk_pin rise@0.000ns)
  Data Path Delay:        0.485ns  (logic 0.355ns (73.219%)  route 0.130ns (26.781%))
  Logic Levels:           2  (CARRY4=2)
  Clock Path Skew:        0.267ns (DCD - SCD - CPR)
    Destination Clock Delay (DCD):    1.958ns
    Source Clock Delay      (SCD):    1.447ns
    Clock Pessimism Removal (CPR):    0.244ns

    Location             Delay type                Incr(ns)  Path(ns)    Netlist Resource(s)
  -------------------------------------------------------------------    -------------------
                         (clock sys_clk_pin rise edge)
                                                      0.000     0.000 r  
    W5                                                0.000     0.000 r  clk (IN)
                         net (fo=0)                   0.000     0.000    clk
    W5                   IBUF (Prop_ibuf_I_O)         0.226     0.226 r  clk_IBUF_inst/O
                         net (fo=1, routed)           0.631     0.858    clk_IBUF
    BUFGCTRL_X0Y0        BUFG (Prop_bufg_I_O)         0.026     0.884 r  clk_IBUF_BUFG_inst/O
                         net (fo=176, routed)         0.564     1.447    clk_6p25MHz/clk_IBUF_BUFG
    SLICE_X37Y49         FDRE                                         r  clk_6p25MHz/COUNT_reg[19]/C
  -------------------------------------------------------------------    -------------------
    SLICE_X37Y49         FDRE (Prop_fdre_C_Q)         0.141     1.588 r  clk_6p25MHz/COUNT_reg[19]/Q
                         net (fo=3, routed)           0.129     1.717    clk_6p25MHz/COUNT_reg[19]
    SLICE_X37Y49         CARRY4 (Prop_carry4_S[3]_CO[3])
                                                      0.160     1.877 r  clk_6p25MHz/COUNT_reg[16]_i_1__1/CO[3]
                         net (fo=1, routed)           0.001     1.878    clk_6p25MHz/COUNT_reg[16]_i_1__1_n_0
    SLICE_X37Y50         CARRY4 (Prop_carry4_CI_O[0])
                                                      0.054     1.932 r  clk_6p25MHz/COUNT_reg[20]_i_1__1/O[0]
                         net (fo=1, routed)           0.000     1.932    clk_6p25MHz/COUNT_reg[20]_i_1__1_n_7
    SLICE_X37Y50         FDRE                                         r  clk_6p25MHz/COUNT_reg[20]/D
  -------------------------------------------------------------------    -------------------

                         (clock sys_clk_pin rise edge)
                                                      0.000     0.000 r  
    W5                                                0.000     0.000 r  clk (IN)
                         net (fo=0)                   0.000     0.000    clk
    W5                   IBUF (Prop_ibuf_I_O)         0.414     0.414 r  clk_IBUF_inst/O
                         net (fo=1, routed)           0.685     1.099    clk_IBUF
    BUFGCTRL_X0Y0        BUFG (Prop_bufg_I_O)         0.029     1.128 r  clk_IBUF_BUFG_inst/O
                         net (fo=176, routed)         0.830     1.958    clk_6p25MHz/clk_IBUF_BUFG
    SLICE_X37Y50         FDRE                                         r  clk_6p25MHz/COUNT_reg[20]/C
                         clock pessimism             -0.244     1.714    
    SLICE_X37Y50         FDRE (Hold_fdre_C_D)         0.105     1.819    clk_6p25MHz/COUNT_reg[20]
  -------------------------------------------------------------------
                         required time                         -1.819    
                         arrival time                           1.932    
  -------------------------------------------------------------------
                         slack                                  0.113    

Slack (MET) :             0.114ns  (arrival time - required time)
  Source:                 nolabel_line82/nolabel_line36/COUNT_reg[3]/C
                            (rising edge-triggered cell FDRE clocked by sys_clk_pin  {rise@0.000ns fall@5.000ns period=10.000ns})
  Destination:            nolabel_line82/nolabel_line36/COUNT_reg[6]/D
                            (rising edge-triggered cell FDRE clocked by sys_clk_pin  {rise@0.000ns fall@5.000ns period=10.000ns})
  Path Group:             sys_clk_pin
  Path Type:              Hold (Min at Fast Process Corner)
  Requirement:            0.000ns  (sys_clk_pin rise@0.000ns - sys_clk_pin rise@0.000ns)
  Data Path Delay:        0.487ns  (logic 0.366ns (75.144%)  route 0.121ns (24.856%))
  Logic Levels:           2  (CARRY4=2)
  Clock Path Skew:        0.268ns (DCD - SCD - CPR)
    Destination Clock Delay (DCD):    1.959ns
    Source Clock Delay      (SCD):    1.447ns
    Clock Pessimism Removal (CPR):    0.244ns

    Location             Delay type                Incr(ns)  Path(ns)    Netlist Resource(s)
  -------------------------------------------------------------------    -------------------
                         (clock sys_clk_pin rise edge)
                                                      0.000     0.000 r  
    W5                                                0.000     0.000 r  clk (IN)
                         net (fo=0)                   0.000     0.000    clk
    W5                   IBUF (Prop_ibuf_I_O)         0.226     0.226 r  clk_IBUF_inst/O
                         net (fo=1, routed)           0.631     0.858    clk_IBUF
    BUFGCTRL_X0Y0        BUFG (Prop_bufg_I_O)         0.026     0.884 r  clk_IBUF_BUFG_inst/O
                         net (fo=176, routed)         0.564     1.447    nolabel_line82/nolabel_line36/clk_IBUF_BUFG
    SLICE_X29Y49         FDRE                                         r  nolabel_line82/nolabel_line36/COUNT_reg[3]/C
  -------------------------------------------------------------------    -------------------
    SLICE_X29Y49         FDRE (Prop_fdre_C_Q)         0.141     1.588 r  nolabel_line82/nolabel_line36/COUNT_reg[3]/Q
                         net (fo=3, routed)           0.120     1.708    nolabel_line82/nolabel_line36/COUNT_reg[3]
    SLICE_X29Y49         CARRY4 (Prop_carry4_S[3]_CO[3])
                                                      0.160     1.868 r  nolabel_line82/nolabel_line36/COUNT_reg[0]_i_2__1/CO[3]
                         net (fo=1, routed)           0.001     1.869    nolabel_line82/nolabel_line36/COUNT_reg[0]_i_2__1_n_0
    SLICE_X29Y50         CARRY4 (Prop_carry4_CI_O[2])
                                                      0.065     1.934 r  nolabel_line82/nolabel_line36/COUNT_reg[4]_i_1__2/O[2]
                         net (fo=1, routed)           0.000     1.934    nolabel_line82/nolabel_line36/COUNT_reg[4]_i_1__2_n_5
    SLICE_X29Y50         FDRE                                         r  nolabel_line82/nolabel_line36/COUNT_reg[6]/D
  -------------------------------------------------------------------    -------------------

                         (clock sys_clk_pin rise edge)
                                                      0.000     0.000 r  
    W5                                                0.000     0.000 r  clk (IN)
                         net (fo=0)                   0.000     0.000    clk
    W5                   IBUF (Prop_ibuf_I_O)         0.414     0.414 r  clk_IBUF_inst/O
                         net (fo=1, routed)           0.685     1.099    clk_IBUF
    BUFGCTRL_X0Y0        BUFG (Prop_bufg_I_O)         0.029     1.128 r  clk_IBUF_BUFG_inst/O
                         net (fo=176, routed)         0.832     1.959    nolabel_line82/nolabel_line36/clk_IBUF_BUFG
    SLICE_X29Y50         FDRE                                         r  nolabel_line82/nolabel_line36/COUNT_reg[6]/C
                         clock pessimism             -0.244     1.715    
    SLICE_X29Y50         FDRE (Hold_fdre_C_D)         0.105     1.820    nolabel_line82/nolabel_line36/COUNT_reg[6]
  -------------------------------------------------------------------
                         required time                         -1.820    
                         arrival time                           1.934    
  -------------------------------------------------------------------
                         slack                                  0.114    

Slack (MET) :             0.124ns  (arrival time - required time)
  Source:                 clk_6p25MHz/COUNT_reg[19]/C
                            (rising edge-triggered cell FDRE clocked by sys_clk_pin  {rise@0.000ns fall@5.000ns period=10.000ns})
  Destination:            clk_6p25MHz/COUNT_reg[22]/D
                            (rising edge-triggered cell FDRE clocked by sys_clk_pin  {rise@0.000ns fall@5.000ns period=10.000ns})
  Path Group:             sys_clk_pin
  Path Type:              Hold (Min at Fast Process Corner)
  Requirement:            0.000ns  (sys_clk_pin rise@0.000ns - sys_clk_pin rise@0.000ns)
  Data Path Delay:        0.496ns  (logic 0.366ns (73.813%)  route 0.130ns (26.187%))
  Logic Levels:           2  (CARRY4=2)
  Clock Path Skew:        0.267ns (DCD - SCD - CPR)
    Destination Clock Delay (DCD):    1.958ns
    Source Clock Delay      (SCD):    1.447ns
    Clock Pessimism Removal (CPR):    0.244ns

    Location             Delay type                Incr(ns)  Path(ns)    Netlist Resource(s)
  -------------------------------------------------------------------    -------------------
                         (clock sys_clk_pin rise edge)
                                                      0.000     0.000 r  
    W5                                                0.000     0.000 r  clk (IN)
                         net (fo=0)                   0.000     0.000    clk
    W5                   IBUF (Prop_ibuf_I_O)         0.226     0.226 r  clk_IBUF_inst/O
                         net (fo=1, routed)           0.631     0.858    clk_IBUF
    BUFGCTRL_X0Y0        BUFG (Prop_bufg_I_O)         0.026     0.884 r  clk_IBUF_BUFG_inst/O
                         net (fo=176, routed)         0.564     1.447    clk_6p25MHz/clk_IBUF_BUFG
    SLICE_X37Y49         FDRE                                         r  clk_6p25MHz/COUNT_reg[19]/C
  -------------------------------------------------------------------    -------------------
    SLICE_X37Y49         FDRE (Prop_fdre_C_Q)         0.141     1.588 r  clk_6p25MHz/COUNT_reg[19]/Q
                         net (fo=3, routed)           0.129     1.717    clk_6p25MHz/COUNT_reg[19]
    SLICE_X37Y49         CARRY4 (Prop_carry4_S[3]_CO[3])
                                                      0.160     1.877 r  clk_6p25MHz/COUNT_reg[16]_i_1__1/CO[3]
                         net (fo=1, routed)           0.001     1.878    clk_6p25MHz/COUNT_reg[16]_i_1__1_n_0
    SLICE_X37Y50         CARRY4 (Prop_carry4_CI_O[2])
                                                      0.065     1.943 r  clk_6p25MHz/COUNT_reg[20]_i_1__1/O[2]
                         net (fo=1, routed)           0.000     1.943    clk_6p25MHz/COUNT_reg[20]_i_1__1_n_5
    SLICE_X37Y50         FDRE                                         r  clk_6p25MHz/COUNT_reg[22]/D
  -------------------------------------------------------------------    -------------------

                         (clock sys_clk_pin rise edge)
                                                      0.000     0.000 r  
    W5                                                0.000     0.000 r  clk (IN)
                         net (fo=0)                   0.000     0.000    clk
    W5                   IBUF (Prop_ibuf_I_O)         0.414     0.414 r  clk_IBUF_inst/O
                         net (fo=1, routed)           0.685     1.099    clk_IBUF
    BUFGCTRL_X0Y0        BUFG (Prop_bufg_I_O)         0.029     1.128 r  clk_IBUF_BUFG_inst/O
                         net (fo=176, routed)         0.830     1.958    clk_6p25MHz/clk_IBUF_BUFG
    SLICE_X37Y50         FDRE                                         r  clk_6p25MHz/COUNT_reg[22]/C
                         clock pessimism             -0.244     1.714    
    SLICE_X37Y50         FDRE (Hold_fdre_C_D)         0.105     1.819    clk_6p25MHz/COUNT_reg[22]
  -------------------------------------------------------------------
                         required time                         -1.819    
                         arrival time                           1.943    
  -------------------------------------------------------------------
                         slack                                  0.124    

Slack (MET) :             0.124ns  (arrival time - required time)
  Source:                 animate_hero/get_fps_clock/COUNT_reg[10]/C
                            (rising edge-triggered cell FDRE clocked by sys_clk_pin  {rise@0.000ns fall@5.000ns period=10.000ns})
  Destination:            animate_hero/get_fps_clock/COUNT_reg[14]/D
                            (rising edge-triggered cell FDRE clocked by sys_clk_pin  {rise@0.000ns fall@5.000ns period=10.000ns})
  Path Group:             sys_clk_pin
  Path Type:              Hold (Min at Fast Process Corner)
  Requirement:            0.000ns  (sys_clk_pin rise@0.000ns - sys_clk_pin rise@0.000ns)
  Data Path Delay:        0.525ns  (logic 0.386ns (73.476%)  route 0.139ns (26.524%))
  Logic Levels:           2  (CARRY4=2)
  Clock Path Skew:        0.267ns (DCD - SCD - CPR)
    Destination Clock Delay (DCD):    1.958ns
    Source Clock Delay      (SCD):    1.447ns
    Clock Pessimism Removal (CPR):    0.244ns

    Location             Delay type                Incr(ns)  Path(ns)    Netlist Resource(s)
  -------------------------------------------------------------------    -------------------
                         (clock sys_clk_pin rise edge)
                                                      0.000     0.000 r  
    W5                                                0.000     0.000 r  clk (IN)
                         net (fo=0)                   0.000     0.000    clk
    W5                   IBUF (Prop_ibuf_I_O)         0.226     0.226 r  clk_IBUF_inst/O
                         net (fo=1, routed)           0.631     0.858    clk_IBUF
    BUFGCTRL_X0Y0        BUFG (Prop_bufg_I_O)         0.026     0.884 r  clk_IBUF_BUFG_inst/O
                         net (fo=176, routed)         0.564     1.447    animate_hero/get_fps_clock/clk_IBUF_BUFG
    SLICE_X30Y49         FDRE                                         r  animate_hero/get_fps_clock/COUNT_reg[10]/C
  -------------------------------------------------------------------    -------------------
    SLICE_X30Y49         FDRE (Prop_fdre_C_Q)         0.164     1.611 r  animate_hero/get_fps_clock/COUNT_reg[10]/Q
                         net (fo=3, routed)           0.139     1.750    animate_hero/get_fps_clock/COUNT_reg[10]
    SLICE_X30Y49         CARRY4 (Prop_carry4_S[2]_CO[3])
                                                      0.156     1.906 r  animate_hero/get_fps_clock/COUNT_reg[8]_i_1/CO[3]
                         net (fo=1, routed)           0.001     1.906    animate_hero/get_fps_clock/COUNT_reg[8]_i_1_n_0
    SLICE_X30Y50         CARRY4 (Prop_carry4_CI_O[2])
                                                      0.066     1.972 r  animate_hero/get_fps_clock/COUNT_reg[12]_i_1/O[2]
                         net (fo=1, routed)           0.000     1.972    animate_hero/get_fps_clock/COUNT_reg[12]_i_1_n_5
    SLICE_X30Y50         FDRE                                         r  animate_hero/get_fps_clock/COUNT_reg[14]/D
  -------------------------------------------------------------------    -------------------

                         (clock sys_clk_pin rise edge)
                                                      0.000     0.000 r  
    W5                                                0.000     0.000 r  clk (IN)
                         net (fo=0)                   0.000     0.000    clk
    W5                   IBUF (Prop_ibuf_I_O)         0.414     0.414 r  clk_IBUF_inst/O
                         net (fo=1, routed)           0.685     1.099    clk_IBUF
    BUFGCTRL_X0Y0        BUFG (Prop_bufg_I_O)         0.029     1.128 r  clk_IBUF_BUFG_inst/O
                         net (fo=176, routed)         0.830     1.958    animate_hero/get_fps_clock/clk_IBUF_BUFG
    SLICE_X30Y50         FDRE                                         r  animate_hero/get_fps_clock/COUNT_reg[14]/C
                         clock pessimism             -0.244     1.714    
    SLICE_X30Y50         FDRE (Hold_fdre_C_D)         0.134     1.848    animate_hero/get_fps_clock/COUNT_reg[14]
  -------------------------------------------------------------------
                         required time                         -1.848    
                         arrival time                           1.972    
  -------------------------------------------------------------------
                         slack                                  0.124    

Slack (MET) :             0.139ns  (arrival time - required time)
  Source:                 nolabel_line82/nolabel_line36/COUNT_reg[3]/C
                            (rising edge-triggered cell FDRE clocked by sys_clk_pin  {rise@0.000ns fall@5.000ns period=10.000ns})
  Destination:            nolabel_line82/nolabel_line36/COUNT_reg[5]/D
                            (rising edge-triggered cell FDRE clocked by sys_clk_pin  {rise@0.000ns fall@5.000ns period=10.000ns})
  Path Group:             sys_clk_pin
  Path Type:              Hold (Min at Fast Process Corner)
  Requirement:            0.000ns  (sys_clk_pin rise@0.000ns - sys_clk_pin rise@0.000ns)
  Data Path Delay:        0.512ns  (logic 0.391ns (76.358%)  route 0.121ns (23.642%))
  Logic Levels:           2  (CARRY4=2)
  Clock Path Skew:        0.268ns (DCD - SCD - CPR)
    Destination Clock Delay (DCD):    1.959ns
    Source Clock Delay      (SCD):    1.447ns
    Clock Pessimism Removal (CPR):    0.244ns

    Location             Delay type                Incr(ns)  Path(ns)    Netlist Resource(s)
  -------------------------------------------------------------------    -------------------
                         (clock sys_clk_pin rise edge)
                                                      0.000     0.000 r  
    W5                                                0.000     0.000 r  clk (IN)
                         net (fo=0)                   0.000     0.000    clk
    W5                   IBUF (Prop_ibuf_I_O)         0.226     0.226 r  clk_IBUF_inst/O
                         net (fo=1, routed)           0.631     0.858    clk_IBUF
    BUFGCTRL_X0Y0        BUFG (Prop_bufg_I_O)         0.026     0.884 r  clk_IBUF_BUFG_inst/O
                         net (fo=176, routed)         0.564     1.447    nolabel_line82/nolabel_line36/clk_IBUF_BUFG
    SLICE_X29Y49         FDRE                                         r  nolabel_line82/nolabel_line36/COUNT_reg[3]/C
  -------------------------------------------------------------------    -------------------
    SLICE_X29Y49         FDRE (Prop_fdre_C_Q)         0.141     1.588 r  nolabel_line82/nolabel_line36/COUNT_reg[3]/Q
                         net (fo=3, routed)           0.120     1.708    nolabel_line82/nolabel_line36/COUNT_reg[3]
    SLICE_X29Y49         CARRY4 (Prop_carry4_S[3]_CO[3])
                                                      0.160     1.868 r  nolabel_line82/nolabel_line36/COUNT_reg[0]_i_2__1/CO[3]
                         net (fo=1, routed)           0.001     1.869    nolabel_line82/nolabel_line36/COUNT_reg[0]_i_2__1_n_0
    SLICE_X29Y50         CARRY4 (Prop_carry4_CI_O[1])
                                                      0.090     1.959 r  nolabel_line82/nolabel_line36/COUNT_reg[4]_i_1__2/O[1]
                         net (fo=1, routed)           0.000     1.959    nolabel_line82/nolabel_line36/COUNT_reg[4]_i_1__2_n_6
    SLICE_X29Y50         FDRE                                         r  nolabel_line82/nolabel_line36/COUNT_reg[5]/D
  -------------------------------------------------------------------    -------------------

                         (clock sys_clk_pin rise edge)
                                                      0.000     0.000 r  
    W5                                                0.000     0.000 r  clk (IN)
                         net (fo=0)                   0.000     0.000    clk
    W5                   IBUF (Prop_ibuf_I_O)         0.414     0.414 r  clk_IBUF_inst/O
                         net (fo=1, routed)           0.685     1.099    clk_IBUF
    BUFGCTRL_X0Y0        BUFG (Prop_bufg_I_O)         0.029     1.128 r  clk_IBUF_BUFG_inst/O
                         net (fo=176, routed)         0.832     1.959    nolabel_line82/nolabel_line36/clk_IBUF_BUFG
    SLICE_X29Y50         FDRE                                         r  nolabel_line82/nolabel_line36/COUNT_reg[5]/C
                         clock pessimism             -0.244     1.715    
    SLICE_X29Y50         FDRE (Hold_fdre_C_D)         0.105     1.820    nolabel_line82/nolabel_line36/COUNT_reg[5]
  -------------------------------------------------------------------
                         required time                         -1.820    
                         arrival time                           1.959    
  -------------------------------------------------------------------
                         slack                                  0.139    

Slack (MET) :             0.139ns  (arrival time - required time)
  Source:                 nolabel_line82/nolabel_line36/COUNT_reg[3]/C
                            (rising edge-triggered cell FDRE clocked by sys_clk_pin  {rise@0.000ns fall@5.000ns period=10.000ns})
  Destination:            nolabel_line82/nolabel_line36/COUNT_reg[7]/D
                            (rising edge-triggered cell FDRE clocked by sys_clk_pin  {rise@0.000ns fall@5.000ns period=10.000ns})
  Path Group:             sys_clk_pin
  Path Type:              Hold (Min at Fast Process Corner)
  Requirement:            0.000ns  (sys_clk_pin rise@0.000ns - sys_clk_pin rise@0.000ns)
  Data Path Delay:        0.512ns  (logic 0.391ns (76.358%)  route 0.121ns (23.642%))
  Logic Levels:           2  (CARRY4=2)
  Clock Path Skew:        0.268ns (DCD - SCD - CPR)
    Destination Clock Delay (DCD):    1.959ns
    Source Clock Delay      (SCD):    1.447ns
    Clock Pessimism Removal (CPR):    0.244ns

    Location             Delay type                Incr(ns)  Path(ns)    Netlist Resource(s)
  -------------------------------------------------------------------    -------------------
                         (clock sys_clk_pin rise edge)
                                                      0.000     0.000 r  
    W5                                                0.000     0.000 r  clk (IN)
                         net (fo=0)                   0.000     0.000    clk
    W5                   IBUF (Prop_ibuf_I_O)         0.226     0.226 r  clk_IBUF_inst/O
                         net (fo=1, routed)           0.631     0.858    clk_IBUF
    BUFGCTRL_X0Y0        BUFG (Prop_bufg_I_O)         0.026     0.884 r  clk_IBUF_BUFG_inst/O
                         net (fo=176, routed)         0.564     1.447    nolabel_line82/nolabel_line36/clk_IBUF_BUFG
    SLICE_X29Y49         FDRE                                         r  nolabel_line82/nolabel_line36/COUNT_reg[3]/C
  -------------------------------------------------------------------    -------------------
    SLICE_X29Y49         FDRE (Prop_fdre_C_Q)         0.141     1.588 r  nolabel_line82/nolabel_line36/COUNT_reg[3]/Q
                         net (fo=3, routed)           0.120     1.708    nolabel_line82/nolabel_line36/COUNT_reg[3]
    SLICE_X29Y49         CARRY4 (Prop_carry4_S[3]_CO[3])
                                                      0.160     1.868 r  nolabel_line82/nolabel_line36/COUNT_reg[0]_i_2__1/CO[3]
                         net (fo=1, routed)           0.001     1.869    nolabel_line82/nolabel_line36/COUNT_reg[0]_i_2__1_n_0
    SLICE_X29Y50         CARRY4 (Prop_carry4_CI_O[3])
                                                      0.090     1.959 r  nolabel_line82/nolabel_line36/COUNT_reg[4]_i_1__2/O[3]
                         net (fo=1, routed)           0.000     1.959    nolabel_line82/nolabel_line36/COUNT_reg[4]_i_1__2_n_4
    SLICE_X29Y50         FDRE                                         r  nolabel_line82/nolabel_line36/COUNT_reg[7]/D
  -------------------------------------------------------------------    -------------------

                         (clock sys_clk_pin rise edge)
                                                      0.000     0.000 r  
    W5                                                0.000     0.000 r  clk (IN)
                         net (fo=0)                   0.000     0.000    clk
    W5                   IBUF (Prop_ibuf_I_O)         0.414     0.414 r  clk_IBUF_inst/O
                         net (fo=1, routed)           0.685     1.099    clk_IBUF
    BUFGCTRL_X0Y0        BUFG (Prop_bufg_I_O)         0.029     1.128 r  clk_IBUF_BUFG_inst/O
                         net (fo=176, routed)         0.832     1.959    nolabel_line82/nolabel_line36/clk_IBUF_BUFG
    SLICE_X29Y50         FDRE                                         r  nolabel_line82/nolabel_line36/COUNT_reg[7]/C
                         clock pessimism             -0.244     1.715    
    SLICE_X29Y50         FDRE (Hold_fdre_C_D)         0.105     1.820    nolabel_line82/nolabel_line36/COUNT_reg[7]
  -------------------------------------------------------------------
                         required time                         -1.820    
                         arrival time                           1.959    
  -------------------------------------------------------------------
                         slack                                  0.139    

Slack (MET) :             0.142ns  (arrival time - required time)
  Source:                 nolabel_line82/nolabel_line36/COUNT_reg[3]/C
                            (rising edge-triggered cell FDRE clocked by sys_clk_pin  {rise@0.000ns fall@5.000ns period=10.000ns})
  Destination:            nolabel_line82/nolabel_line36/COUNT_reg[8]/D
                            (rising edge-triggered cell FDRE clocked by sys_clk_pin  {rise@0.000ns fall@5.000ns period=10.000ns})
  Path Group:             sys_clk_pin
  Path Type:              Hold (Min at Fast Process Corner)
  Requirement:            0.000ns  (sys_clk_pin rise@0.000ns - sys_clk_pin rise@0.000ns)
  Data Path Delay:        0.515ns  (logic 0.394ns (76.495%)  route 0.121ns (23.505%))
  Logic Levels:           3  (CARRY4=3)
  Clock Path Skew:        0.268ns (DCD - SCD - CPR)
    Destination Clock Delay (DCD):    1.959ns
    Source Clock Delay      (SCD):    1.447ns
    Clock Pessimism Removal (CPR):    0.244ns

    Location             Delay type                Incr(ns)  Path(ns)    Netlist Resource(s)
  -------------------------------------------------------------------    -------------------
                         (clock sys_clk_pin rise edge)
                                                      0.000     0.000 r  
    W5                                                0.000     0.000 r  clk (IN)
                         net (fo=0)                   0.000     0.000    clk
    W5                   IBUF (Prop_ibuf_I_O)         0.226     0.226 r  clk_IBUF_inst/O
                         net (fo=1, routed)           0.631     0.858    clk_IBUF
    BUFGCTRL_X0Y0        BUFG (Prop_bufg_I_O)         0.026     0.884 r  clk_IBUF_BUFG_inst/O
                         net (fo=176, routed)         0.564     1.447    nolabel_line82/nolabel_line36/clk_IBUF_BUFG
    SLICE_X29Y49         FDRE                                         r  nolabel_line82/nolabel_line36/COUNT_reg[3]/C
  -------------------------------------------------------------------    -------------------
    SLICE_X29Y49         FDRE (Prop_fdre_C_Q)         0.141     1.588 r  nolabel_line82/nolabel_line36/COUNT_reg[3]/Q
                         net (fo=3, routed)           0.120     1.708    nolabel_line82/nolabel_line36/COUNT_reg[3]
    SLICE_X29Y49         CARRY4 (Prop_carry4_S[3]_CO[3])
                                                      0.160     1.868 r  nolabel_line82/nolabel_line36/COUNT_reg[0]_i_2__1/CO[3]
                         net (fo=1, routed)           0.001     1.869    nolabel_line82/nolabel_line36/COUNT_reg[0]_i_2__1_n_0
    SLICE_X29Y50         CARRY4 (Prop_carry4_CI_CO[3])
                                                      0.039     1.908 r  nolabel_line82/nolabel_line36/COUNT_reg[4]_i_1__2/CO[3]
                         net (fo=1, routed)           0.000     1.908    nolabel_line82/nolabel_line36/COUNT_reg[4]_i_1__2_n_0
    SLICE_X29Y51         CARRY4 (Prop_carry4_CI_O[0])
                                                      0.054     1.962 r  nolabel_line82/nolabel_line36/COUNT_reg[8]_i_1__2/O[0]
                         net (fo=1, routed)           0.000     1.962    nolabel_line82/nolabel_line36/COUNT_reg[8]_i_1__2_n_7
    SLICE_X29Y51         FDRE                                         r  nolabel_line82/nolabel_line36/COUNT_reg[8]/D
  -------------------------------------------------------------------    -------------------

                         (clock sys_clk_pin rise edge)
                                                      0.000     0.000 r  
    W5                                                0.000     0.000 r  clk (IN)
                         net (fo=0)                   0.000     0.000    clk
    W5                   IBUF (Prop_ibuf_I_O)         0.414     0.414 r  clk_IBUF_inst/O
                         net (fo=1, routed)           0.685     1.099    clk_IBUF
    BUFGCTRL_X0Y0        BUFG (Prop_bufg_I_O)         0.029     1.128 r  clk_IBUF_BUFG_inst/O
                         net (fo=176, routed)         0.832     1.959    nolabel_line82/nolabel_line36/clk_IBUF_BUFG
    SLICE_X29Y51         FDRE                                         r  nolabel_line82/nolabel_line36/COUNT_reg[8]/C
                         clock pessimism             -0.244     1.715    
    SLICE_X29Y51         FDRE (Hold_fdre_C_D)         0.105     1.820    nolabel_line82/nolabel_line36/COUNT_reg[8]
  -------------------------------------------------------------------
                         required time                         -1.820    
                         arrival time                           1.962    
  -------------------------------------------------------------------
                         slack                                  0.142    

Slack (MET) :             0.147ns  (arrival time - required time)
  Source:                 animate_hero/get_fps_clock/COUNT_reg[10]/C
                            (rising edge-triggered cell FDRE clocked by sys_clk_pin  {rise@0.000ns fall@5.000ns period=10.000ns})
  Destination:            animate_hero/get_fps_clock/COUNT_reg[13]/D
                            (rising edge-triggered cell FDRE clocked by sys_clk_pin  {rise@0.000ns fall@5.000ns period=10.000ns})
  Path Group:             sys_clk_pin
  Path Type:              Hold (Min at Fast Process Corner)
  Requirement:            0.000ns  (sys_clk_pin rise@0.000ns - sys_clk_pin rise@0.000ns)
  Data Path Delay:        0.548ns  (logic 0.409ns (74.588%)  route 0.139ns (25.412%))
  Logic Levels:           2  (CARRY4=2)
  Clock Path Skew:        0.267ns (DCD - SCD - CPR)
    Destination Clock Delay (DCD):    1.958ns
    Source Clock Delay      (SCD):    1.447ns
    Clock Pessimism Removal (CPR):    0.244ns

    Location             Delay type                Incr(ns)  Path(ns)    Netlist Resource(s)
  -------------------------------------------------------------------    -------------------
                         (clock sys_clk_pin rise edge)
                                                      0.000     0.000 r  
    W5                                                0.000     0.000 r  clk (IN)
                         net (fo=0)                   0.000     0.000    clk
    W5                   IBUF (Prop_ibuf_I_O)         0.226     0.226 r  clk_IBUF_inst/O
                         net (fo=1, routed)           0.631     0.858    clk_IBUF
    BUFGCTRL_X0Y0        BUFG (Prop_bufg_I_O)         0.026     0.884 r  clk_IBUF_BUFG_inst/O
                         net (fo=176, routed)         0.564     1.447    animate_hero/get_fps_clock/clk_IBUF_BUFG
    SLICE_X30Y49         FDRE                                         r  animate_hero/get_fps_clock/COUNT_reg[10]/C
  -------------------------------------------------------------------    -------------------
    SLICE_X30Y49         FDRE (Prop_fdre_C_Q)         0.164     1.611 r  animate_hero/get_fps_clock/COUNT_reg[10]/Q
                         net (fo=3, routed)           0.139     1.750    animate_hero/get_fps_clock/COUNT_reg[10]
    SLICE_X30Y49         CARRY4 (Prop_carry4_S[2]_CO[3])
                                                      0.156     1.906 r  animate_hero/get_fps_clock/COUNT_reg[8]_i_1/CO[3]
                         net (fo=1, routed)           0.001     1.906    animate_hero/get_fps_clock/COUNT_reg[8]_i_1_n_0
    SLICE_X30Y50         CARRY4 (Prop_carry4_CI_O[1])
                                                      0.089     1.995 r  animate_hero/get_fps_clock/COUNT_reg[12]_i_1/O[1]
                         net (fo=1, routed)           0.000     1.995    animate_hero/get_fps_clock/COUNT_reg[12]_i_1_n_6
    SLICE_X30Y50         FDRE                                         r  animate_hero/get_fps_clock/COUNT_reg[13]/D
  -------------------------------------------------------------------    -------------------

                         (clock sys_clk_pin rise edge)
                                                      0.000     0.000 r  
    W5                                                0.000     0.000 r  clk (IN)
                         net (fo=0)                   0.000     0.000    clk
    W5                   IBUF (Prop_ibuf_I_O)         0.414     0.414 r  clk_IBUF_inst/O
                         net (fo=1, routed)           0.685     1.099    clk_IBUF
    BUFGCTRL_X0Y0        BUFG (Prop_bufg_I_O)         0.029     1.128 r  clk_IBUF_BUFG_inst/O
                         net (fo=176, routed)         0.830     1.958    animate_hero/get_fps_clock/clk_IBUF_BUFG
    SLICE_X30Y50         FDRE                                         r  animate_hero/get_fps_clock/COUNT_reg[13]/C
                         clock pessimism             -0.244     1.714    
    SLICE_X30Y50         FDRE (Hold_fdre_C_D)         0.134     1.848    animate_hero/get_fps_clock/COUNT_reg[13]
  -------------------------------------------------------------------
                         required time                         -1.848    
                         arrival time                           1.995    
  -------------------------------------------------------------------
                         slack                                  0.147    





Pulse Width Checks
--------------------------------------------------------------------------------------
Clock Name:         sys_clk_pin
Waveform(ns):       { 0.000 5.000 }
Period(ns):         10.000
Sources:            { clk }

Check Type        Corner  Lib Pin  Reference Pin  Required(ns)  Actual(ns)  Slack(ns)  Location       Pin
Min Period        n/a     BUFG/I   n/a            2.155         10.000      7.845      BUFGCTRL_X0Y0  clk_IBUF_BUFG_inst/I
Min Period        n/a     FDRE/C   n/a            1.000         10.000      9.000      SLICE_X15Y26   draw_sq/oled_data_reg[10]/C
Min Period        n/a     FDRE/C   n/a            1.000         10.000      9.000      SLICE_X29Y27   draw_sq/oled_data_reg[15]/C
Min Period        n/a     FDRE/C   n/a            1.000         10.000      9.000      SLICE_X29Y27   draw_sq/oled_data_reg[4]/C
Min Period        n/a     FDRE/C   n/a            1.000         10.000      9.000      SLICE_X29Y49   nolabel_line82/nolabel_line36/COUNT_reg[0]/C
Min Period        n/a     FDRE/C   n/a            1.000         10.000      9.000      SLICE_X29Y51   nolabel_line82/nolabel_line36/COUNT_reg[10]/C
Min Period        n/a     FDRE/C   n/a            1.000         10.000      9.000      SLICE_X29Y51   nolabel_line82/nolabel_line36/COUNT_reg[11]/C
Min Period        n/a     FDRE/C   n/a            1.000         10.000      9.000      SLICE_X29Y52   nolabel_line82/nolabel_line36/COUNT_reg[12]/C
Min Period        n/a     FDRE/C   n/a            1.000         10.000      9.000      SLICE_X29Y52   nolabel_line82/nolabel_line36/COUNT_reg[13]/C
Min Period        n/a     FDRE/C   n/a            1.000         10.000      9.000      SLICE_X29Y52   nolabel_line82/nolabel_line36/COUNT_reg[14]/C
Low Pulse Width   Slow    FDRE/C   n/a            0.500         5.000       4.500      SLICE_X32Y48   animate_enemy/get_fps_clock/COUNT_reg[0]/C
Low Pulse Width   Slow    FDRE/C   n/a            0.500         5.000       4.500      SLICE_X32Y48   animate_enemy/get_fps_clock/COUNT_reg[1]/C
Low Pulse Width   Slow    FDRE/C   n/a            0.500         5.000       4.500      SLICE_X32Y48   animate_enemy/get_fps_clock/COUNT_reg[2]/C
Low Pulse Width   Slow    FDRE/C   n/a            0.500         5.000       4.500      SLICE_X32Y48   animate_enemy/get_fps_clock/COUNT_reg[3]/C
Low Pulse Width   Slow    FDRE/C   n/a            0.500         5.000       4.500      SLICE_X32Y49   animate_enemy/get_fps_clock/COUNT_reg[4]/C
Low Pulse Width   Slow    FDRE/C   n/a            0.500         5.000       4.500      SLICE_X32Y49   animate_enemy/get_fps_clock/COUNT_reg[5]/C
Low Pulse Width   Slow    FDRE/C   n/a            0.500         5.000       4.500      SLICE_X32Y49   animate_enemy/get_fps_clock/COUNT_reg[6]/C
Low Pulse Width   Slow    FDRE/C   n/a            0.500         5.000       4.500      SLICE_X32Y49   animate_enemy/get_fps_clock/COUNT_reg[7]/C
Low Pulse Width   Slow    FDRE/C   n/a            0.500         5.000       4.500      SLICE_X53Y36   choose_direction/y_vect_reg[0]_rep/C
Low Pulse Width   Slow    FDRE/C   n/a            0.500         5.000       4.500      SLICE_X53Y36   choose_direction/y_vect_reg[0]_rep__0/C
High Pulse Width  Slow    FDRE/C   n/a            0.500         5.000       4.500      SLICE_X29Y27   draw_sq/oled_data_reg[15]/C
High Pulse Width  Slow    FDRE/C   n/a            0.500         5.000       4.500      SLICE_X29Y27   draw_sq/oled_data_reg[4]/C
High Pulse Width  Slow    FDRE/C   n/a            0.500         5.000       4.500      SLICE_X29Y49   nolabel_line82/nolabel_line36/COUNT_reg[0]/C
High Pulse Width  Slow    FDRE/C   n/a            0.500         5.000       4.500      SLICE_X29Y51   nolabel_line82/nolabel_line36/COUNT_reg[10]/C
High Pulse Width  Slow    FDRE/C   n/a            0.500         5.000       4.500      SLICE_X29Y51   nolabel_line82/nolabel_line36/COUNT_reg[11]/C
High Pulse Width  Slow    FDRE/C   n/a            0.500         5.000       4.500      SLICE_X29Y52   nolabel_line82/nolabel_line36/COUNT_reg[12]/C
High Pulse Width  Slow    FDRE/C   n/a            0.500         5.000       4.500      SLICE_X29Y52   nolabel_line82/nolabel_line36/COUNT_reg[13]/C
High Pulse Width  Slow    FDRE/C   n/a            0.500         5.000       4.500      SLICE_X29Y52   nolabel_line82/nolabel_line36/COUNT_reg[14]/C
High Pulse Width  Slow    FDRE/C   n/a            0.500         5.000       4.500      SLICE_X29Y52   nolabel_line82/nolabel_line36/COUNT_reg[15]/C
High Pulse Width  Slow    FDRE/C   n/a            0.500         5.000       4.500      SLICE_X29Y53   nolabel_line82/nolabel_line36/COUNT_reg[16]/C



